model,threshold,observed,proxy,beta,shape_error,calibration_plus_sampling
LR_raw,0.01,0.05892124334427017,0.060700538020230684,0.0627581293203379,0.0020575913001072213,0.0017792946759605105
LR_raw,0.02,0.052141200319669415,0.05337546453435846,0.05724653458231388,0.0038710700479554216,0.0012342642146890431
LR_raw,0.03,0.046546163492962894,0.047477994803035536,0.05248520972501033,0.005007214921974791,0.0009318313100726422
LR_raw,0.04,0.04213698590489422,0.042645833744264595,0.04826916760481832,0.005623333860553727,0.0005088478393703785
LR_raw,0.05,0.03858826540171737,0.03862223712808098,0.044485265716315406,0.005863028588234426,3.3971726363608845e-05
LR_raw,0.06,0.03557368478419506,0.03519617573875652,0.04105963684028272,0.0058634611015262045,-0.0003775090454385399
LR_raw,0.07,0.03262218263604713,0.032222030207196384,0.0379394623746435,0.005717432167447113,-0.0004001524288507474
LR_raw,0.08,0.029974593323291467,0.029647608875214136,0.03508472382050454,0.005437114945290401,-0.0003269844480773311
LR_raw,0.09,0.027615173746978902,0.02736543783020022,0.03246385621222844,0.005098418382028222,-0.0002497359167786817
LR_raw,0.1,0.02548889081840371,0.025350805094022044,0.030051214414758026,0.004700409320735982,-0.00013808572438166536
LR_raw,0.11,0.023185071799089376,0.023573470181243453,0.027825485019691915,0.004252014838448462,0.00038839838215407735
LR_raw,0.12,0.02227142485022141,0.021980306862139573,0.02576863469732544,0.003788327835185866,-0.00029111798808183556
LR_raw,0.13,0.02087568701539653,0.020545412504251615,0.023865183050998492,0.0033197705467468766,-0.0003302745111449165
LR_raw,0.14,0.01932027680011954,0.01926549682019212,0.022101681981294422,0.002836185161102303,-5.4779979927421785e-05
LR_raw,0.15,0.018642518221146237,0.018103820470687117,0.020466332004008297,0.00236251153332118,-0.0005386977504591196
LR_raw,0.16,0.017944487858527976,0.01705771874584653,0.018948692555746095,0.0018909738098995647,-0.0008867691126814466
LR_raw,0.17,0.016872909716490345,0.0160980711121446,0.017539458691163665,0.0014413875790190642,-0.0007748386043457435
LR_raw,0.18,0.015665071993257052,0.015219351156126458,0.016230285852561508,0.00101093469643505,-0.00044572083713059416
LR_raw,0.19,0.014388820819893724,0.014413241292706212,0.01501365020092719,0.0006004089082209778,2.442047281248777e-05
LR_raw,0.2,0.013263002518016842,0.013670037183813242,0.013882735751143894,0.00021269856733065196,0.0004070346657963995
LR_raw,0.21,0.012318608814927412,0.012981181510497581,0.012831342047595624,-0.00014983946290195692,0.0006625726955701693
LR_raw,0.22,0.011735160732295401,0.012347711446141366,0.011853807813438338,-0.0004939036327030275,0.0006125507138459649
LR_raw,0.23,0.01100236916855828,0.011757434449267284,0.010944947186853586,-0.0008124872624136973,0.0007550652807090039
LR_raw,0.24,0.010908359724526218,0.011210138953413919,0.010099995994040906,-0.001110142959373013,0.00030177922888770074
LR_raw,0.25,0.009985239211600242,0.010685536809090311,0.009314566111896369,-0.0013709706971939423,0.0007002975974900686
LR_raw,0.26,0.008854126332636362,0.010187138875586572,0.008584606415137797,-0.0016025324604487749,0.0013330125429502106
LR_raw,0.27,0.008229645039316507,0.009714216769132455,0.007906369130858158,-0.0018078476382742976,0.0014845717298159478
LR_raw,0.28,0.008214909361041163,0.00925898905139623,0.007276380670490325,-0.0019826083809059043,0.0010440796903550664
LR_raw,0.29,0.007686127182474897,0.008832690228401016,0.006691416197258536,-0.0021412740311424795,0.0011465630459261186
LR_raw,0.3,0.0070206775077835265,0.008434287424733098,0.006148477331991193,-0.0022858100927419054,0.0014136099169495715
LR_cal,0.01,0.05892562860523267,0.059636358926005786,0.061697503978194075,0.0020611450521882888,0.0007107303207731161
LR_cal,0.02,0.05218372840149345,0.05231115105085848,0.05618753577697693,0.0038763847261184536,0.00012742264936502906
LR_cal,0.03,0.046642838153191736,0.04642940483519458,0.05143438390586533,0.005004979070670747,-0.00021343331799715537
LR_cal,0.04,0.042296170877832766,0.041621805343916546,0.047231381034934274,0.005609575691017728,-0.00067436553391622
LR_cal,0.05,0.038510577041718654,0.03762963413515836,0.043464296389222404,0.005834662254064045,-0.0008809429065602947
LR_cal,0.06,0.03563280183410648,0.03423484698715279,0.040058475802761055,0.005823628815608266,-0.0013979548469536876
LR_cal,0.07,0.032606310820563526,0.031295042389441224,0.036960495984152936,0.005665453594711711,-0.001311268431122302
LR_cal,0.08,0.03018977617208587,0.02875538650673773,0.03412985567715018,0.005374469170412448,-0.0014343896653481424
LR_cal,0.09,0.027558878561743893,0.026508260072254295,0.031534594376150644,0.005026334303896349,-0.0010506184894895979
LR_cal,0.1,0.025421357799581292,0.024530663995171696,0.029148736842801753,0.004618072847630057,-0.0008906938044095959
LR_cal,0.11,0.023332387003872142,0.022789440657284176,0.026950690446567237,0.004161249789283061,-0.0005429463465879657
LR_cal,0.12,0.022472708328399916,0.02122541950303339,0.02492218330863817,0.0036967638056047795,-0.0012472888253665243
LR_cal,0.13,0.02060921436477212,0.0198262446964946,0.023047529718066676,0.003221285021572075,-0.0007829696682775181
LR_cal,0.14,0.019556530184903612,0.018578290153096748,0.021313103904971067,0.002734813751874319,-0.0009782400318068644
LR_cal,0.15,0.018790636859067674,0.01744671075567123,0.01970695204620103,0.0022602412905297978,-0.001343926103396443
LR_cal,0.16,0.01770054205584292,0.016428305157999923,0.0182184991717326,0.0017901940137326766,-0.0012722368978429974
LR_cal,0.17,0.016972291353483746,0.015495242229774758,0.016838323132154515,0.0013430809023797577,-0.0014770491237089886
LR_cal,0.18,0.015245755479175007,0.01464180022844652,0.015557977140573144,0.0009161769121266237,-0.0006039552507284864
LR_cal,0.19,0.014280553599241914,0.013860454918634229,0.014369848259981081,0.0005093933413468522,-0.0004200986806076855
LR_cal,0.2,0.013328123643309887,0.01313839168414346,0.01326704299363913,0.00012865130949567087,-0.00018973195916642711
LR_cal,0.21,0.01228233882109331,0.01247219169445601,0.012243293652010183,-0.00022889804244582805,0.00018985287336270064
LR_cal,0.22,0.011717349826232347,0.0118603158722275,0.011292880882541564,-0.000567434989685936,0.00014296604599515345
LR_cal,0.23,0.011286534078927931,0.011290167055185119,0.010410568939854105,-0.0008795981153310144,3.632976257187878e-06
LR_cal,0.24,0.010661584933942043,0.010755437836298067,0.009591551118482975,-0.0011638867178150915,9.385290235602341e-05
LR_cal,0.25,0.009551098376313277,0.010243882986105804,0.008831403379521352,-0.0014124796065844523,0.0006927846097925273
LR_cal,0.26,0.008755564629490132,0.009760029561460546,0.008126044648836716,-0.0016339849126238305,0.001004464931970414
LR_cal,0.27,0.008473477563244802,0.009296389864455966,0.007471702596171522,-0.0018246872682844435,0.000822912301211164
LR_cal,0.28,0.00807984332339633,0.00885806884755908,0.00686488395407036,-0.001993184893488721,0.0007782255241627501
LR_cal,0.29,0.007500241529056253,0.008450926924340449,0.006302348625711036,-0.002148578298629413,0.0009506853952841957
LR_cal,0.3,0.006884233245264764,0.008068835395645116,0.005781086977119659,-0.0022877484185254565,0.0011846021503803513
HGB_raw,0.01,0.058983514049937597,0.061159681886754996,0.06334752961474399,0.002187847727988995,0.0021761678368173998
HGB_raw,0.02,0.051434170959344924,0.05413542108118736,0.05754917414197109,0.0034137530607837308,0.0027012501218424342
HGB_raw,0.03,0.04695703079893551,0.04860239640997422,0.052531070940307845,0.003928674530333624,0.0016453656110387085
HGB_raw,0.04,0.041702845069607246,0.04409026315772595,0.048089463619497244,0.003999200461771296,0.002387418088118702
HGB_raw,0.05,0.03836891003230922,0.04024319697570088,0.04410928183310981,0.0038660848574089274,0.0018742869433916662
HGB_raw,0.06,0.03475713053229361,0.036771697796831516,0.040514135202537514,0.003742437405705998,0.0020145672645379073
HGB_raw,0.07,0.03150462009876003,0.033748857374746734,0.03724867259344254,0.003499815218695808,0.002244237275986702
HGB_raw,0.08,0.02925354202294529,0.031084890344424503,0.0342704963780133,0.0031856060335887955,0.0018313483214792148
HGB_raw,0.09,0.02732988119807604,0.028682381184186978,0.0315458568207248,0.0028634756365378197,0.0013524999861109395
HGB_raw,0.1,0.025295939336053945,0.026490122373037456,0.029047119393810564,0.0025569970207731073,0.0011941830369835114
HGB_raw,0.11,0.023041658983837275,0.024462373093342097,0.026751164374515735,0.0022887912811736383,0.0014207141095048219
HGB_raw,0.12,0.021241327050131424,0.02265438858119264,0.024638319146025867,0.001983930564833227,0.001413061531061216
HGB_raw,0.13,0.02009722758660611,0.0210657079434984,0.02269161482664158,0.00162590688314318,0.0009684803568922908
HGB_raw,0.14,0.017791697207969612,0.019611212548764436,0.020896250532182012,0.0012850379834175758,0.0018195153407948236
HGB_raw,0.15,0.016696545771212892,0.01824976087094326,0.019239196103715755,0.000989435232772496,0.0015532150997303665
HGB_raw,0.16,0.01571589823738821,0.017029916576932203,0.017708890357744412,0.0006789737808122094,0.0013140183395439937
HGB_raw,0.17,0.014712666765002182,0.015914327383898058,0.016295007147183953,0.00038067976328589465,0.0012016606188958757
HGB_raw,0.18,0.013661670870420608,0.014854098690861002,0.014988270755043958,0.00013417206418295594,0.0011924278204403938
HGB_raw,0.19,0.012142008003198708,0.01384854502124951,0.01378030794809674,-6.823707315276907e-05,0.0017065370180508015
HGB_raw,0.2,0.011244247633932447,0.012927656476999224,0.012663527784265173,-0.0002641286927340513,0.001683408843066777
HGB_raw,0.21,0.009920392858987761,0.012069495014246668,0.011631022778818098,-0.0004384722354285695,0.0021491021552589064
HGB_raw,0.22,0.009760376522554173,0.011281651001101975,0.01067648674973711,-0.0006051642513648647,0.0015212744785478016
HGB_raw,0.23,0.00911808517955952,0.01056636779826865,0.00979414585941674,-0.0007722219388519094,0.0014482826187091295
HGB_raw,0.24,0.008824483715148775,0.009911430663935137,0.008978700220958044,-0.0009327304429770922,0.001086946948786362
HGB_raw,0.25,0.008422332204567161,0.009285050153555326,0.008225274053020834,-0.0010597761005344923,0.0008627179489881648
HGB_raw,0.26,0.007779334426898895,0.008690426077297655,0.007529372819559599,-0.0011610532577380562,0.0009110916503987602
HGB_raw,0.27,0.0077740945190016885,0.00814829088661171,0.006886846127822288,-0.0012614447587894224,0.00037419636761002167
HGB_raw,0.28,0.007756649590460478,0.0076347292611987135,0.006293855412372378,-0.0013408738488263358,-0.00012192032926176474
HGB_raw,0.29,0.007091782264307388,0.007145823619483261,0.005746845627150728,-0.001398977992332533,5.404135517587255e-05
HGB_raw,0.3,0.006152395837209592,0.006694598566213876,0.005242520317547931,-0.0014520782486659445,0.0005422027290042835
HGB_cal,0.01,0.05912998176608492,0.05934698706651493,0.06159740155587008,0.002250414489355153,0.00021700530043000654
HGB_cal,0.02,0.05132253474455685,0.0525285441106772,0.05593189757710034,0.003403353466423141,0.0012060093661203503
HGB_cal,0.03,0.04685767073147808,0.04715499130644601,0.051042998920416256,0.0038880076139702485,0.00029732057496793113
HGB_cal,0.04,0.041883737084310146,0.04276838286287253,0.04672365227690907,0.0039552694140365385,0.0008846457785623846
HGB_cal,0.05,0.03836434012877988,0.039029252578491984,0.04285793626845735,0.003828683689965369,0.0006649124497121045
HGB_cal,0.06,0.03513954394890809,0.0356409814803403,0.039369382313998814,0.003728400833658517,0.0005014375314322042
HGB_cal,0.07,0.03141965920411248,0.03273733469906008,0.03620286379260162,0.0034655290935415375,0.001317675494947601
HGB_cal,0.08,0.029359245878493413,0.030168996488105188,0.03331633464737487,0.0031473381592696838,0.0008097506096117757
HGB_cal,0.09,0.027551245316288293,0.027823092009271105,0.030676447373894272,0.002853355364623167,0.0002718466929828127
HGB_cal,0.1,0.025392415077228826,0.02569887532472504,0.028255984003767456,0.002557108679042415,0.00030646024749621595
HGB_cal,0.11,0.022730443418766396,0.023735217117142365,0.026032237545860176,0.0022970204287178116,0.0010047736983759686
HGB_cal,0.12,0.021316315012590084,0.022018659111189824,0.023985935069504565,0.001967275958314741,0.0007023440985997401
HGB_cal,0.13,0.019496416591565292,0.020493891129847966,0.022100489768687927,0.0016065986388399608,0.0009974745382826736
HGB_cal,0.14,0.018199587667169462,0.019075994749149384,0.020361463178108982,0.0012854684289595984,0.000876407081979922
HGB_cal,0.15,0.016502459280143423,0.017771016064666592,0.018756167251290975,0.0009851511866243827,0.0012685567845231692
HGB_cal,0.16,0.015624935395709036,0.016599110062665665,0.01727336274289786,0.0006742526802321971,0.0009741746669566283
HGB_cal,0.17,0.014578763085684756,0.015516194170289068,0.01590302583555712,0.0003868316652680531,0.0009374310846043121
HGB_cal,0.18,0.012990340895854909,0.014474488262703672,0.014636164331443791,0.00016167606874011899,0.001484147366848763
HGB_cal,0.19,0.012256706939928844,0.013506849602326808,0.013464670617261528,-4.21789850652797e-05,0.0012501426623979638
HGB_cal,0.2,0.011200833550403749,0.012620100784129992,0.012381202426020574,-0.0002388983581094184,0.0014192672337262433
HGB_cal,0.21,0.01002260829615659,0.011787945909172912,0.011379084959121185,-0.000408860950051727,0.0017653376130163222
HGB_cal,0.22,0.009978560121826595,0.011029770158090414,0.010452229664911203,-0.0005775404931792107,0.0010512100362638187
HGB_cal,0.23,0.009237614864080089,0.01034874515457334,0.009595066177318513,-0.0007536789772548264,0.001111130290493251
HGB_cal,0.24,0.008637117670445976,0.009710447315061274,0.008802484775802224,-0.0009079625392590506,0.0010733296446152982
HGB_cal,0.25,0.008567045816329484,0.009097040961249974,0.008069787347600403,-0.001027253613649571,0.0005299951449204907
HGB_cal,0.26,0.00796472429710252,0.008523531144489721,0.0073926452880735604,-0.001130885856416161,0.0005588068473872006
HGB_cal,0.27,0.007889468932762883,0.00800030711213728,0.006767063113472765,-0.001233243998664515,0.00011083817937439754
HGB_cal,0.28,0.007751825803401732,0.0074955779362760565,0.006189346815694692,-0.001306231120581364,-0.00025624786712567533
HGB_cal,0.29,0.006491322686487949,0.007021516367595429,0.005656076183299473,-0.001365440184295956,0.0005301936811074803
HGB_cal,0.3,0.006301244123593695,0.006591272699859913,0.005164080463229888,-0.0014271922366300245,0.00029002857626621737
