status,threshold,observed,observed_lo,observed_hi,observed_sim_lo,observed_sim_hi,proxy,proxy_lo,proxy_hi,proxy_sim_lo,proxy_sim_hi,beta,beta_lo,beta_hi,beta_sim_lo,beta_sim_hi,shape_reversal,outcome_reversal,shape_reversal_joint,outcome_reversal_joint
raw,0.01,-6.227070566742349e-05,-0.000603039161257452,0.0003758826434002271,-0.0024288849109985124,0.0023043434996636654,-0.00045914386652431277,-0.0011757621055862987,0.00028407102373969434,-0.0028257580718554017,0.0019074703388067761,-0.0005894002944060867,-0.0014095432204183004,0.00024129770711762375,-0.0029560144997371756,0.0017772139109250022,False,False,False,False
raw,0.02,0.0007070293603244904,2.0156538781184084e-05,0.0015231698305787462,-0.0016595848450065985,0.0030736435656555793,-0.0007599565468289007,-0.0014657777447329551,-1.5352294777370182e-05,-0.0031265707521599896,0.0016066576585021882,-0.00030263955965720984,-0.0011986855434016495,0.0006071164226834468,-0.0026692537649882987,0.002063974645673879,False,True,False,False
raw,0.03,-0.00041086730597261756,-0.0010965412850031631,0.00033616822823097364,-0.0027774815113037065,0.0019557468993584713,-0.001124401606938684,-0.001839944709964765,-0.0004079784515097018,-0.003491015812269773,0.001242212598392405,-4.586121529751713e-05,-0.0010306644304096083,0.0009126361475488139,-0.002412475420628606,0.0023207529900335718,False,False,False,False
raw,0.04,0.00043414083528697106,-0.000709458481664785,0.0014531960001157695,-0.0019324733700441178,0.00280075504061806,-0.0014444294134613525,-0.0021905388359723258,-0.0007373753719798231,-0.0038110436187924414,0.0009221847918697364,0.000179703985321078,-0.0008766611672951089,0.001173898544654603,-0.002186910220010011,0.002546318190652167,True,False,False,False
raw,0.05,0.0002193553694081543,-0.0010739273293940768,0.0013324696215662902,-0.0021472588359229346,0.002585969574739243,-0.001620959847619903,-0.002370666359475116,-0.0009165368136924535,-0.0039875740529509915,0.0007456543577111859,0.00037598388320559534,-0.000745528494170986,0.0013927801129459164,-0.0019906303221254936,0.0027425980885366842,True,False,False,False
raw,0.06,0.0008165542519014482,-0.00064146617673412,0.0022356867461421426,-0.0015500599534296407,0.003183168457232537,-0.001575522058074999,-0.002322597938591786,-0.00087979118435973,-0.0039421362634060875,0.0007910921472560899,0.0005455016377452077,-0.0006279157698843733,0.0015781438754258917,-0.0018211125675858812,0.0029121158430762966,True,False,False,False
raw,0.07,0.0011175625372870993,1.3467702255944365e-05,0.0022549181621184587,-0.0012490516680439896,0.003484176742618188,-0.00152682716755035,-0.002271332961144063,-0.0008316560841454697,-0.003893441372881439,0.0008397870377807389,0.0006907897812009553,-0.0005140477981964463,0.0017506634161216334,-0.0016758244241301336,0.003057403986532044,True,False,False,False
raw,0.08,0.0007210513003461788,-0.00017205190059307394,0.001845381685296969,-0.00164556290498491,0.0030876655056772677,-0.001437281469210367,-0.0021973932418340343,-0.0007452694680778691,-0.003803895674541456,0.0009293327361207218,0.0008142274424912388,-0.0004089930532934663,0.0018829801108024159,-0.00155238676283985,0.0031808416478223277,True,False,False,False
raw,0.09,0.0002852925489028636,-0.0009075928846702442,0.0015642428249878111,-0.0020813216564282253,0.0026519067542339525,-0.0013169433539867575,-0.00206060766604495,-0.0006249942321423414,-0.0036835575593178464,0.0010496708513443313,0.0009179993915036447,-0.0003116120267946628,0.0019982827193604285,-0.0014486148138274442,0.0032846135968347336,True,False,False,False
raw,0.1,0.00019295148234976453,-0.0012541846352734608,0.00148162619509324,-0.0021736627229813244,0.0025595656876808534,-0.0011393172790154123,-0.0018852934189226296,-0.0004286666469270956,-0.003505931484346501,0.0012272969263156766,0.0010040950209474625,-0.00022208339391641333,0.0020977468979704707,-0.0013625191843836264,0.0033707092262785514,True,False,False,False
raw,0.11,0.00014341281525210095,-0.0011493512765203935,0.0015286879288360243,-0.002223201390078988,0.00251002702058319,-0.0008889029120986436,-0.0016550544256690159,-0.00017599986100684883,-0.0032555171174297325,0.0014777112932324453,0.00107432064517618,-0.00014300380669029489,0.002166343958936839,-0.001292293560154909,0.003440934850507269,True,False,False,False
raw,0.12,0.0010300978000899845,-0.0002622605318619921,0.002621421298160029,-0.0013365164052411044,0.0033967120054210734,-0.0006740817190530671,-0.001450272942160185,4.0421685376635306e-05,-0.003040695924384156,0.0016925324862780218,0.0011303155512995718,-7.345701630378394e-05,0.0022173513223169095,-0.0012362986540315171,0.0034969297566306607,True,False,False,False
raw,0.13,0.000778459428790422,-0.0006342448294824558,0.0022902925111204946,-0.0015881547765406669,0.003145073634121511,-0.0005202954392467853,-0.0012978104945306134,0.0001897115337838638,-0.002886909644577874,0.0018463187660843036,0.0011735682243569114,-1.2594869487632025e-05,0.002257616026612408,-0.0011930459809741775,0.0035401824296880002,True,False,False,False
raw,0.14,0.0015285795921499284,5.931575365839536e-05,0.002966494423814342,-0.0008380346131811604,0.0038951937974810173,-0.00034571572857231697,-0.0011198916991799488,0.00035739748244759253,-0.002712329933903406,0.002020898476758772,0.0012054314491124103,4.0365960321411914e-05,0.00228180817451592,-0.0011611827562186786,0.003572045654443499,True,False,False,False
raw,0.15,0.0019459724499333447,0.00042098892174738953,0.003507474883675793,-0.00042064175539774417,0.004312586655264433,-0.00014594040025614138,-0.0009125211732973423,0.0005582461866524264,-0.0025125546055872303,0.0022206738050749475,0.0012271359002925426,8.605554993216689e-05,0.0022891959450999405,-0.0011394783050385463,0.0035937501056236315,True,False,False,False
raw,0.16,0.0022285896211397677,0.0006902839281062756,0.0037651380774589936,-0.00013802458419132123,0.004595203826470856,2.7802168914327352e-05,-0.0007346609881866019,0.000716410397457452,-0.0023388120364167615,0.0023944163742454162,0.0012398021980016827,0.00012502987442283001,0.0022825902188763694,-0.0011268120073294062,0.0036064164033327716,False,False,False,False
raw,0.17,0.0021602429514881623,0.0006529635081090184,0.0037307604996699474,-0.0002063712538429266,0.004526857156819251,0.00018374372824654303,-0.0005810924740523596,0.0008674576281355637,-0.002182870477084546,0.002550357933577632,0.0012444515439797126,0.00015812434691307362,0.002265860118660978,-0.0011221626613513763,0.0036110657493108014,False,False,False,False
raw,0.18,0.0020034011228364443,0.00031946412196604473,0.003508122669140212,-0.0003632130824946446,0.004370015328167533,0.0003652524652654563,-0.0004093173074806204,0.0010515469525525089,-0.0020013617400656326,0.002731866670596545,0.0012420150975175504,0.00018192951676184447,0.0022408778278507537,-0.0011245991078135385,0.0036086293028486393,False,False,False,False
raw,0.19,0.0022468128166950162,0.0006055460687743405,0.0038300601258258065,-0.00011980138863607265,0.004613427022026105,0.0005646962714567026,-0.00021271322888386646,0.0012574240225225808,-0.0018019179338743863,0.0029313104767877914,0.0012333422528304494,0.00019980032788413524,0.0022122904714464812,-0.0011332719525006395,0.0035999564581615383,False,False,False,False
raw,0.2,0.0020187548840843953,0.00034622731614135653,0.0036158504818963252,-0.0003478593212466936,0.004385369089415484,0.0007423807068140179,-3.2514505861088756e-05,0.0014293566872250211,-0.001624233498517071,0.0031089949121451067,0.0012192079668787211,0.00021394797442760957,0.002178038358650357,-0.0011474062384523678,0.00358582217220981,False,False,False,False
raw,0.21,0.0023982159559396508,0.0005635862450994297,0.004122716776410875,3.1601750608561876e-05,0.004764830161270739,0.0009116864962509137,0.0001465128267931742,0.0015939306192724236,-0.0014549277090801752,0.0032783007015820026,0.0012003192687775263,0.00022466045540697933,0.0021372590173248385,-0.0011662949365535626,0.003566933474108615,False,False,False,False
raw,0.22,0.001974784209741228,0.00023849916400059545,0.0036929800540115693,-0.0003918299955898608,0.004341398415072317,0.0010660604450393914,0.0002985058696584387,0.0017592014416086604,-0.0013005537602916975,0.0034326746503704803,0.0011773210637012286,0.0002324892950528742,0.0020872064404846534,-0.0011892931416298603,0.0035439352690323175,False,False,False,False
raw,0.23,0.0018842839889987601,0.0002476858038202145,0.003416857519488415,-0.0004823302163323288,0.004250898194329849,0.0011910666509986345,0.00041446966419617136,0.0018930602022474605,-0.0011755475543324544,0.0035576808563297234,0.0011508013274368466,0.0002377578406854164,0.0020324279235926553,-0.0012158128778942423,0.0035174155327679355,False,False,False,False
raw,0.24,0.0020838760093774434,0.000495606037756543,0.0035558419361767287,-0.0002827381959536455,0.004450490214708532,0.001298708289478782,0.0005237804822853144,0.002012550303731869,-0.0010679059158523068,0.003665322494809871,0.0011212957730828612,0.00024076247200665216,0.001973929938889207,-0.0012453184322482277,0.00348790997841395,False,False,False,False
raw,0.25,0.0015629070070330812,2.8942722352464853e-05,0.0030541807762438132,-0.0008037071982980076,0.00392952121236417,0.001400486655534985,0.0006291680675616594,0.0021123857249379396,-0.0009661275497961038,0.003767100860866074,0.001089292058875535,0.000241774619222301,0.001912384588223612,-0.0012773221464555539,0.003455906264206624,False,False,False,False
raw,0.26,0.0010747919057374662,-0.0006490992164344595,0.002734383250142562,-0.0012918222995936227,0.003441406111068555,0.0014967127982889166,0.0007444916645965553,0.0022090743352544493,-0.0008699014070421723,0.0038633270036200055,0.001055233595578198,0.0002410426172811912,0.001848402950958136,-0.001311380609752891,0.003421847800909287,False,False,False,False
raw,0.27,0.0004555505203148189,-0.0012308487393858513,0.0020938077243764716,-0.00191106368501627,0.0028221647256459078,0.001565925882520745,0.0008165583007780289,0.002293159978414995,-0.0008006883228103439,0.0039325400878518334,0.0010195230030358698,0.0002387934119382193,0.0017825398886989353,-0.0013470912022952191,0.0033861372083669587,False,False,False,False
raw,0.28,0.0004582597705806851,-0.0011485436986869635,0.0020841171987303806,-0.0019083544347504038,0.002824873975911774,0.0016242597901975162,0.0008746789602509408,0.00235181610578526,-0.0007423544151335727,0.003990873995528605,0.0009825252581179477,0.000235234131868109,0.0017153082421393388,-0.0013840889472131412,0.0033491394634490366,False,False,False,False
raw,0.29,0.0005943449181675092,-0.0010671915490511887,0.00219693606634161,-0.0017722692871635797,0.002960959123498598,0.0016868666089177552,0.0009206393195618502,0.002418123455454364,-0.0006797475964133337,0.004053480814248844,0.0009445705701078087,0.00023055353961062505,0.0016472148045204073,-0.0014220436352232802,0.0033111847754388976,False,False,False,False
raw,0.3,0.0008682816705739343,-0.0007944777285751487,0.0025180168446644097,-0.0014983325347571546,0.003234895875905023,0.0017396888585192224,0.000976767284729194,0.0024649765337170448,-0.0006269253468118665,0.004106303063850311,0.0009059570144432615,0.00022492337277248684,0.0015785930229912843,-0.0014606571908878274,0.0032725712197743504,False,False,False,False
cal,0.01,-0.00020435316085225252,-0.0008254815235799904,0.0003862099329668944,-0.0025709673661833414,0.0021622610444788364,0.00028937185949085703,-0.0004127551758715769,0.0010252627348942616,-0.002077242345840232,0.002655986064821946,0.00010010242232399297,-0.0007225485679835937,0.0009296767720790718,-0.002266511783007096,0.002466716627655082,False,True,False,False
cal,0.02,0.0008611936569365986,2.104254048584566e-05,0.0016906684528460946,-0.0015054205483944903,0.0032278078622676874,-0.00021739305981872264,-0.0009084439910871601,0.0005173342974381383,-0.0025840072651498115,0.0021492211455123662,0.00025563819987659,-0.0006506295675414932,0.0011627530351886002,-0.002110976005454499,0.002622252405207679,True,False,False,False
cal,0.03,-0.00021483257828634056,-0.0009752503918456626,0.0006395297314861284,-0.0025814467836174295,0.0021517816270447483,-0.0007255864712514271,-0.0014408450770285078,-2.2678398339010745e-05,-0.003092200676582516,0.0016410277340796618,0.00039138498544907113,-0.0006106449700669181,0.0013446361891075993,-0.0019752292198820178,0.00275799919078016,True,True,False,False
cal,0.04,0.0004124337935226194,-0.0006326698214234,0.0014998661399091178,-0.0019541804118084695,0.0027790479988537083,-0.0011465775189559851,-0.0018853431693136213,-0.0004518211995402879,-0.003513191724287074,0.0012200366863751038,0.0005077287580252041,-0.0005505126259789814,0.001493491044524039,-0.0018588854473058848,0.002874342963356293,True,False,False,False
cal,0.05,0.00014623691293877417,-0.0011470457858634606,0.0012317032487444144,-0.0022203772923923147,0.002512851118269863,-0.001399618443333625,-0.0021417627059157804,-0.0007119871383958907,-0.003766232648664714,0.0009669957619974638,0.000606360120765051,-0.0004946679309476036,0.0016153052310493845,-0.001760254084566038,0.00297297432609614,True,False,False,False
cal,0.06,0.0004932578851983838,-0.0008578438164489525,0.001790369093606307,-0.0018733563201327051,0.0028598720905294727,-0.001406134493187508,-0.0021448744897764886,-0.0007173974152007872,-0.003772748698518597,0.0009604797121435808,0.0006890934887622407,-0.0004639266733773919,0.0017183035524372082,-0.0016775207165688481,0.0030557076940933296,True,False,False,False
cal,0.07,0.0011866516164510468,0.00012034570681396153,0.0022884123609699,-0.001179962588880042,0.0035532658217821357,-0.0014422923096188561,-0.0021760680191003252,-0.000760902696132056,-0.003808906514949945,0.0009243218957122328,0.0007576321915513176,-0.00042925643607067126,0.0018135964158582736,-0.0016089820137797713,0.0031242463968824065,True,False,False,False
cal,0.08,0.0008305302935924588,-0.00019121072441117577,0.0019501417564205677,-0.00153608391173863,0.0031971444989235477,-0.0014136099813674592,-0.0021571464864546604,-0.0007396898102832075,-0.003780224186698548,0.0009530042239636297,0.0008135210297753048,-0.0003910479218289576,0.0018814875942298878,-0.001553093175555784,0.0031801352351063937,True,False,False,False
cal,0.09,7.633245455600235e-06,-0.0011716793235417885,0.0011344195441616615,-0.0023589809598754887,0.002374247450786689,-0.0013148319370168103,-0.002053159424599071,-0.0006298480535520121,-0.003681446142347899,0.0010517822683142786,0.0008581470022563722,-0.00035320524535148456,0.0019324850269094697,-0.0015084672030747166,0.003224761207587461,True,False,False,False
cal,0.1,2.8942722352466588e-05,-0.0013800854775066788,0.0013029048845667767,-0.0023376714829786223,0.0023955569276835555,-0.0011682113295533453,-0.001905033931179979,-0.0004649891369260706,-0.003534825534884434,0.0011984028757777436,0.000892752839034297,-0.000314080178591676,0.0019843784551700798,-0.0014738613662967919,0.003259367044365386,True,False,False,False
cal,0.11,0.0006019435851057457,-0.0008543550179363574,0.002062559206566161,-0.0017646706202253432,0.0029685577904368346,-0.0009457764598581886,-0.001695375311660142,-0.0002447223601802205,-0.0033123906651892775,0.0014208377454729003,0.0009184529007070612,-0.0002784258262938244,0.0020129254207968666,-0.0014481613046240277,0.00328506710603815,True,False,False,False
cal,0.12,0.0011563933158098318,-0.0002469669342552913,0.002615007854002384,-0.0012102208895212571,0.0035230075211409207,-0.0007932396081564326,-0.0015525928663286163,-8.580071371216874e-05,-0.0031598538134875215,0.0015733745971746563,0.0009362482391336059,-0.0002459813877817974,0.0020325149795266755,-0.001430365966197483,0.003302862444464695,True,False,False,False
cal,0.13,0.0011127977732068271,-0.0005146564947967973,0.0026041962955311413,-0.0012538164321242618,0.003479411978537916,-0.0006676464333533645,-0.001431338660212575,3.370396268473805e-05,-0.0030342606386844534,0.0016989677719777244,0.0009470399493787494,-0.00021650201720009373,0.0020395276794223484,-0.0014195742559523395,0.0033136541547098383,True,False,False,False
cal,0.14,0.0013569425177341506,-7.21380527471007e-05,0.002718024517851267,-0.0010096716875969383,0.0037235567230652395,-0.0004977045960526359,-0.0012577697749966894,0.00019946863598004666,-0.002864318801383725,0.001868909609278453,0.0009516407268620845,-0.0001897588452181295,0.002029396337471629,-0.0014149734784690044,0.0033182549321931734,True,False,False,False
cal,0.15,0.002288177578924251,0.0009290613875141107,0.0037440816389071926,-7.843662640683773e-05,0.00465479178425534,-0.000324305308995361,-0.0010784118554520096,0.00036660222730774516,-0.00269091951432645,0.002042308896335728,0.0009507847949100541,-0.0001659620032359315,0.0020066851809902608,-0.0014158294104210348,0.003317399000241143,True,False,False,False
cal,0.16,0.002075606660133884,0.0005991143526960141,0.0035871403349913367,-0.0002910075451972049,0.0044422208654649725,-0.00017080490466574172,-0.0009190583783950557,0.0005131820353115974,-0.0025374191099968306,0.002195809300665347,0.0009451364288347378,-0.00014863105314753767,0.0019766673437229773,-0.0014214777764963511,0.0033117506341658266,True,False,False,False
cal,0.17,0.0023935282677989903,0.0007848010954994763,0.003955258387025571,2.6914062467901356e-05,0.004760142473130079,-2.0951940514310485e-05,-0.0007677431629245429,0.0006529225445763725,-0.0023875661458453994,0.0023456622648167784,0.0009352972965973941,-0.00013291810158416633,0.0019403502654396917,-0.0014313169087336948,0.003301911501928483,True,False,False,False
cal,0.18,0.002255414583320098,0.0006488287727368029,0.003874918730953395,-0.00011119962201099108,0.004622028788651186,0.0001673119657428484,-0.0005871799201450404,0.0008479766866868254,-0.0021993022395882405,0.0025339261710739373,0.0009218128091293531,-0.00011896731230095494,0.0019001867910401204,-0.0014448013962017358,0.003288427014460442,False,False,False,False
cal,0.19,0.0020238466593130704,0.0003990879826600943,0.003512386949190516,-0.00034276754601801846,0.004390460864644159,0.0003536053163074211,-0.0004052669849043413,0.0010291145345355309,-0.0020130088890236678,0.00272021952163851,0.000905177642719553,-0.00010621432789026236,0.0018607225836503385,-0.001461436562611536,0.003271791848050642,False,False,False,False
cal,0.2,0.002127290092906138,0.0005095728054180768,0.003798732308760962,-0.00023932411242495082,0.0044939042982372265,0.0005182909000134676,-0.00023860649229473312,0.0011844840037834544,-0.0018483233053176213,0.0028849051053445565,0.0008858405676185569,-9.457208891691179e-05,0.0018185101409401829,-0.001480773637712532,0.003252454772949646,False,False,False,False
cal,0.21,0.0022597305249367206,0.0004867323263464139,0.004024100861357399,-0.00010688368039436834,0.004626344730267809,0.000684245785283099,-6.89236351906242e-05,0.001349990451073506,-0.00168236842004799,0.003050859990614188,0.0008642086928889979,-8.3959166575854e-05,0.0017737768503519056,-0.001502405512442091,0.003230822898220087,False,False,False,False
cal,0.22,0.0017387897044057517,0.00011193041279001224,0.0033716045177363224,-0.0006278245009253372,0.00410540390973684,0.0008305457141370865,7.061145916596666e-05,0.0015139609354180988,-0.0015360684911940024,0.0031971599194681754,0.0008406512176303612,-7.652977717297861e-05,0.001724124153088976,-0.0015259629877007277,0.00320726542296145,False,False,False,False
cal,0.23,0.0020489192148478424,0.00043490199129688666,0.003515441318254551,-0.0003176949904832465,0.004415533420178931,0.0009414219006117792,0.00016591529599797725,0.0016373598503397501,-0.0014251923047193097,0.003308036105942868,0.0008155027625355912,-7.013783695169662e-05,0.0016700910169419624,-0.0015511114427954977,0.00318211696786668,False,False,False,False
cal,0.24,0.0020244672634960673,0.0004253437709929942,0.0034096050232379576,-0.00034214694183502163,0.004391081468827156,0.0010449905212367924,0.0002860050149171585,0.0017435803623105008,-0.0013216236840942965,0.0034116047265678813,0.0007890663426807516,-6.421341024183635e-05,0.0016141254648647718,-0.0015775478626503373,0.0031556805480118405,False,False,False,False
cal,0.25,0.0009840525599837929,-0.0006808775433417265,0.0024463836068420587,-0.001382561645347296,0.0033506667653148818,0.0011468420248558295,0.00039996613314185526,0.0018432667716668774,-0.0012197721804752593,0.0035134562301869184,0.0007616160319209482,-5.8726677861153906e-05,0.0015566874228405386,-0.0016049981734101407,0.003128230237252037,False,False,False,False
cal,0.26,0.0007908403323876115,-0.0008566654698459854,0.002436586104207881,-0.0015757738729434774,0.0031574545377187004,0.001236498416970825,0.0005068230129586697,0.0019443665679868892,-0.001130115788360264,0.003603112622301914,0.0007333993607631555,-5.3649509143012934e-05,0.001498192580851309,-0.0016332148445679334,0.0031000135660942444,False,False,False,False
cal,0.27,0.0005840086304819189,-0.0009717915505488605,0.0021616347959716492,-0.00178260557484917,0.0029506228358130077,0.0012960827523186853,0.0005734395658305219,0.002010849583682649,-0.0010705314530124036,0.003662696957649774,0.0007046394826987568,-4.89553721494408e-05,0.0014391172376860687,-0.001661974722632332,0.0030712536880298457,False,False,False,False
cal,0.28,0.0003280175199945985,-0.0012475519280676875,0.0019155258410272747,-0.0020385966853364904,0.0026946317253256874,0.001362490911283024,0.0006319143950017634,0.0020811432705170625,-0.001004123294048065,0.003729105116614113,0.0006755371383756672,-4.397933087904047e-05,0.0013796845976052408,-0.0016910770669554217,0.003042151343706756,False,False,False,False
cal,0.29,0.0010089188425683043,-0.0005657588842947395,0.0026171354776221793,-0.0013576953627627846,0.0033755330478993932,0.0014294105567450198,0.0006789257096991581,0.0021503586089696007,-0.0009372036485860691,0.0037960247620761087,0.0006462724424115629,-3.887884924358239e-05,0.0013201934595794326,-0.001720341762919526,0.003012886647742652,False,False,False,False
cal,0.3,0.000582989121671069,-0.0010608541410833683,0.0022209404730894693,-0.00178362508366002,0.002949603327002158,0.0014775626957852029,0.0007247338729779141,0.002196981439364938,-0.000889051509545886,0.0038441769011162918,0.0006170065138897708,-3.426972567034473e-05,0.0012609176052752573,-0.001749607691441318,0.0029836207192208597,False,False,False,False
