case,rho0,rho1,corr_all,corr_y0,corr_y1
beta_control,-0.5,-0.5,-0.4027402008358035,-0.4785878581994473,-0.4861811697502317
beta_control,0.0,0.0,0.0525427838596401,-9.338817090771851e-05,0.0009995024568797
beta_control,0.0,0.9,0.2476517584307821,-9.338817090771851e-05,0.8981869441833726
beta_control,0.3,0.3,0.3314709966295485,0.2938617072937867,0.2967411642448566
beta_control,0.6,0.6,0.6148635423377936,0.5930065392123754,0.5956133320382414
beta_control,0.9,0.0,0.7076165061856545,0.8973469468404599,0.0009995024568797
beta_control,0.9,0.9,0.902848642815625,0.8973469468404599,0.8981869441833726
high_auc,-0.5,-0.5,0.3714162454396214,-0.3400363109267886,-0.3614153255730458
high_auc,0.0,0.0,0.535764872858223,-0.0004028571682332,-0.0013866113597074
high_auc,0.0,0.9,0.7950498869981039,-0.0004028571682332,0.7497735894366822
high_auc,0.3,0.3,0.6358161425974879,0.2201241150746835,0.2128474162702199
high_auc,0.6,0.6,0.7446616499296095,0.4573728654029781,0.4472348854250205
high_auc,0.9,0.0,0.621607068844675,0.727906797860994,-0.0013866113597074
high_auc,0.9,0.9,0.8808918972385379,0.727906797860994,0.7497735894366822
low_endpoint,-0.5,-0.5,-0.4100888410791103,-0.4869181238558737,-0.4952666184467433
low_endpoint,0.0,0.0,0.0530598961118735,0.0010227765605725,-0.0004507729185941
low_endpoint,0.0,0.9,0.222901483404504,0.0010227765605725,0.8951763699938489
low_endpoint,0.3,0.3,0.3322849900583204,0.2951733950194249,0.2978482413191272
low_endpoint,0.6,0.6,0.6126225819264726,0.590691290281024,0.596614009932056
low_endpoint,0.9,0.0,0.724231571459694,0.8873251023467139,-0.0004507729185941
low_endpoint,0.9,0.9,0.8937233706813229,0.8873251023467139,0.8951763699938489
