case,n,rho0,rho1,threshold,primary,method,paired_reps,wrong_change,wrong_change_mcse,loss_change,loss_change_mcse,wrong_change_low,wrong_change_high,loss_change_low,loss_change_high
beta_control,10000,-0.5,-0.5,0.2,True,beta_estimated_mean,500,0.018,0.0077117405223313,3.9476375973843055e-05,1.69128649040152e-05,0.0028852663181129622,0.03311473368188703,6.327769886582704e-06,7.26249820611034e-05
beta_control,10000,-0.5,-0.5,0.2,True,risk_only,500,0.012,0.0056369806725058,2.631758398256204e-05,1.2362642688062626e-05,0.0009517209003405639,0.02304827909965944,2.0872495602225193e-06,5.054791840490156e-05
beta_control,10000,-0.5,-0.5,0.2,True,outcome_based,500,0.07,0.0181896048183266,0.0001359741839099,3.904427247464643e-05,0.03434902966306462,0.1056509703369354,5.944881605702654e-05,0.00021249955176277346
beta_control,10000,-0.5,-0.5,0.2,True,beta_known_mean,500,0.0,0.0,0.0,0.0,0.0,0.0,0.0,0.0
beta_control,10000,0.0,0.0,0.2,True,beta_estimated_mean,500,0.0,0.0,0.0,0.0,0.0,0.0,0.0,0.0
beta_control,10000,0.0,0.0,0.2,True,risk_only,500,0.0,0.0,0.0,0.0,0.0,0.0,0.0,0.0
beta_control,10000,0.0,0.0,0.2,True,outcome_based,500,0.0,0.0,0.0,0.0,0.0,0.0,0.0,0.0
beta_control,10000,0.0,0.0,0.2,True,beta_known_mean,500,0.0,0.0,0.0,0.0,0.0,0.0,0.0,0.0
beta_control,10000,0.3,0.3,0.2,True,beta_estimated_mean,500,-0.012,0.0048743737072649,-2.631758398256204e-05,1.06901449502782e-05,-0.021553596913427925,-0.0024464030865720757,-4.726988307461946e-05,-5.36528489050462e-06
beta_control,10000,0.3,0.3,0.2,True,risk_only,500,-0.016,0.0056170367814719,-3.5090111976749384e-05,1.231890310246068e-05,-0.027009189791521403,-0.004990810208478597,-5.923471838661039e-05,-1.094550556688838e-05
beta_control,10000,0.3,0.3,0.2,True,outcome_based,500,0.01,0.0151081604779024,4.386263997093673e-06,3.3148150728889766e-05,-0.019611450409339343,0.03961145040933934,-6.0582917585633625e-05,6.935544557982097e-05
beta_control,10000,0.3,0.3,0.2,True,beta_known_mean,500,0.0,0.0,0.0,0.0,0.0,0.0,0.0,0.0
beta_control,10000,0.6,0.6,0.2,True,beta_estimated_mean,500,-0.022,0.00656644778194,-4.82489039680304e-05,1.4401086747359702e-05,-0.034870001158964964,-0.00912999884103503,-7.647451533109171e-05,-2.0023292604969085e-05
beta_control,10000,0.6,0.6,0.2,True,risk_only,500,-0.026,0.0071238682608535,-5.702143196221775e-05,1.5623583436310033e-05,-0.039962525221880464,-0.012037474778119533,-8.764309280684111e-05,-2.6399771117594395e-05
beta_control,10000,0.6,0.6,0.2,True,outcome_based,500,-0.046,0.0183423248734593,-0.0001096565999273,4.0181107630858667e-05,-0.08195029614471244,-0.010049703855287556,-0.00018841012374270835,-3.090307611189165e-05
beta_control,10000,0.6,0.6,0.2,True,beta_known_mean,500,0.0,0.0,0.0,0.0,0.0,0.0,0.0,0.0
beta_control,10000,0.9,0.9,0.2,True,beta_estimated_mean,500,-0.022,0.00656644778194,-4.82489039680304e-05,1.4401086747359702e-05,-0.034870001158964964,-0.00912999884103503,-7.647451533109171e-05,-2.0023292604969085e-05
beta_control,10000,0.9,0.9,0.2,True,risk_only,500,-0.026,0.0071238682608535,-5.702143196221775e-05,1.5623583436310033e-05,-0.039962525221880464,-0.012037474778119533,-8.764309280684111e-05,-2.6399771117594395e-05
beta_control,10000,0.9,0.9,0.2,True,outcome_based,500,-0.112,0.0207792095880041,-0.0002587895758285,4.688719936111625e-05,-0.1527265024196963,-0.07127349758030371,-0.0003506867979122348,-0.00016689235374476522
beta_control,10000,0.9,0.9,0.2,True,beta_known_mean,500,0.0,0.0,0.0,0.0,0.0,0.0,0.0,0.0
beta_control,10000,0.0,0.9,0.2,True,beta_estimated_mean,500,-0.012,0.0056369806725058,-2.631758398256204e-05,1.2362642688062626e-05,-0.02304827909965944,-0.0009517209003405639,-5.054791840490156e-05,-2.0872495602225193e-06
beta_control,10000,0.0,0.9,0.2,True,risk_only,500,-0.014,0.0052595937726507,-3.070384797965571e-05,1.1534983402158047e-05,-0.02430861436770624,-0.0036913856322937626,-5.3312000010152165e-05,-8.09569594915926e-06
beta_control,10000,0.0,0.9,0.2,True,outcome_based,500,-0.058,0.0195457430696376,-0.000144746711904,4.364719270147352e-05,-0.096308952467562,-0.019691047532438,-0.00023029363762516527,-5.919978618283475e-05
beta_control,10000,0.0,0.9,0.2,True,beta_known_mean,500,0.0,0.0,0.0,0.0,0.0,0.0,0.0,0.0
beta_control,10000,0.9,0.0,0.2,True,beta_estimated_mean,500,-0.022,0.00656644778194,-4.82489039680304e-05,1.4401086747359702e-05,-0.034870001158964964,-0.00912999884103503,-7.647451533109171e-05,-2.0023292604969085e-05
beta_control,10000,0.9,0.0,0.2,True,risk_only,500,-0.026,0.0071238682608535,-5.702143196221775e-05,1.5623583436310033e-05,-0.039962525221880464,-0.012037474778119533,-8.764309280684111e-05,-2.6399771117594395e-05
beta_control,10000,0.9,0.0,0.2,True,outcome_based,500,0.01,0.0140068691994156,8.772527994187346e-06,3.165904122999931e-05,-0.017452959167017203,0.0374529591670172,-5.327805260167825e-05,7.082310859005293e-05
beta_control,10000,0.9,0.0,0.2,True,beta_known_mean,500,0.0,0.0,0.0,0.0,0.0,0.0,0.0,0.0
low_endpoint,10000,-0.5,-0.5,0.1111111111111111,True,beta_estimated_mean,500,-0.044,0.0121829737625671,-0.0001214163350298,3.3618455091264304e-05,-0.06787818979922729,-0.020121810200772708,-0.00018730729622455343,-5.552537383504656e-05
low_endpoint,10000,-0.5,-0.5,0.1111111111111111,True,risk_only,500,0.008,0.0039879578251569,2.2075697278153173e-05,1.1004618713275834e-05,0.0001837462908280095,0.01581625370917199,5.070409365376209e-07,4.3644353619768725e-05
low_endpoint,10000,-0.5,-0.5,0.1111111111111111,True,outcome_based,500,0.006,0.0103992446156994,1.6556772958614878e-05,2.8696322007205708e-05,-0.014382144913192339,0.026382144913192337,-3.968698466427091e-05,7.280053058150067e-05
low_endpoint,10000,-0.5,-0.5,0.1111111111111111,True,beta_known_mean,500,0.0,0.0,0.0,0.0,0.0,0.0,0.0,0.0
low_endpoint,10000,0.0,0.0,0.1111111111111111,True,beta_estimated_mean,500,0.0,0.0,0.0,0.0,0.0,0.0,0.0,0.0
low_endpoint,10000,0.0,0.0,0.1111111111111111,True,risk_only,500,0.0,0.0,0.0,0.0,0.0,0.0,0.0,0.0
low_endpoint,10000,0.0,0.0,0.1111111111111111,True,outcome_based,500,0.0,0.0,0.0,0.0,0.0,0.0,0.0,0.0
low_endpoint,10000,0.0,0.0,0.1111111111111111,True,beta_known_mean,500,0.0,0.0,0.0,0.0,0.0,0.0,0.0,0.0
low_endpoint,10000,0.3,0.3,0.1111111111111111,True,beta_estimated_mean,500,0.05,0.0105462052364715,0.0001379731079884,2.910185427920242e-05,0.02932981756294871,0.0706701824370513,8.093452171783196e-05,0.000195011694258968
low_endpoint,10000,0.3,0.3,0.1111111111111111,True,risk_only,500,-0.016,0.0056170367814719,-4.4151394556306346e-05,1.5500000448503333e-05,-0.027009189791521403,-0.004990810208478597,-7.453083719572673e-05,-1.3771951916885964e-05
low_endpoint,10000,0.3,0.3,0.1111111111111111,True,outcome_based,500,-0.008,0.0069258888145669,-2.2075697278153173e-05,1.9111728106565868e-05,-0.02157449263747956,0.005574492637479559,-5.9533996049343124e-05,1.5382601493036777e-05
low_endpoint,10000,0.3,0.3,0.1111111111111111,True,beta_known_mean,500,0.0,0.0,0.0,0.0,0.0,0.0,0.0,0.0
low_endpoint,10000,0.6,0.6,0.1111111111111111,True,beta_estimated_mean,500,0.126,0.0153857545439205,0.0003476922321309,4.245640746344493e-05,0.09584447521894317,0.15615552478105685,0.00026447920258959264,0.0004309052616722073
low_endpoint,10000,0.6,0.6,0.1111111111111111,True,risk_only,500,-0.022,0.00656644778194,-6.070816751492122e-05,1.8119864178363716e-05,-0.034870001158964964,-0.00912999884103503,-9.622244870927059e-05,-2.5193886320571855e-05
low_endpoint,10000,0.6,0.6,0.1111111111111111,True,outcome_based,500,-0.018,0.0103714576732751,-4.967031887584464e-05,2.861964499105001e-05,-0.03832768350680022,0.002327683506800224,-0.00010576379230862326,6.423154556933992e-06
low_endpoint,10000,0.6,0.6,0.1111111111111111,True,beta_known_mean,500,0.0,0.0,0.0,0.0,0.0,0.0,0.0,0.0
low_endpoint,10000,0.9,0.9,0.1111111111111111,True,beta_estimated_mean,500,0.252,0.0194357272822495,0.0006953844642618,5.3632153982960494e-05,0.21390667451344947,0.29009332548655054,0.0005902673740418938,0.0008005015544817061
low_endpoint,10000,0.9,0.9,0.1111111111111111,True,risk_only,500,-0.022,0.00656644778194,-6.070816751492122e-05,1.8119864178363716e-05,-0.034870001158964964,-0.00912999884103503,-9.622244870927059e-05,-2.5193886320571855e-05
low_endpoint,10000,0.9,0.9,0.1111111111111111,True,outcome_based,500,-0.048,0.0099795381839406,-0.0001324541836689,2.7538157990555534e-05,-0.0675595354228653,-0.028440464577134707,-0.00018642798153096127,-7.848038580683873e-05
low_endpoint,10000,0.9,0.9,0.1111111111111111,True,beta_known_mean,500,0.0,0.0,0.0,0.0,0.0,0.0,0.0,0.0
low_endpoint,10000,0.0,0.9,0.1111111111111111,True,beta_estimated_mean,500,0.04,0.0131585064724371,0.0001103784863907,3.6310400689767705e-05,0.0142098012236868,0.0657901987763132,3.921140877453892e-05,0.00018154556400686107
low_endpoint,10000,0.0,0.9,0.1111111111111111,True,risk_only,500,-0.008,0.0039879578251569,-2.2075697278153173e-05,1.1004618713275834e-05,-0.01581625370917199,-0.0001837462908280095,-4.3644353619768725e-05,-5.070409365376209e-07
low_endpoint,10000,0.0,0.9,0.1111111111111111,True,outcome_based,500,-0.042,0.0102313910454762,-0.0001158974107103,2.82331364317925e-05,-0.062053157960878416,-0.021946842039121593,-0.00017123334128721747,-6.0561480133382534e-05
low_endpoint,10000,0.0,0.9,0.1111111111111111,True,beta_known_mean,500,0.0,0.0,0.0,0.0,0.0,0.0,0.0,0.0
low_endpoint,10000,0.9,0.0,0.1111111111111111,True,beta_estimated_mean,500,0.158,0.0179643378633819,0.0004359950212435,4.95719105593107e-05,0.12279054478166322,0.19320945521833677,0.00033883586190241294,0.0005331541805845871
low_endpoint,10000,0.9,0.0,0.1111111111111111,True,risk_only,500,-0.022,0.00656644778194,-6.070816751492122e-05,1.8119864178363716e-05,-0.034870001158964964,-0.00912999884103503,-9.622244870927059e-05,-2.5193886320571855e-05
low_endpoint,10000,0.9,0.0,0.1111111111111111,True,outcome_based,500,-0.01,0.0066247849437624,-2.7594621597691465e-05,1.828084336892097e-05,-0.022984339895097156,0.0029843398950971534,-6.342441620779344e-05,8.235173012410515e-06
low_endpoint,10000,0.9,0.0,0.1111111111111111,True,beta_known_mean,500,0.0,0.0,0.0,0.0,0.0,0.0,0.0,0.0
high_auc,10000,-0.5,-0.5,0.2,True,beta_estimated_mean,500,-0.03,0.0147863881509007,-0.0004917833435176,0.0002423899801133,-0.05898078823719438,-0.0010192117628056198,-0.0009668589747530348,-1.6707712282165135e-05
high_auc,10000,-0.5,-0.5,0.2,True,risk_only,500,0.0,0.0,0.0,0.0,0.0,0.0,0.0,0.0
high_auc,10000,-0.5,-0.5,0.2,True,outcome_based,500,0.0,0.0,0.0,0.0,0.0,0.0,0.0,0.0
high_auc,10000,-0.5,-0.5,0.2,True,beta_known_mean,500,-0.042,0.0120316882874388,-0.0006884966809247,0.0001972327964719,-0.0655816757165918,-0.0184183242834082,-0.001075065858579732,-0.00030192750326966803
high_auc,10000,0.0,0.0,0.2,True,beta_estimated_mean,500,0.0,0.0,0.0,0.0,0.0,0.0,0.0,0.0
high_auc,10000,0.0,0.0,0.2,True,risk_only,500,0.0,0.0,0.0,0.0,0.0,0.0,0.0,0.0
high_auc,10000,0.0,0.0,0.2,True,outcome_based,500,0.0,0.0,0.0,0.0,0.0,0.0,0.0,0.0
high_auc,10000,0.0,0.0,0.2,True,beta_known_mean,500,0.0,0.0,0.0,0.0,0.0,0.0,0.0,0.0
high_auc,10000,0.3,0.3,0.2,True,beta_estimated_mean,500,0.038,0.0130173308248506,0.0006229255684557,0.0002133902158907,0.012486500408450452,0.06351349959154955,0.00020468843065671278,0.0010411627062546873
high_auc,10000,0.3,0.3,0.2,True,risk_only,500,0.0,0.0,0.0,0.0,0.0,0.0,0.0,0.0
high_auc,10000,0.3,0.3,0.2,True,outcome_based,500,0.0,0.0,0.0,0.0,0.0,0.0,0.0,0.0
high_auc,10000,0.3,0.3,0.2,True,beta_known_mean,500,0.022,0.0103559882669869,0.0003606411185796,0.0001697634178456,0.001702635972386863,0.04229736402761314,2.7910933709808874e-05,0.0006933713034493912
high_auc,10000,0.6,0.6,0.2,True,beta_estimated_mean,500,0.068,0.0174171960267681,0.0011147089119734,0.0002855162298915,0.03386292307586134,0.10213707692413868,0.000555107384384417,0.001674310439562383
high_auc,10000,0.6,0.6,0.2,True,risk_only,500,0.0,0.0,0.0,0.0,0.0,0.0,0.0,0.0
high_auc,10000,0.6,0.6,0.2,True,outcome_based,500,0.0,0.0,0.0,0.0,0.0,0.0,0.0,0.0
high_auc,10000,0.6,0.6,0.2,True,beta_known_mean,500,0.064,0.0129670462549168,0.0010491377995044,0.000212565912093,0.038585056354498784,0.08941494364550122,0.0006325162674612245,0.0014657593315475757
high_auc,10000,0.9,0.9,0.2,True,beta_estimated_mean,500,0.158,0.0200718149530883,0.0025900589425265,0.0003290328089366,0.1186599655875955,0.1973400344124045,0.001945166487278733,0.0032349513977742673
high_auc,10000,0.9,0.9,0.2,True,risk_only,500,0.0,0.0,0.0,0.0,0.0,0.0,0.0,0.0
high_auc,10000,0.9,0.9,0.2,True,outcome_based,500,0.0,0.0,0.0,0.0,0.0,0.0,0.0,0.0
high_auc,10000,0.9,0.9,0.2,True,beta_known_mean,500,0.106,0.0137807044678877,0.0017376344804291,0.0002259040306415,0.07899031556135064,0.13300968443864936,0.0012948707164093395,0.0021803982444488605
high_auc,10000,0.0,0.9,0.2,True,beta_estimated_mean,500,0.138,0.0193561701440468,0.0022622033801814,0.0003173014023712,0.10006260363903985,0.17593739636096017,0.0016403040592898133,0.0028841027010729874
high_auc,10000,0.0,0.9,0.2,True,risk_only,500,0.0,0.0,0.0,0.0,0.0,0.0,0.0,0.0
high_auc,10000,0.0,0.9,0.2,True,outcome_based,500,0.0,0.0,0.0,0.0,0.0,0.0,0.0,0.0
high_auc,10000,0.0,0.9,0.2,True,beta_known_mean,500,0.102,0.0138410675274922,0.0016720633679601,0.0002268935488841,0.07487200613852918,0.1291279938614708,0.001227360183822798,0.002116766552097402
high_auc,10000,0.9,0.0,0.2,True,beta_estimated_mean,500,0.0,0.0098077716515801,0.0,0.000160776624509,-0.01922287920568939,0.01922287920568939,-0.0003151163935935511,0.0003151163935935511
high_auc,10000,0.9,0.0,0.2,True,risk_only,500,0.0,0.0,0.0,0.0,0.0,0.0,0.0,0.0
high_auc,10000,0.9,0.0,0.2,True,outcome_based,500,0.0,0.0,0.0,0.0,0.0,0.0,0.0,0.0
high_auc,10000,0.9,0.0,0.2,True,beta_known_mean,500,0.006,0.0087223941851214,9.835666870353954e-05,0.0001429842725279,-0.011095578461799068,0.02309557846179907,-0.0001818873558067966,0.0003786006932138757
