n,method,reversal,cells,mean_wrong,median_wrong,min_wrong,max_wrong,mean_regret,max_regret
500,beta_estimated_mean,False,145,0.2191448275862069,0.228,0.0,0.526,0.000668255236612126,0.0052737835507241
500,beta_estimated_mean,True,45,0.7212444444444445,0.73,0.494,1.0,0.0018331221473552042,0.0084043828784137
500,beta_known_mean,False,145,0.07582068965517241,0.0,0.0,0.254,0.00019409351374035093,0.0029563076167817
500,beta_known_mean,True,45,0.8920888888888888,0.87,0.768,1.0,0.0022893991857083434,0.0097789782740657
500,outcome_based,False,145,0.30271724137931033,0.322,0.006,0.514,0.0010255334465138783,0.0029925847575551
500,outcome_based,True,45,0.3205777777777778,0.338,0.05,0.478,0.0006773167758559623,0.0024297985390112
500,risk_only,False,145,0.19754482758620692,0.156,0.0,0.53,0.00031189722099029046,0.0010795057259033
500,risk_only,True,45,0.24315555555555557,0.306,0.0,0.504,0.0003979349365339445,0.0010338182740812
3000,beta_estimated_mean,False,145,0.12761379310344828,0.032,0.0,0.538,0.00030037898611652916,0.0038690841937555
3000,beta_estimated_mean,True,45,0.8256888888888889,0.95,0.492,1.0,0.0021619721440080345,0.009736032476227
3000,beta_known_mean,False,145,0.004951724137931034,0.0,0.0,0.048,1.2853495836244048e-05,0.0003822811573424
3000,beta_known_mean,True,45,0.9930666666666668,0.998,0.97,1.0,0.002577208962043942,0.0100815701632747
3000,outcome_based,False,145,0.21642758620689656,0.204,0.0,0.49,0.00035416739010653563,0.0012146898464997
3000,outcome_based,True,45,0.2448,0.276,0.0,0.492,0.0003292874959390858,0.0010585260962029
3000,risk_only,False,145,0.12122758620689655,0.014,0.0,0.532,8.94620260624538e-05,0.0004938958094662
3000,risk_only,True,45,0.14595555555555556,0.11,0.0,0.508,0.00014850332882673935,0.0005131599785831
10000,beta_estimated_mean,False,145,0.09006896551724139,0.0,0.0,0.508,0.00017500163450666258,0.0029819056525122
10000,beta_estimated_mean,True,45,0.8752,0.996,0.502,1.0,0.0023240744480135817,0.0101628731484624
10000,beta_known_mean,False,145,6.896551724137931e-05,0.0,0.0,0.002,5.767525759732898e-08,4.489764902560738e-06
10000,beta_known_mean,True,45,1.0,1.0,1.0,1.0,0.002601622701794909,0.0103200438592457
10000,outcome_based,False,145,0.15560000000000002,0.098,0.0,0.474,0.00013713072413053042,0.0006529830421426
10000,outcome_based,True,45,0.17364444444444443,0.154,0.0,0.464,0.0001465568120719847,0.000567013604947
10000,risk_only,False,145,0.08710344827586207,0.0,0.0,0.536,3.90271404441391e-05,0.0002761149471913
10000,risk_only,True,45,0.09564444444444445,0.02,0.0,0.506,5.686613222713536e-05,0.0002448561281247
