scenario_id,mu,f,ratio,k,sa,sb,eps
0,0.2,0.05,1.1,50.0,0.5,0.5,0.0
1,0.2,0.05,1.1,50.0,0.1,0.1,0.5
2,0.2,0.05,1.1,50.0,0.1,0.1,1.0
3,0.2,0.05,1.1,50.0,0.1,0.5,0.5
4,0.2,0.05,1.1,50.0,0.1,0.5,1.0
5,0.2,0.05,1.1,50.0,0.1,0.9,0.5
6,0.2,0.05,1.1,50.0,0.1,0.9,1.0
7,0.2,0.05,1.1,50.0,0.5,0.1,0.5
8,0.2,0.05,1.1,50.0,0.5,0.1,1.0
9,0.2,0.05,1.1,50.0,0.5,0.5,0.5
10,0.2,0.05,1.1,50.0,0.5,0.5,1.0
11,0.2,0.05,1.1,50.0,0.5,0.9,0.5
12,0.2,0.05,1.1,50.0,0.5,0.9,1.0
13,0.2,0.05,1.1,50.0,0.9,0.1,0.5
14,0.2,0.05,1.1,50.0,0.9,0.1,1.0
15,0.2,0.05,1.1,50.0,0.9,0.5,0.5
16,0.2,0.05,1.1,50.0,0.9,0.5,1.0
17,0.2,0.05,1.1,50.0,0.9,0.9,0.5
18,0.2,0.05,1.1,50.0,0.9,0.9,1.0
19,0.2,0.05,1.5,50.0,0.5,0.5,0.0
20,0.2,0.05,1.5,50.0,0.1,0.1,0.5
21,0.2,0.05,1.5,50.0,0.1,0.1,1.0
22,0.2,0.05,1.5,50.0,0.1,0.5,0.5
23,0.2,0.05,1.5,50.0,0.1,0.5,1.0
24,0.2,0.05,1.5,50.0,0.1,0.9,0.5
25,0.2,0.05,1.5,50.0,0.1,0.9,1.0
26,0.2,0.05,1.5,50.0,0.5,0.1,0.5
27,0.2,0.05,1.5,50.0,0.5,0.1,1.0
28,0.2,0.05,1.5,50.0,0.5,0.5,0.5
29,0.2,0.05,1.5,50.0,0.5,0.5,1.0
30,0.2,0.05,1.5,50.0,0.5,0.9,0.5
31,0.2,0.05,1.5,50.0,0.5,0.9,1.0
32,0.2,0.05,1.5,50.0,0.9,0.1,0.5
33,0.2,0.05,1.5,50.0,0.9,0.1,1.0
34,0.2,0.05,1.5,50.0,0.9,0.5,0.5
35,0.2,0.05,1.5,50.0,0.9,0.5,1.0
36,0.2,0.05,1.5,50.0,0.9,0.9,0.5
37,0.2,0.05,1.5,50.0,0.9,0.9,1.0
