grid,status,bins,threshold,lower,upper,empirical_proxy_difference,certified,interior
original,raw,5,0.01,-0.007941484674949276,0.006254985371764499,-0.00045914386652455563,False,True
original,raw,5,0.02,-0.015155804705156296,0.013526859266775632,-0.0007599565468287967,False,True
original,raw,5,0.03,-0.022518873601965486,0.02094866870601378,-0.0011244016069384896,False,True
original,raw,5,0.04,-0.03003533976745823,0.02852509917523608,-0.0014444294134609292,False,True
original,raw,5,0.05,-0.03573167841477931,0.03386465550890908,-0.001620959847619577,False,True
original,raw,5,0.06,-0.03366222825185202,0.03198537750595336,-0.001575522058074888,False,True
original,raw,5,0.07,-0.03154827378434566,0.030065684922288876,-0.0015268271675500308,False,True
original,raw,5,0.08,-0.029388363784936967,0.02810425989115345,-0.001437281469210027,False,True
original,raw,5,0.09,-0.02718098323609073,0.026099726617575494,-0.001316943353986428,False,True
original,raw,5,0.1,-0.024924549786159014,0.024050648160140242,-0.0011393172790151902,False,True
original,raw,5,0.11,-0.02261740996656593,0.021955522995796308,-0.0008889029120984042,False,True
original,raw,5,0.12,-0.020257835151072982,0.019812781350444588,-0.0006740817190528173,False,True
original,raw,5,0.13,-0.017844017236373307,0.017620781276464086,-0.0005202954392464453,False,True
original,raw,5,0.14,-0.015374064021331773,0.015377804456577049,-0.0003457157285720047,False,True
original,raw,5,0.15,-0.012845994260053985,0.013082051711516211,-0.00014594040025581179,False,True
original,raw,5,0.16,-0.010257732361602906,0.010731638186811065,2.7802168914643072e-05,False,True
original,raw,5,0.17,-0.007607102706562636,0.00832458819163109,0.00018374372824686222,False,True
original,raw,5,0.18,-0.004891823547740908,0.005858829659983326,0.00036525246526573386,False,True
original,raw,5,0.19,-0.0021095004590717253,0.0033321882016281966,0.0005646962714569662,False,True
original,raw,5,0.2,0.0007423807068141879,0.0007423807068141879,0.0007423807068142347,True,False
original,raw,5,0.21,0.0003653854570852665,0.0013172574930120032,0.00091168649625103,True,True
original,raw,5,0.22,-2.1276337508494003e-05,0.0019068747096251497,0.0010660604450394833,False,True
original,raw,5,0.23,-0.00041798129559820346,0.0025118066591373334,0.001191066650998657,False,True
original,raw,5,0.24,-0.0008251258578481618,0.003132657870478785,0.0012987082894788185,False,True
original,raw,5,0.25,-0.0012431276084247898,0.003770065114122678,0.0014004866555349972,False,True
original,raw,5,0.26,-0.0016724267036115955,0.004424699580567759,0.0014967127982888906,False,True
original,raw,5,0.27,-0.0021134874178446155,0.005097269237874347,0.0015659258825207276,False,True
original,raw,5,0.28,-0.0021737185478008375,0.005263778069030979,0.001624259790197576,False,True
original,raw,5,0.29,-0.0019102882532265131,0.005003440996222789,0.0016868666089177907,False,True
original,raw,5,0.3,-0.0016393313788072034,0.004735665721334357,0.0017396888585192267,False,True
original,raw,10,0.01,-0.006265239501481383,0.004489183399188926,-0.00045914386652455563,False,True
original,raw,10,0.02,-0.011769105273047718,0.009959218546673969,-0.0007599565468287967,False,True
original,raw,10,0.03,-0.017386452813099917,0.015542037924004055,-0.0011244016069384896,False,True
original,raw,10,0.04,-0.018049152095511882,0.014652451153191193,-0.0014444294134609292,False,True
original,raw,10,0.05,-0.015379178177117661,0.012159014032316506,-0.001620959847619577,False,True
original,raw,10,0.06,-0.012652396303012937,0.00961252505780618,-0.001575522058074888,False,True
original,raw,10,0.07,-0.009866973958497352,0.007011272879542944,-0.0015268271675500308,False,True
original,raw,10,0.08,-0.007020998954318385,0.004353471740882683,-0.001437281469210027,False,True
original,raw,10,0.09,-0.004112475048948665,0.0016372573903837458,-0.001316943353986428,False,True
original,raw,10,0.1,-0.0011393172790151694,-0.0011393172790151763,-0.0011393172790151902,True,False
original,raw,10,0.11,-0.0018285216305061226,-4.987350761447712e-05,-0.0008889029120984042,True,True
original,raw,10,0.12,-0.0025333897172582255,0.0010643303494998826,-0.0006740817190528173,False,True
original,raw,10,0.13,-0.0032544616680736,0.0022041480883869813,-0.0005202954392464453,False,True
original,raw,10,0.14,-0.0037962775906348854,0.00318145129715966,-0.0003457157285720047,False,True
original,raw,10,0.15,-0.0030843311910350273,0.0027988519888701748,-0.00014594040025581179,False,True
original,raw,10,0.16,-0.002355433686682791,0.002407143173240471,2.7802168914643072e-05,False,True
original,raw,10,0.17,-0.0016089723870449518,0.0020059955909690844,0.00018374372824686222,False,True
original,raw,10,0.18,-0.0008443047142452226,0.0015950639213252304,0.00036525246526573386,False,True
original,raw,10,0.19,-6.0756358166482935e-05,0.001173985790702511,0.0005646962714569662,False,True
original,raw,10,0.2,0.0007423807068142226,0.0007423807068142191,0.0007423807068142347,True,False
original,raw,10,0.21,0.0005730555748470322,0.0011666421129327594,0.00091168649625103,True,True
original,raw,10,0.22,0.0003993887728294017,0.0016017820166440797,0.0010660604450394833,True,True
original,raw,10,0.23,0.0002212111447853389,0.002048224255516734,0.001191066650998657,True,True
original,raw,10,0.24,3.8344631792749245e-05,0.00250641497435972,0.0012987082894788185,True,True
original,raw,10,0.25,0.00021483162174596934,0.0025587837124435905,0.0014004866555349972,True,True
original,raw,10,0.26,0.0005033181260003707,0.002403819821160603,0.0014967127982888906,True,True
original,raw,10,0.27,0.0007997083700973535,0.002244610343815066,0.0015659258825207276,True,True
original,raw,10,0.28,0.0011043316765303665,0.0020809783809877065,0.001624259790197576,True,True
original,raw,10,0.29,0.0014175359211727571,0.00191273706709479,0.0016868666089177907,True,True
original,raw,10,0.3,0.0017396888585192198,0.0017396888585192172,0.0017396888585192267,True,False
original,raw,20,0.01,-0.004456271278608946,0.0025607215284366505,-0.00045914386652455563,False,True
original,raw,20,0.02,-0.008114251108469077,0.006062938440459804,-0.0007599565468287967,False,True
original,raw,20,0.03,-0.006893339483821724,0.004122816982834607,-0.0011244016069384896,False,True
original,raw,20,0.04,-0.004284609976325862,0.0012808440719328101,-0.0014444294134609292,False,True
original,raw,20,0.05,-0.00162095984761957,-0.00162095984761957,-0.001620959847619577,True,False
original,raw,20,0.06,-0.0027110161856288284,-0.0005224250164280811,-0.001575522058074888,True,True
original,raw,20,0.07,-0.0038245145954232465,0.0005997342197352554,-0.0015268271675500308,False,True
original,raw,20,0.08,-0.003127784735528289,0.00020308641034984948,-0.001437281469210027,False,True
original,raw,20,0.09,-0.002144476652637159,-0.00046073958988557956,-0.001316943353986428,True,True
original,raw,20,0.1,-0.0011393172790151174,-0.001139317279015114,-0.0011393172790151902,True,False
original,raw,20,0.11,-0.0014736180533454178,-0.0003841723313787286,-0.0008889029120984042,True,True
original,raw,20,0.12,-0.0018155165725468603,0.0003881350014312106,-0.0006740817190528173,False,True
original,raw,20,0.13,-0.0013970206762177334,0.0003241810100246892,-0.0005202954392464453,False,True
original,raw,20,0.14,-0.0007787542607714179,9.185356889771998e-05,-0.0003457157285720047,False,True
original,raw,20,0.15,-0.0001459404002557771,-0.00014594040025577015,-0.00014594040025581179,True,False
original,raw,20,0.16,-0.00025011712323493376,0.0003189989959685828,2.7802168914643072e-05,False,True
original,raw,20,0.17,-0.0003568041286955183,0.0007951417511381127,0.00018374372824686222,False,True
original,raw,20,0.18,-7.390426626235208e-05,0.0008693908648612515,0.00036525246526573386,False,True
original,raw,20,0.19,0.0003291994241458353,0.0008066697991590179,0.0005646962714569662,True,True
original,raw,20,0.2,0.0007423807068142295,0.000742380706814226,0.0007423807068142347,True,False
original,raw,20,0.21,0.0007123934163174132,0.0010638920204355112,0.00091168649625103,True,True
original,raw,20,0.22,0.0006816372209360669,0.0013936472138932308,0.0010660604450394833,True,True
original,raw,20,0.23,0.0008878719214402246,0.0014453571421210731,0.001191066650998657,True,True
original,raw,20,0.24,0.001140806823131722,0.001423217099397675,0.0012987082894788185,True,True
original,raw,20,0.25,0.001400486655534999,0.0014004866555349955,0.0014004866555349972,True,False
original,raw,20,0.26,0.001369679740809716,0.0015965272079809748,0.0014967127982888906,True,True
original,raw,20,0.27,0.0013380288010234713,0.0017979387344665698,0.0015659258825207276,True,True
original,raw,20,0.28,0.0014101008286459124,0.001855499011340956,0.001624259790197576,True,True
original,raw,20,0.29,0.001572573801118667,0.001798409499386579,0.0016868666089177907,True,True
original,raw,20,0.3,0.0017396888585192172,0.001739688858519218,0.0017396888585192267,True,False
original,raw,40,0.01,-0.002672131969654608,0.0008783945164360721,-0.00045914386652455563,False,True
original,raw,40,0.02,-0.001990701467521283,0.0002060290353509825,-0.0007599565468287967,False,True
original,raw,40,0.03,-0.001776085060161657,-0.00045752241590339,-0.0011244016069384896,True,True
original,raw,40,0.04,-0.0024447163139666994,-0.0004540556591927092,-0.0014444294134609292,True,True
original,raw,40,0.05,-0.0016209598476196255,-0.0016209598476196532,-0.001620959847619577,True,False
original,raw,40,0.06,-0.0022456401434121365,-0.0010231760466116735,-0.001575522058074888,True,True
original,raw,40,0.07,-0.001806739375785335,-0.0012234208341755023,-0.0015268271675500308,True,True
original,raw,40,0.08,-0.0016182018586953298,-0.001220730984391953,-0.001437281469210027,True,True
original,raw,40,0.09,-0.0016637585430946435,-0.000977998895789485,-0.001316943353986428,True,True
original,raw,40,0.1,-0.0011393172790151208,-0.0011393172790151278,-0.0011393172790151902,True,False
original,raw,40,0.11,-0.0012173911127768208,-0.0006158214593181693,-0.0008889029120984042,True,True
original,raw,40,0.12,-0.0008356895831855664,-0.0005419620870733971,-0.0006740817190528173,True,True
original,raw,40,0.13,-0.0006122974356712468,-0.00041030949958680354,-0.0005202954392464453,True,True
original,raw,40,0.14,-0.0005135891711131914,-0.00014787634257447044,-0.0003457157285720047,True,True
original,raw,40,0.15,-0.00014594040025574587,-0.00014594040025574934,-0.00014594040025581179,True,False
original,raw,40,0.16,-0.00013682128225959642,0.0001992687168342923,2.7802168914643072e-05,False,True
original,raw,40,0.17,0.00011795297837927793,0.0002455051900164505,0.00018374372824686222,True,True
original,raw,40,0.18,0.0003045867152342858,0.0004141886728358038,0.00036525246526573386,True,True
original,raw,40,0.19,0.00044669140737950246,0.0006825050652419559,0.0005646962714569662,True,True
original,raw,40,0.2,0.000742380706814226,0.0007423807068142278,0.0007423807068142347,True,False
original,raw,40,0.21,0.0008120478074861732,0.0009941786272763854,0.00091168649625103,True,True
original,raw,40,0.22,0.001016934365085282,0.0011222911890721287,0.0010660604450394833,True,True
original,raw,40,0.23,0.00115662431876732,0.0012236661718962628,0.001191066650998657,True,True
original,raw,40,0.24,0.0012443949402676721,0.0013507518617717432,0.0012987082894788185,True,True
original,raw,40,0.25,0.0014004866555349972,0.001400486655534992,0.0014004866555349972,True,False
original,raw,40,0.26,0.0014264544499115756,0.001550976123357875,0.0014967127982888906,True,True
original,raw,40,0.27,0.001532011870957561,0.0015848672732943058,0.0015659258825207276,True,True
original,raw,40,0.28,0.0015962397953496214,0.0016478184670866243,0.001624259790197576,True,True
original,raw,40,0.29,0.0016317474415910357,0.0017509337210470143,0.0016868666089177907,True,True
original,raw,40,0.3,0.0017396888585192232,0.0017396888585192198,0.0017396888585192267,True,False
original,cal,5,0.01,-0.007202279008181947,0.007107629097673131,0.0002893718594914399,False,True
original,cal,5,0.02,-0.01449166101684262,0.014420194135803359,-0.00021739305981788998,False,True
original,cal,5,0.03,-0.02193133956176431,0.021883533710802247,-0.0007255864712511356,False,True
original,cal,5,0.04,-0.029526011409705222,0.029502359526946964,-0.0011465775189557978,False,True
original,cal,5,0.05,-0.03495750692899474,0.03349625770463857,-0.0013996184433333198,False,True
original,cal,5,0.06,-0.03294469570465385,0.03162516738948254,-0.0014061344931872097,False,True
original,cal,5,0.07,-0.030888598217423895,0.029713838572925318,-0.0014422923096183704,False,True
original,cal,5,0.08,-0.02878780295873241,0.027760959129921183,-0.0014136099813669596,False,True
original,cal,5,0.09,-0.026640836375674107,0.02576515925959829,-0.0013148319370165779,False,True
original,cal,5,0.1,-0.02444615942410338,0.023725008281045994,-0.0011682113295531614,False,True
original,cal,5,0.11,-0.022202163889351294,0.02163901121308802,-0.0009457764598581955,False,True
original,cal,5,0.12,-0.019907168456082116,0.019505605120858287,-0.0007932396081563632,False,True
original,cal,5,0.13,-0.01755941450710559,0.017323155210416375,-0.000667646433353309,False,True
original,cal,5,0.14,-0.015157061629083108,0.015089950650894409,-0.0004977045960525076,False,True
original,cal,5,0.15,-0.012698182800989506,0.012804200101736642,-0.00032430530899535057,False,True
original,cal,5,0.16,-0.01018075923889367,0.01046402692045606,-0.00017080490466562723,False,True
original,cal,5,0.17,-0.007602674868072638,0.008067464023963904,-2.095194051419426e-05,False,True
original,cal,5,0.18,-0.004961710390646225,0.005612448373898769,0.00016731196574296635,False,True
original,cal,5,0.19,-0.0022555369137771675,0.003096815053461651,0.00035360531630752347,False,True
original,cal,5,0.2,0.0005182909000136082,0.0005182909000136099,0.0005182909000135683,True,False
original,cal,5,0.21,0.0001485635954718012,0.0010824869811267412,0.000684245785283288,True,True
original,cal,5,0.22,-0.00023064389636594587,0.0016611496284222628,0.0008305457141371091,False,True
original,cal,5,0.23,-0.0006197009334462326,0.002254842474348836,0.0009414219006118416,False,True
original,cal,5,0.24,-0.0010189963136075786,0.002864158816220843,0.0010449905212367907,False,True
original,cal,5,0.25,-0.0014289395705732299,0.0034897235938761047,0.0011468420248558642,False,True
original,cal,5,0.26,-0.0018499623750244405,0.004132195527684214,0.0012364984169707677,False,True
original,cal,5,0.27,-0.0022825200508304767,0.004792269432281586,0.0012960827523185985,False,True
original,cal,5,0.28,-0.002303547861183197,0.004907189093254517,0.001362490911282919,False,True
original,cal,5,0.29,-0.0020478241324624388,0.004655114444902199,0.0014294105567448888,False,True
original,cal,5,0.3,-0.0017847940114925128,0.004395837663739816,0.0014775626957849704,False,True
original,cal,10,0.01,-0.005560725770707611,0.005341897654466035,0.0002893718594914399,False,True
original,cal,10,0.02,-0.01117505345541496,0.010852695913813402,-0.00021739305981788998,False,True
original,cal,10,0.03,-0.016905140473827615,0.016477118879539093,-0.0007255864712511356,False,True
original,cal,10,0.04,-0.017643247245106727,0.01480885679248583,-0.0011465775189557978,False,True
original,cal,10,0.05,-0.015041925784756167,0.012286161825848067,-0.0013996184433333198,False,True
original,cal,10,0.06,-0.012385257059291783,0.00970979249821801,-0.0014061344931872097,False,True
original,cal,10,0.07,-0.0096714556730647,0.007078017378595938,-0.0014422923096183704,False,True
original,cal,10,0.08,-0.0068986586045283495,0.004389029756373387,-0.0014136099813669596,False,True
original,cal,10,0.09,-0.004064920941079117,0.0016409435050909957,-0.0013148319370165779,False,True
original,cal,10,0.1,-0.0011682113295532273,-0.0011682113295532238,-0.0011682113295531614,True,False
original,cal,10,0.11,-0.0018584019629357684,-0.00011223676997570986,-0.0009457764598581955,True,True
original,cal,10,0.12,-0.0025642787470769937,0.0009677372114103855,-0.0007932396081563632,False,True
original,cal,10,0.13,-0.0032863825837272133,0.0020725381808743247,-0.000667646433353309,False,True
original,cal,10,0.14,-0.0038188915935051804,0.0028940846361842215,-0.0004977045960525076,False,True
original,cal,10,0.15,-0.0031385492415806765,0.00252141110894177,-0.00032430530899535057,False,True
original,cal,10,0.16,-0.0024420082622294004,0.0021398644024792426,-0.00017080490466562723,False,True
original,cal,10,0.17,-0.0017286831628937523,0.001749123799475458,-2.095194051419426e-05,False,True
original,cal,10,0.18,-0.0009979598904035804,0.0013488529378618275,0.00016731196574296635,False,True
original,cal,10,0.19,-0.00024919406797537305,0.0009386988450972387,0.00035360531630752347,False,True
original,cal,10,0.2,0.0005182909000135336,0.000518290900013537,0.0005182909000135683,True,False
original,cal,10,0.21,0.00034941885104686904,0.0009358923332791966,0.000684245785283288,True,True
original,cal,10,0.22,0.000176216749542598,0.0013642014956029517,0.0008305457141371091,True,True
original,cal,10,0.23,-1.4841078448991907e-06,0.0018036355712338185,0.0009414219006118416,False,True
original,cal,10,0.24,-0.00018386130358470122,0.0022546337014865483,0.0010449905212367907,False,True
original,cal,10,0.25,1.074042364278098e-05,0.002282172263562282,0.0011468420248558642,True,True
original,cal,10,0.26,0.00028824733999400533,0.0021299488318206224,0.0012364984169707677,True,True
original,cal,10,0.27,0.0005733571855603293,0.0019735548950997467,0.0012960827523185985,True,True
original,cal,10,0.28,0.0008663867490590563,0.0018128166823588457,0.001362490911282919,True,True
original,cal,10,0.29,0.0011676706664591483,0.0016475506326393257,0.0014294105567448888,True,True
original,cal,10,0.3,0.0014775626957849609,0.0014775626957849626,0.0014775626957849704,True,False
original,cal,20,0.01,-0.0037791038563325663,0.0034037908707946346,0.0002893718594914399,False,True
original,cal,20,0.02,-0.00757544999575966,0.006936929146803494,-0.00021739305981788998,False,True
original,cal,20,0.03,-0.006459995746090255,0.004471734115082969,-0.0007255864712511356,False,True
original,cal,20,0.04,-0.003956163226496917,0.0015666377971166393,-0.0011465775189557978,False,True
original,cal,20,0.05,-0.0013996184433331532,-0.0013996184433331602,-0.0013996184433333198,True,False
original,cal,20,0.06,-0.002541457165274305,-0.0003465913786115937,-0.0014061344931872097,True,True
original,cal,20,0.07,-0.0037078515586550405,0.0007290814294373046,-0.0014422923096183704,False,True
original,cal,20,0.08,-0.0030642983975045154,0.0002178868958624229,-0.0014136099813669596,False,True
original,cal,20,0.09,-0.002126672924341811,-0.0004675462925299405,-0.0013148319370165779,True,True
original,cal,20,0.1,-0.0011682113295532481,-0.0011682113295532412,-0.0011682113295531614,True,False
original,cal,20,0.11,-0.0015197119506185665,-0.0004413269563047495,-0.0009457764598581955,True,True
original,cal,20,0.12,-0.0018792012221626256,0.00030207751633576016,-0.0007932396081563632,False,True
original,cal,20,0.13,-0.0015167984840793354,0.00021505689776682435,-0.000667646433353309,False,True
original,cal,20,0.14,-0.0009274849963924851,-5.148837883076421e-05,-0.0004977045960525076,True,True
original,cal,20,0.15,-0.0003243053089953367,-0.00032430530899534016,-0.00032430530899535057,True,False
original,cal,20,0.16,-0.0004244644646657081,9.373989543813924e-05,-0.00017080490466562723,False,True
original,cal,20,0.17,-0.0005270370939666966,0.0005218584782916997,-2.095194051419426e-05,False,True
original,cal,20,0.18,-0.0002627547417149382,0.0006344864358305662,0.00016731196574296635,False,True
original,cal,20,0.19,0.00012294680975592776,0.0005771059243159966,0.00035360531630752347,True,True
original,cal,20,0.2,0.0005182909000135717,0.0005182909000135683,0.0005182909000135683,True,False
original,cal,20,0.21,0.00048415430362045743,0.0008355032642782655,0.000684245785283288,True,True
original,cal,20,0.22,0.0004491424098839389,0.0011608492789087228,0.0008305457141371091,True,True
original,cal,20,0.23,0.000648019662807869,0.0011877697275641322,0.0009414219006118416,True,True
original,cal,20,0.24,0.000894149117765761,0.0011675751374120285,0.0010449905212367907,True,True
original,cal,20,0.25,0.0011468420248558694,0.0011468420248558677,0.0011468420248558642,True,False
original,cal,20,0.26,0.001118686071237298,0.0013398927863137629,0.0012364984169707677,True,True
original,cal,20,0.27,0.0010897587216291815,0.0015382326097294098,0.0012960827523185985,True,True
original,cal,20,0.28,0.0011620562144288166,0.0015925184476067323,0.001362490911282919,True,True
original,cal,20,0.29,0.0013175875784776237,0.0015358501192438891,0.0014294105567448888,True,True
original,cal,20,0.3,0.0014775626957849695,0.0014775626957849695,0.0014775626957849704,True,False
original,cal,40,0.01,-0.0019938086224363383,0.0017078012764894582,0.0002893718594914399,False,True
original,cal,40,0.02,-0.0014397913888229696,0.0007426466932195161,-0.00021739305981788998,False,True
original,cal,40,0.03,-0.0013429958406143833,5.13061249673985e-06,-0.0007255864712511356,False,True
original,cal,40,0.04,-0.0021150775165414346,-0.00018235147201063617,-0.0011465775189557978,True,True
original,cal,40,0.05,-0.001399618443333167,-0.0013996184433331602,-0.0013996184433333198,True,False
original,cal,40,0.06,-0.0020941436727664395,-0.0008470054670489321,-0.0014061344931872097,True,True
original,cal,40,0.07,-0.0017173726350234765,-0.0011357869880151417,-0.0014422923096183704,True,True
original,cal,40,0.08,-0.001580346359802455,-0.0011999232354864275,-0.0014136099813669596,True,True
original,cal,40,0.09,-0.001664612833179771,-0.0009844575487178986,-0.0013148319370165779,True,True
original,cal,40,0.1,-0.0011682113295532204,-0.001168211329553203,-0.0011682113295531614,True,False
original,cal,40,0.11,-0.0012798248255761271,-0.0006712213015876711,-0.0009457764598581955,True,True
original,cal,40,0.12,-0.0009483009848198706,-0.0006665172007368526,-0.0007932396081563632,True,True
original,cal,40,0.13,-0.0007604327746675021,-0.0005648744084646058,-0.000667646433353309,True,True
original,cal,40,0.14,-0.0006792297158253364,-0.0002894022942979968,-0.0004977045960525076,True,True
original,cal,40,0.15,-0.0003243053089953228,-0.0003243053089953228,-0.00032430530899535057,True,False
original,cal,40,0.16,-0.0003131260269383408,-2.3569728546248697e-05,-0.00017080490466562723,True,True
original,cal,40,0.17,-7.70878228699267e-05,3.94895202923181e-05,-2.095194051419426e-05,False,True
original,cal,40,0.18,0.00010286930533697815,0.00021909513096283507,0.00016731196574296635,True,True
original,cal,40,0.19,0.00023840889332505007,0.00045545149944329136,0.00035360531630752347,True,True
original,cal,40,0.2,0.0005182909000135769,0.0005182909000135769,0.0005182909000135683,True,False
original,cal,40,0.21,0.0005758302602323073,0.000769114293252186,0.000684245785283288,True,True
original,cal,40,0.22,0.0007729929223710841,0.0008715884631575552,0.0008305457141371091,True,True
original,cal,40,0.23,0.0009081679825242717,0.0009704624903431307,0.0009414219006118416,True,True
original,cal,40,0.24,0.0009894438621386031,0.0010985655491085999,0.0010449905212367907,True,True
original,cal,40,0.25,0.001146842024855866,0.0011468420248558642,0.0011468420248558642,True,False
original,cal,40,0.26,0.0011742403602255959,0.0012929789170491313,0.0012364984169707677,True,True
original,cal,40,0.27,0.0012688133461991949,0.0013198422094511872,0.0012960827523185985,True,True
original,cal,40,0.28,0.0013320153362391092,0.0013855922347574615,0.001362490911282919,True,True
original,cal,40,0.29,0.001375489231789367,0.0014869539738131448,0.0014294105567448888,True,True
original,cal,40,0.3,0.0014775626957849704,0.0014775626957849695,0.0014775626957849704,True,False
shifted,raw,5,0.015,-0.01153033423312335,0.009872465786541613,-0.00047123261480080253,False,True
shifted,raw,5,0.025,-0.018818459489722925,0.017218733705781288,-0.000978149759314352,False,True
shifted,raw,5,0.034999999999999996,-0.026257633974438567,0.02471725588241451,-0.0013201534832261927,False,True
shifted,raw,5,0.045,-0.03385260268920062,0.03237281517269451,-0.0015531486543135728,False,True
shifted,raw,5,0.055,-0.03470242806919643,0.03292998814235967,-0.0016311103593688592,False,True
shifted,raw,5,0.065,-0.032610903302771305,0.031030664081991885,-0.001548876884416163,False,True
shifted,raw,5,0.07500000000000001,-0.03047415637923431,0.029090273555453964,-0.0014765188377278,False,True
shifted,raw,5,0.085,-0.0282907046049096,0.027107470121232168,-0.0013928222572062408,False,True
shifted,raw,5,0.095,-0.02605899975269927,0.025080847826585588,-0.001234865414771212,False,True
shifted,raw,5,0.10500000000000001,-0.023777424400998205,0.023008937882896614,-0.0010174958123403514,False,True
shifted,raw,5,0.115,-0.02144428802439994,0.020890205115621445,-0.0007595936321182634,False,True
shifted,raw,5,0.125,-0.019057822816336573,0.018723044170808563,-0.0005943220715036203,False,True
shifted,raw,5,0.135,-0.016616179221959605,0.016505775458485562,-0.0004399900541576622,False,True
shifted,raw,5,0.14500000000000002,-0.014117421157538723,0.014236640811371375,-0.0002438699755436917,False,True
shifted,raw,5,0.155,-0.011559520890409652,0.011913798835331401,-5.8519315696677066e-05,False,True
shifted,raw,5,0.165,-0.008940353551014031,0.009535319925733591,0.00010500868559065735,False,True
shifted,raw,5,0.17500000000000002,-0.006257691245814864,0.007099180921357652,0.0002683821727067683,False,True
shifted,raw,5,0.185,-0.0035091967368071474,0.004603259364727098,0.0004670895990887946,False,True
shifted,raw,5,0.195,-0.0006924166499358703,0.002045327334639869,0.0006567123509406293,False,True
shifted,raw,5,0.20500000000000002,0.0005550686016029625,0.001028011311277251,0.0008248665589129008,True,True
shifted,raw,5,0.215,0.00017328596677753869,0.0016101883394822256,0.0009909508447241248,True,True
shifted,raw,5,0.225,-0.00021834912314015395,0.002207389290995714,0.00113712032209075,False,True
shifted,raw,5,0.23500000000000001,-0.0006202230389380503,0.0028202033392808,0.0012453869660075546,False,True
shifted,raw,5,0.245,-0.001032742621379595,0.003449250872288666,0.00134981111879689,False,True
shifted,raw,5,0.255,-0.0014563365550276288,0.004095185587390704,0.0014503732664550104,False,True
shifted,raw,5,0.265,-0.0018914568542171065,0.0047586967573254495,0.001535818035893961,False,True
shifted,raw,5,0.275,-0.0023027085541096476,0.0053912534633025816,0.001592879036680074,False,True
shifted,raw,5,0.28500000000000003,-0.002042924485459738,0.005134519802112226,0.0016565872950763455,False,True
shifted,raw,5,0.295,-0.0017757706559970703,0.004870502916490942,0.001717606226288245,False,True
shifted,raw,10,0.015,-0.00900320318479865,0.0072103176349936834,-0.00047123261480080253,False,True
shifted,raw,10,0.025,-0.014563375587842917,0.012736313313858674,-0.000978149759314352,False,True
shifted,raw,10,0.034999999999999996,-0.01936338796207898,0.015879790668647635,-0.0013201534832261927,False,True
shifted,raw,10,0.045,-0.01672115459683414,0.013412259915059808,-0.0015531486543135728,False,True
shifted,raw,10,0.055,-0.014023000948726938,0.010892506288380163,-0.0016311103593688592,False,True
shifted,raw,10,0.065,-0.011267132784082715,0.00831885418840253,-0.001548876884416163,False,True
shifted,raw,10,0.07500000000000001,-0.008451678280743478,0.005689555556533513,-0.0014765188377278,False,True
shifted,raw,10,0.085,-0.005574683788260204,0.0030027859163176476,-0.0013928222572062408,False,True
shifted,raw,10,0.095,-0.0026341093069927844,0.00025664015145611396,-0.001234865414771212,False,True
shifted,raw,10,0.10500000000000001,-0.0014819943029408464,-0.000597638532341082,-0.0010174958123403514,True,True
shifted,raw,10,0.115,-0.0021789645210947353,0.0005040809524197894,-0.0007595936321182634,False,True
shifted,raw,10,0.125,-0.002891865487092155,0.0016309825968323297,-0.0005943220715036203,False,True
shifted,raw,10,0.135,-0.0036212497124189953,0.0027839397705954547,-0.0004399900541576622,False,True
shifted,raw,10,0.14500000000000002,-0.0034423861054536688,0.00299127035444266,-0.0002438699755436917,False,True
shifted,raw,10,0.155,-0.002722038940351078,0.002604156482876714,-5.8519315696677066e-05,False,True
shifted,raw,10,0.165,-0.001984437950934649,0.002207770422770261,0.00010500868559065735,False,True
shifted,raw,10,0.17500000000000002,-0.0012289557254111499,0.001801775003630924,0.0002683821727067683,False,True
shifted,raw,10,0.185,-0.00045493405877051335,0.0013858165067213019,0.0004670895990887946,False,True
shifted,raw,10,0.195,0.0003383179598363522,0.000959523637217647,0.0006567123509406293,True,True
shifted,raw,10,0.20500000000000002,0.0006582506097990767,0.0009531772545083392,0.0008248665589129008,True,True
shifted,raw,10,0.215,0.0004867752528255314,0.0013828262689167276,0.0009909508447241248,True,True
shifted,raw,10,0.225,0.0003108747253494498,0.0018235629998259763,0.00113712032209075,True,True
shifted,raw,10,0.23500000000000001,0.0001303754912726808,0.002275822259647887,0.0012453869660075546,True,True
shifted,raw,10,0.245,7.345412959480768e-05,0.0026347262816816125,0.00134981111879689,True,True
shifted,raw,10,0.255,0.00035810679835553486,0.0024818217798600935,0.0014503732664550104,True,True
shifted,raw,10,0.265,0.0006505051179668993,0.0023247566113223424,0.001535818035893961,True,True
shifted,raw,10,0.275,0.0009509695981192636,0.002163358610549067,0.001592879036680074,True,True
shifted,raw,10,0.28500000000000003,0.0012598386791150499,0.00199744598038353,0.0016565872950763455,True,True
shifted,raw,10,0.295,0.0015774700035433402,0.0018268266089367059,0.001717606226288245,True,True
shifted,raw,20,0.015,-0.0062759769807728474,0.00430294110903702,-0.00047123261480080253,False,True
shifted,raw,20,0.025,-0.008177637087511985,0.005521942108201658,-0.000978149759314352,False,True
shifted,raw,20,0.034999999999999996,-0.005595733096673529,0.002709193151505189,-0.0013201534832261927,False,True
shifted,raw,20,0.045,-0.0029597578180688075,-0.00016246154250422473,-0.0015531486543135728,True,True
shifted,raw,20,0.055,-0.002163104269698242,-0.0010745986088259163,-0.0016311103593688592,True,True
shifted,raw,20,0.065,-0.003264788122050652,3.56541758884249e-05,-0.001548876884416163,False,True
shifted,raw,20,0.07500000000000001,-0.0036114660087341946,0.0005296170374926648,-0.0014765188377278,False,True
shifted,raw,20,0.085,-0.002638817328188995,-0.00012701285752678843,-0.0013928222572062408,True,True
shifted,raw,20,0.095,-0.0016446736491786962,-0.0007981539104472274,-0.001234865414771212,True,True
shifted,raw,20,0.10500000000000001,-0.0013055338651346594,-0.0007638541486260711,-0.0010174958123403514,True,True
shifted,raw,20,0.115,-0.0016436014979201476,-2.003241059908567e-07,-0.0007595936321182634,True,True
shifted,raw,20,0.125,-0.0017008544575227817,0.0004383533525213826,-0.0005943220715036203,False,True
shifted,raw,20,0.135,-0.001089674365649048,0.00020868875605405818,-0.0004399900541576622,False,True
shifted,raw,20,0.14500000000000002,-0.0004641976634390775,-2.634811167564685e-05,-0.0002438699755436917,True,True
shifted,raw,20,0.155,-0.0001977205465886131,8.515373751254857e-05,-5.8519315696677066e-05,False,True
shifted,raw,20,0.165,-0.0003031412037931905,0.0005556447964420695,0.00010500868559065735,False,True
shifted,raw,20,0.17500000000000002,-0.00027179153246273575,0.0009001812062059897,0.0002683821727067683,False,True
shifted,raw,20,0.185,0.00012641106455398184,0.0008382227279171966,0.0004670895990887946,True,True
shifted,raw,20,0.195,0.0005345068937947263,0.0007747249085529109,0.0006567123509406293,True,True
shifted,raw,20,0.20500000000000002,0.0007274813612214714,0.0009021253217581342,0.0008248665589129008,True,True
shifted,raw,20,0.215,0.0006971132682935602,0.0012277194413890316,0.0009909508447241248,True,True
shifted,raw,20,0.225,0.0007638522277076207,0.001456212905004797,0.00113712032209075,True,True
shifted,raw,20,0.23500000000000001,0.0010135127876399232,0.0014343594738401716,0.0012453869660075546,True,True
shifted,raw,20,0.245,0.0012697868723386477,0.0014119271438367414,0.00134981111879689,True,True
shifted,raw,20,0.255,0.001385186577080831,0.0014978490775551453,0.0014503732664550104,True,True
shifted,raw,20,0.265,0.0013539619271743693,0.0016965478980044343,0.001535818035893961,True,True
shifted,raw,20,0.275,0.0013305450972971849,0.0018834531861599956,0.001592879036680074,True,True
shifted,raw,20,0.28500000000000003,0.0014907692275659516,0.0018271538690419276,0.0016565872950763455,True,True
shifted,raw,20,0.295,0.0016555387232324182,0.0017692574081758306,0.001717606226288245,True,True
shifted,raw,40,0.015,-0.002992973462954629,0.0013781857102734135,-0.00047123261480080253,False,True
shifted,raw,40,0.025,-0.000978149759314255,-0.000978149759314248,-0.000978149759314352,True,False
shifted,raw,40,0.034999999999999996,-0.0025822891206033136,6.850002951174633e-05,-0.0013201534832261927,False,True
shifted,raw,40,0.045,-0.002034994511333342,-0.0010344530303998123,-0.0015531486543135728,True,True
shifted,raw,40,0.055,-0.0019316474021407876,-0.00132364938574267,-0.0016311103593688592,True,True
shifted,raw,40,0.065,-0.0021334281433824306,-0.000973029761142552,-0.001548876884416163,True,True
shifted,raw,40,0.07500000000000001,-0.0014765188377277548,-0.0014765188377277513,-0.0014765188377278,True,False
shifted,raw,40,0.085,-0.0017614333279794663,-0.0009621476353912674,-0.0013928222572062408,True,True
shifted,raw,40,0.095,-0.0014029866438285826,-0.0010582124565094095,-0.001234865414771212,True,True
shifted,raw,40,0.10500000000000001,-0.0011781361125614322,-0.0008790316479926133,-0.0010174958123403514,True,True
shifted,raw,40,0.115,-0.0010743297783513892,-0.0004901937408853876,-0.0007595936321182634,True,True
shifted,raw,40,0.125,-0.0005943220715035544,-0.0005943220715035578,-0.0005943220715036203,True,False
shifted,raw,40,0.135,-0.0006304806075171782,-0.00022416961469994,-0.0004399900541576622,True,True
shifted,raw,40,0.14500000000000002,-0.0003308397820904925,-0.00014691403206516102,-0.0002438699755436917,True,True
shifted,raw,40,0.155,-0.00014140782089671136,2.5642829540480777e-05,-5.8519315696677066e-05,False,True
shifted,raw,40,0.165,-3.067466871077215e-05,0.00022290218316671148,0.00010500868559065735,False,True
shifted,raw,40,0.17500000000000002,0.00026838217270677527,0.0002683821727067718,0.0002683821727067683,True,False
shifted,raw,40,0.185,0.0003412354852774767,0.0005617842097762251,0.0004670895990887946,True,True
shifted,raw,40,0.195,0.0005936177673470655,0.0007122569368306578,0.0006567123509406293,True,True
shifted,raw,40,0.20500000000000002,0.0007769951782172664,0.0008674878496853656,0.0008248665589129008,True,True
shifted,raw,40,0.215,0.0008982794393792379,0.0011076509622065956,0.0009909508447241248,True,True
shifted,raw,40,0.225,0.0011371203220907587,0.0011371203220907535,0.00113712032209075,True,False
shifted,raw,40,0.23500000000000001,0.0011763832696488064,0.0013113433399998906,0.0012453869660075546,True,True
shifted,raw,40,0.245,0.0013219239379170054,0.0013754545739058065,0.00134981111879689,True,True
shifted,raw,40,0.255,0.0014133834124737035,0.0014752263912322615,0.0014503732664550104,True,True
shifted,raw,40,0.265,0.0014719728299387447,0.0015769645134920147,0.001535818035893961,True,True
shifted,raw,40,0.275,0.0015928790366800897,0.0015928790366800828,0.001592879036680074,True,False
shifted,raw,40,0.28500000000000003,0.001599647557636915,0.0017035262811352135,0.0016565872950763455,True,True
shifted,raw,40,0.295,0.0016853353790731137,0.001745351165182151,0.001717606226288245,True,True
shifted,cal,5,0.015,-0.01082846904294716,0.010745351806996796,0.00014031430514557797,False,True
shifted,cal,5,0.025,-0.01819242419047034,0.018132727155161787,-0.00048526115122286134,False,True
shifted,cal,5,0.034999999999999996,-0.025709000170066533,0.025673208728159196,-0.0009694923344244419,False,True
shifted,cal,5,0.045,-0.033382991353423916,0.03337160614561732,-0.001299473633911391,False,True
shifted,cal,5,0.055,-0.03395642621424319,0.032565662521439276,-0.001428819878464882,False,True
shifted,cal,5,0.065,-0.03192214454790311,0.030674613486061035,-0.0014375422558614084,False,True
shifted,cal,5,0.07500000000000001,-0.029843878413101644,0.028742676903971906,-0.001421946226287836,False,True
shifted,cal,5,0.085,-0.02772018569611872,0.02676851219986991,-0.0013782333716443017,False,True
shifted,cal,5,0.095,-0.025549560543401365,0.024750719546505984,-0.0012596705449240513,False,True
shifted,cal,5,0.10500000000000001,-0.023330429800679155,0.0226878365545194,-0.0010581473600540237,False,True
shifted,cal,5,0.115,-0.021061149210663786,0.020578334737855163,-0.0008596438728161737,False,True
shifted,cal,5,0.125,-0.0187399993500195,0.01842061573681002,-0.0007329039081796912,False,True
shifted,cal,5,0.135,-0.016365181284504815,0.01621300727909331,-0.0005894965581008764,False,True
shifted,cal,5,0.14500000000000002,-0.01393481191921201,0.013953758857453407,-0.0004049659292052546,False,True
shifted,cal,5,0.155,-0.011446919018646022,0.011641037100390078,-0.00024489410854450916,False,True
shifted,cal,5,0.165,-0.00889943586896465,0.009272920810223429,-9.766989627854605e-05,False,True
shifted,cal,5,0.17500000000000002,-0.0062901955520182976,0.006847395640295165,6.90268030820139e-05,False,True
shifted,cal,5,0.185,-0.0036169247978462635,0.004362348380307317,0.0002619601902834282,False,True
shifted,cal,5,0.195,-0.0008772373789742993,0.0018155608157234947,0.0004384870118721105,False,True
shifted,cal,5,0.20500000000000002,0.00033458991222239803,0.0007986147390572403,0.0006031733932787605,True,True
shifted,cal,5,0.215,-3.98324832756123e-05,0.0013699754301015853,0.0007580484707497923,False,True
shifted,cal,5,0.225,-0.0004239173922058262,0.00195608091317288,0.0008868695688493671,False,True
shifted,cal,5,0.23500000000000001,-0.0008180437366636373,0.002557509415409439,0.0009942896465125976,False,True
shifted,cal,5,0.245,-0.0012226105140872075,0.0031748697984999453,0.0010960755782884,False,True
shifted,cal,5,0.255,-0.001638038144595979,0.0038088036146935516,0.001193804980267282,False,True
shifted,cal,5,0.265,-0.002064769928315873,0.004459987330647533,0.0012685345699291403,False,True
shifted,cal,5,0.275,-0.002428764307660259,0.005030618748654618,0.0013285482473578717,False,True
shifted,cal,5,0.28500000000000003,-0.002176580135734428,0.004782033148967701,0.0013957097311310942,False,True
shifted,cal,5,0.295,-0.0019172418029028996,0.004526395475530803,0.0014556343228915615,False,True
shifted,cal,10,0.015,-0.008353640050409741,0.008083309986527155,0.00014031430514557797,False,True
shifted,cal,10,0.025,-0.014025404433804851,0.013650485799328246,-0.00048526115122286134,False,True
shifted,cal,10,0.034999999999999996,-0.01892369045097874,0.016050597838240144,-0.0009694923344244419,False,True
shifted,cal,10,0.045,-0.01634939625697423,0.01355411322269217,-0.001299473633911391,False,True
shifted,cal,10,0.055,-0.01372061964616541,0.011004792953905093,-0.001428819878464882,False,True
shifted,cal,10,0.065,-0.011035612519617356,0.008400941770277635,-0.0014375422558614084,False,True
shifted,cal,10,0.07500000000000001,-0.008292551184927707,0.0057407911015987766,-0.001421946226287836,False,True
shifted,cal,10,0.085,-0.005489532225436109,0.0030224950631127442,-0.0013782333716443017,False,True
shifted,cal,10,0.095,-0.002624568095569005,0.0002441261839971863,-0.0012596705449240513,False,True
shifted,cal,10,0.10500000000000001,-0.0015113787394473374,-0.0006431736993722306,-0.0010581473600540237,True,True
shifted,cal,10,0.115,-0.00220934635279129,0.00042469944675861335,-0.0008596438728161737,False,True
shifted,cal,10,0.125,-0.002923267511583099,0.0015169811219438896,-0.0007329039081796912,False,True
shifted,cal,10,0.135,-0.0036536955179770417,0.0026345178647634963,-0.0005894965581008764,False,True
shifted,cal,10,0.14500000000000002,-0.0034807097226655127,0.002708837561239144,-0.0004049659292052546,False,True
shifted,cal,10,0.155,-0.0027923395240333007,0.0023317665921201575,-0.00024489410854450916,False,True
shifted,cal,10,0.165,-0.002087481416451804,0.0019456639830222715,-9.766989627854605e-05,False,True
shifted,cal,10,0.17500000000000002,-0.0013655358395956007,0.0015502013106735314,6.90268030820139e-05,False,True
shifted,cal,10,0.185,-0.0006258738068656341,0.0011450340328683778,0.0002619601902834282,False,True
shifted,cal,10,0.195,0.00013216492232967156,0.0007298004872916715,0.0004384870118721105,True,True
shifted,cal,10,0.20500000000000002,0.0004343859197093458,0.000725778404592075,0.0006031733932787605,True,True
shifted,cal,10,0.215,0.00026336939934410927,0.0011486828725228472,0.0007580484707497923,True,True
shifted,cal,10,0.225,8.793954942106635e-05,0.0015825010041421571,0.0008868695688493671,True,True
shifted,cal,10,0.23500000000000001,-9.207670180715576e-05,0.002027660786261317,0.0009942896465125976,False,True
shifted,cal,10,0.245,-0.00012525634331079713,0.0023567718261376623,0.0010960755782884,False,True
shifted,cal,10,0.255,0.00014856265055547026,0.0022065713645764966,0.001193804980267282,True,True
shifted,cal,10,0.265,0.0004298325013976905,0.0020522838156259056,0.0012685345699291403,True,True
shifted,cal,10,0.275,0.0007188615205390089,0.0018937400584284041,0.0013285482473578717,True,True
shifted,cal,10,0.28500000000000003,0.0010159752674884746,0.0017307615108197822,0.0013957097311310942,True,True
shifted,cal,10,0.295,0.001321517773216643,0.001563159458314465,0.0014556343228915615,True,True
shifted,cal,20,0.015,-0.005667641529753152,0.00516139265276859,0.00014031430514557797,False,True
shifted,cal,20,0.025,-0.007692651755736232,0.005901935379312551,-0.00048526115122286134,False,True
shifted,cal,20,0.034999999999999996,-0.005214566099038642,0.00302671211236398,-0.0009694923344244419,False,True
shifted,cal,20,0.045,-0.0026845833605254124,9.127474558402737e-05,-0.001299473633911391,False,True
shifted,cal,20,0.055,-0.001967517066944098,-0.0008758906968578811,-0.001428819878464882,True,True
shifted,cal,20,0.065,-0.003121535660378101,0.00018836889491004316,-0.0014375422558614084,False,True
shifted,cal,20,0.07500000000000001,-0.003525508765384565,0.0005550459236662378,-0.001421946226287836,False,True
shifted,cal,20,0.085,-0.002598047479155839,-0.00012295693005946046,-0.0013782333716443017,True,True
shifted,cal,20,0.095,-0.0016500898109110332,-0.0008159432722652862,-0.0012596705449240513,True,True
shifted,cal,20,0.10500000000000001,-0.00134297979477567,-0.0008067995462062265,-0.0010581473600540237,True,True
shifted,cal,20,0.115,-0.0016984410799738107,-7.172473261907175e-05,-0.0008596438728161737,True,True
shifted,cal,20,0.125,-0.0018064039694568879,0.0003460448622661996,-0.0007329039081796912,False,True
shifted,cal,20,0.135,-0.0012238449584084168,8.255462153911736e-05,-0.0005894965581008764,False,True
shifted,cal,20,0.14500000000000002,-0.0006276588359903842,-0.00018709913359092958,-0.0004049659292052546,True,True
shifted,cal,20,0.155,-0.00037408855796759385,-0.00011651952691005968,-0.00024489410854450916,True,True
shifted,cal,20,0.165,-0.000475443675635661,0.000306517394700688,-9.766989627854605e-05,False,True
shifted,cal,20,0.17500000000000002,-0.00045209913970973084,0.0006626550505740778,6.90268030820139e-05,False,True
shifted,cal,20,0.185,-7.108709957297059e-05,0.0006059721939122818,0.0002619601902834282,False,True
shifted,cal,20,0.195,0.000319391078206931,0.0005478810675197607,0.0004384870118721105,True,True
shifted,cal,20,0.20500000000000002,0.0005013299496044194,0.0006758995589878497,0.0006031733932787605,True,True
shifted,cal,20,0.215,0.00046675985959849543,0.0009971401377889422,0.0007580484707497923,True,True
shifted,cal,20,0.225,0.000527336833280127,0.001197671591122584,0.0008868695688493671,True,True
shifted,cal,20,0.23500000000000001,0.0007702800456627704,0.001177738427880732,0.0009942896465125976,True,True
shifted,cal,20,0.245,0.0010196588398303837,0.0011572772338245326,0.0010960755782884,True,True
shifted,cal,20,0.255,0.0011328585311124167,0.0012427195842376424,0.001193804980267282,True,True
shifted,cal,20,0.265,0.0011043207887788484,0.0014383880727718724,0.0012685345699291403,True,True
shifted,cal,20,0.275,0.0010858994775497424,0.0016202663877016394,0.0013285482473578717,True,True
shifted,cal,20,0.28500000000000003,0.0012392780804950064,0.0015643824244335712,0.0013957097311310942,True,True
shifted,cal,20,0.295,0.001397007849481268,0.0015069131005054177,0.0014556343228915615,True,True
shifted,cal,40,0.015,-0.0023846309641121152,0.0019580884681754465,0.00014031430514557797,False,True
shifted,cal,40,0.025,-0.00048526115122323604,-0.00048526115122322216,-0.00048526115122286134,True,False
shifted,cal,40,0.034999999999999996,-0.002209618972382685,0.00041682138952117004,-0.0009694923344244419,False,True
shifted,cal,40,0.045,-0.001759220909448328,-0.0007877983949197628,-0.001299473633911391,True,True
shifted,cal,40,0.055,-0.0017450436897179789,-0.0011247738942817345,-0.001428819878464882,True,True
shifted,cal,40,0.065,-0.002009639403023858,-0.0008526882763549085,-0.0014375422558614084,True,True
shifted,cal,40,0.07500000000000001,-0.0014219462262879366,-0.0014219462262879227,-0.001421946226287836,True,False
shifted,cal,40,0.085,-0.0017404776423171307,-0.0009754737639111367,-0.0013782333716443017,True,True
shifted,cal,40,0.095,-0.0014177833562383849,-0.0010758268320061673,-0.0012596705449240513,True,True
shifted,cal,40,0.10500000000000001,-0.00122370630802272,-0.0009211045558720175,-0.0010581473600540237,True,True
shifted,cal,40,0.115,-0.00116126419618727,-0.0006008806255814979,-0.0008596438728161737,True,True
shifted,cal,40,0.125,-0.000732903908179712,-0.0007329039081797085,-0.0007329039081796912,True,False
shifted,cal,40,0.135,-0.0007882798939470685,-0.00039490237118056104,-0.0005894965581008764,True,True
shifted,cal,40,0.14500000000000002,-0.0005028053030735821,-0.00030675174604813046,-0.0004049659292052546,True,True
shifted,cal,40,0.155,-0.0003187487427658252,-0.00017482726900880027,-0.00024489410854450916,True,True
shifted,cal,40,0.165,-0.00022145257306192823,1.0305977416320139e-05,-9.766989627854605e-05,False,True
shifted,cal,40,0.17500000000000002,6.902680308198093e-05,6.90268030819792e-05,6.90268030820139e-05,True,False
shifted,cal,40,0.185,0.00013712705301841335,0.00037100478802015377,0.0002619601902834282,True,True
shifted,cal,40,0.195,0.00037748069789077937,0.00048667604631051284,0.0004384870118721105,True,True
shifted,cal,40,0.20500000000000002,0.0005468796387386107,0.000642913843823957,0.0006031733932787605,True,True
shifted,cal,40,0.215,0.000660566933809734,0.0008565020212325282,0.0007580484707497923,True,True
shifted,cal,40,0.225,0.0008868695688493532,0.0008868695688493498,0.0008868695688493671,True,False
shifted,cal,40,0.23500000000000001,0.0009297448068354731,0.0010551481297649337,0.0009942896465125976,True,True
shifted,cal,40,0.245,0.0010676217575279721,0.0011225439311022718,0.0010960755782884,True,True
shifted,cal,40,0.255,0.00116044925181801,0.0012194200786968135,0.001193804980267282,True,True
shifted,cal,40,0.265,0.001209891164784177,0.0013112546210398372,0.0012685345699291403,True,True
shifted,cal,40,0.275,0.0013285482473578683,0.00132854824735787,0.0013285482473578717,True,False
shifted,cal,40,0.28500000000000003,0.0013355309158739354,0.0014434340401626462,0.0013957097311310942,True,True
shifted,cal,40,0.295,0.001426164001148888,0.00148229163720341,0.0014556343228915615,True,True
