grid,status,bins,n_thresholds,certified,interior_n,interior_certified,max_width,all_empirical_targets_contained
original,raw,5,30,2,29,1,0.06959633392368839,True
original,raw,10,30,13,27,10,0.03292849073710397,True
original,raw,20,30,18,24,12,0.014177189548928881,True
original,raw,40,30,27,24,21,0.00355052648609068,True
original,cal,5,30,2,29,1,0.06845376463363331,True
original,cal,10,30,11,27,8,0.03338225935336671,True
original,cal,20,30,19,24,13,0.014512379142563155,True
original,cal,40,30,26,24,20,0.0037016098989257964,True
shifted,raw,5,29,2,29,2,0.0676324162115561,True
shifted,raw,10,29,12,29,12,0.03524317863072662,True
shifted,raw,20,29,19,29,19,0.013699579195713643,True
shifted,raw,40,29,25,23,19,0.0043711591732280425,True
shifted,cal,5,29,1,29,1,0.06675459749904124,True
shifted,cal,10,29,10,29,10,0.034974288289218884,True
shifted,cal,20,29,18,29,18,0.013594587135048783,True
shifted,cal,40,29,26,23,20,0.004342719432287562,True
