status,threshold,component,estimate,point_lo,point_hi,joint_lo,joint_hi
raw,0.01,shape,-0.00013025642788170005,-0.00023296294377705208,-2.6636143270408785e-05,-0.0028646928397608584,0.002604179983997458
raw,0.02,shape,0.0004573169871717,0.0002496615340813668,0.0006709886916641252,-0.002277119424707458,0.003191753399050858
raw,0.03,shape,0.0010785403916410829,0.0007733689330566359,0.0013717010828204065,-0.0016558960202380753,0.003812976803520241
raw,0.04,shape,0.0016241333987823,0.0012471517211061836,0.001977330178229094,-0.0011103030130968582,0.004358569810661458
raw,0.05,shape,0.0019969437308254,0.001569649462890029,0.0023952720049883144,-0.0007374926810537583,0.0047313801427045585
raw,0.06,shape,0.0021210236958201,0.001659724820539246,0.002562388781334434,-0.0006134127160590582,0.004855460107699258
raw,0.07,shape,0.0022176169487512,0.0017364076938939032,0.002693569739569435,-0.0005168194631279583,0.004952053360630359
raw,0.08,shape,0.0022515089117015,0.0017663258335913392,0.002759894169585694,-0.00048292750017765815,0.004985945323580658
raw,0.09,shape,0.0022349427454903,0.0017443315488531314,0.0027489529315299134,-0.0004994936663888583,0.004969379157369458
raw,0.1,shape,0.0021434122999628,0.0016598371033552087,0.002674265642062191,-0.000591024111916358,0.004877848711841958
raw,0.11,shape,0.0019632235572747,0.0014863856026253901,0.0024962223654726996,-0.0007712128546044582,0.004697659969153858
raw,0.12,shape,0.0018043972703525,0.00133185777236636,0.002340633601417902,-0.0009300391415266581,0.004538833682231658
raw,0.13,shape,0.0016938636636036001,0.0012314446564058573,0.00222086742772197,-0.001040572748275558,0.0044283000754827585
raw,0.14,shape,0.0015511471776847,0.0010973586775955032,0.0020550324472039024,-0.0011832892341944582,0.004285583589563859
raw,0.15,shape,0.0013730763005485999,0.0009425620805335448,0.0018787027945430957,-0.0013613601113305583,0.004107512712427758
raw,0.16,shape,0.0012120000290872727,0.0007866387830572219,0.0017146614154275946,-0.0015224363827918855,0.003946436440966431
raw,0.17,shape,0.0010607078157331999,0.0006436284400415338,0.0015285638126266998,-0.0016737285961459583,0.003795144227612358
raw,0.18,shape,0.0008767626322521,0.0004887110021860374,0.0012988412500851052,-0.0018576737796270582,0.0036111990441312584
raw,0.19,shape,0.0006686459813737,0.0003006653807454554,0.0010450726023913661,-0.002065790430505458,0.003403082393252858
raw,0.2,shape,0.0004768272600647001,0.00013569865085437228,0.0008241100457851778,-0.002257609151814458,0.0032112636719438584
raw,0.21,shape,0.00028863277252660013,-3.6033150635963574e-05,0.0006192598993809956,-0.002445803639352558,0.003023069184405758
raw,0.22,shape,0.00011126061866189988,-0.0002026130612535223,0.0004199709655372709,-0.0026231757932172585,0.002845697030541058
raw,0.23,shape,-4.0265323561800015e-05,-0.0003404886140759827,0.0002416235710582641,-0.002774701735440958,0.002694171088317358
raw,0.24,shape,-0.00017741251639590006,-0.0004419131280319373,7.480074938758964e-05,-0.0029118489282750583,0.002557023895483258
raw,0.25,shape,-0.00031119459665940015,-0.0005568343726402965,-6.915580698628991e-05,-0.0030456310085385583,0.002423241815219758
raw,0.26,shape,-0.0004414792027108,-0.0006775783374040132,-0.00022552239469962533,-0.0031759156145899584,0.002292957209168358
raw,0.27,shape,-0.0005464028794849001,-0.0007588958538002816,-0.0003500901866509792,-0.0032808392913640586,0.002188033532394258
raw,0.28,shape,-0.0006417345320795999,-0.0008441649869805165,-0.00045243545542726643,-0.003376170943958758,0.0020927018797995585
raw,0.29,shape,-0.0007422960388099001,-0.0009476732113674372,-0.0005572423390800532,-0.0034767324506890583,0.001992140373069258
raw,0.3,shape,-0.0008337318440760001,-0.0010427413002596854,-0.0006388628710553022,-0.003568168255955158,0.0019007045678031582
raw,0.01,calibration_plus_sampling,-0.0003968731608568765,-0.0012046336382619785,0.0004420609809430412,-0.0031313095727360345,0.002337563251022282
raw,0.02,calibration_plus_sampling,-0.0014669859071533,-0.0025335714536733754,-0.0005251424163584437,-0.004201422319032458,0.0012674505047258582
raw,0.03,calibration_plus_sampling,-0.000713534300966,-0.0016814051300119146,0.00020598543086049008,-0.003447970712845158,0.002020902110913158
raw,0.04,calibration_plus_sampling,-0.0018785702487482,-0.0031357321107954327,-0.000585391734580643,-0.004613006660627358,0.0008558661631309582
raw,0.05,calibration_plus_sampling,-0.001840315217028,-0.0031733718449786013,-0.00043675469702231847,-0.004574751628907158,0.0008941211948511581
raw,0.06,calibration_plus_sampling,-0.0023920763099762998,-0.0038576234987852806,-0.000847729458906504,-0.005126512721855458,0.00034236010190285843
raw,0.07,calibration_plus_sampling,-0.0026443897048373,-0.003887233783705014,-0.0014074923701463552,-0.005378826116716458,9.00467070418581e-05
raw,0.08,calibration_plus_sampling,-0.0021583327695564,-0.0034312265151595655,-0.000993119607742544,-0.004892769181435558,0.000576103642322758
raw,0.09,calibration_plus_sampling,-0.0016022359028895002,-0.003071324496044306,-0.00022747882269916138,-0.004336672314768659,0.001132200508989658
raw,0.1,calibration_plus_sampling,-0.0013322687613650998,-0.0026669138359977198,0.00018078758716816705,-0.004066705173244258,0.0014021676505140584
raw,0.11,calibration_plus_sampling,-0.0010323157273507,-0.0024906906029379078,0.0005648100364886778,-0.0037667521392298585,0.0017021206845284581
raw,0.12,calibration_plus_sampling,-0.0017041795191428998,-0.0033697888369751375,-0.0001425118037495435,-0.004438615931022058,0.0010302568927362584
raw,0.13,calibration_plus_sampling,-0.0012987548680371002,-0.0030744335968257417,0.00039236254576562827,-0.004033191279916259,0.001435681543842058
raw,0.14,calibration_plus_sampling,-0.0018742953207222,-0.003539894381302379,-0.00022074356669442232,-0.0046087317326013585,0.0008601410911569581
raw,0.15,calibration_plus_sampling,-0.0020919128501894002,-0.003845895876521864,-0.000398276382054324,-0.0048263492620685584,0.000642523561689758
raw,0.16,calibration_plus_sampling,-0.0022007874522253727,-0.003902030833756074,-0.00042644712596321235,-0.004935223864104531,0.0005336489596537855
raw,0.17,calibration_plus_sampling,-0.0019764992232415997,-0.003903381188349112,-0.00023443092462730174,-0.0047109356351207575,0.0007579371886375585
raw,0.18,calibration_plus_sampling,-0.0016381486575710001,-0.0034946588757330237,3.081369559014516e-05,-0.004372585069450158,0.001096287754308158
raw,0.19,calibration_plus_sampling,-0.0016821165452383002,-0.003522434062955771,1.9078602438266186e-05,-0.004416552957117459,0.001052319866640858
raw,0.2,calibration_plus_sampling,-0.0012763741772702998,-0.003039309674504601,0.00039644279656230255,-0.0040108105891494585,0.0014580622346088584
raw,0.21,calibration_plus_sampling,-0.0014865294596887002,-0.003271829674420212,0.0003310707702696533,-0.004220965871567858,0.001247906952190458
raw,0.22,calibration_plus_sampling,-0.0009087237647018998,-0.002536823257152495,0.0009122675285952116,-0.0036431601765810583,0.0018257126471772583
raw,0.23,calibration_plus_sampling,-0.0006932173380001,-0.002278485208770014,0.0010807806135225075,-0.003427653749879258,0.002041219073879058
raw,0.24,calibration_plus_sampling,-0.0007851677198986999,-0.002370706867434665,0.0009705889614520238,-0.003519604131777858,0.0019492686919804583
raw,0.25,calibration_plus_sampling,-0.00016242035149809987,-0.0016917201692877634,0.0016059430994008598,-0.002896856763377258,0.0025720160603810585
raw,0.26,calibration_plus_sampling,0.00042192089255149983,-0.001227652972824959,0.0022089647572514034,-0.0023125155193276584,0.003156357304430658
raw,0.27,calibration_plus_sampling,0.0011103753622059,-0.0005143634634053814,0.0029550884571662136,-0.0016240610496732581,0.0038448117740850583
raw,0.28,calibration_plus_sampling,0.0011660000196169,-0.0005774423303104088,0.0029239717325815567,-0.0015684363922622581,0.0039004364314960582
raw,0.29,calibration_plus_sampling,0.0010925216907502,-0.0006040050366956676,0.002811066153057592,-0.0016419147211289582,0.0038269581026293582
raw,0.3,calibration_plus_sampling,0.0008714071879453001,-0.0008416879802655105,0.0026483298909913385,-0.001863029223933858,0.0036058435998244584
raw,0.01,total,-0.0005271295887385765,-0.0014214858225623636,0.0003687648479175996,-0.0032615660006177346,0.0022073068231405818
raw,0.02,total,-0.0010096689199816,-0.002202485222172045,5.452026821914439e-05,-0.0037441053318607582,0.0017247674918975582
raw,0.03,total,0.00036500609067508286,-0.0007806295817066961,0.0014660333203244114,-0.002369430321204075,0.0030994425025542413
raw,0.04,total,-0.0002544368499659,-0.0015814007466381287,0.0012636390719241288,-0.002988873261845058,0.002479999561913258
raw,0.05,total,0.0001566285137974,-0.0015103794621987873,0.001643975080057134,-0.0025778078980817584,0.002891064925676558
raw,0.06,total,-0.0002710526141562,-0.0020152581471846592,0.0014619455734571005,-0.003005489026035358,0.0024633837977229584
raw,0.07,total,-0.00042677275608609994,-0.0019290378725055738,0.0011541977647037999,-0.003161209167965258,0.0023076636557930585
raw,0.08,total,9.317614214509999e-05,-0.001445463666911401,0.0015338451756217997,-0.0026412602697340583,0.002827612554024258
raw,0.09,total,0.0006327068426008,-0.001003775297098617,0.0022510515832997267,-0.002101729569278358,0.0033671432544799583
raw,0.1,total,0.0008111435385977,-0.0007464911860521887,0.0026206985043695764,-0.001923292873281458,0.0035455799504768583
raw,0.11,total,0.000930907829924,-0.0007187190743193266,0.0028202425768777575,-0.001803528581955158,0.0036653442418031583
raw,0.12,total,0.00010021775120960005,-0.0017553535394250377,0.001924778449297758,-0.002634218660669558,0.0028346541630887585
raw,0.13,total,0.0003951087955665001,-0.0015660704746474012,0.0023475748167447667,-0.002339327616312658,0.0031295452074456584
raw,0.14,total,-0.00032314814303750013,-0.0023101231947380424,0.0014103013384419287,-0.003057584554916658,0.0024112882688416583
raw,0.15,total,-0.0007188365496408001,-0.0026554931258337155,0.0011498466715830784,-0.0034532729615199586,0.002015599862238358
raw,0.16,total,-0.0009887874231381,-0.0029245827929711343,0.0010812578976510897,-0.003723223835017258,0.0017456489887410582
raw,0.17,total,-0.0009157914075083999,-0.003054510959507909,0.000917610692694273,-0.003650227819387558,0.0018186450043707583
raw,0.18,total,-0.0007613860253189002,-0.0029026133557332767,0.0009709407945494849,-0.003495822437198058,0.0019730503865602583
raw,0.19,total,-0.0010134705638646002,-0.0029664582980261046,0.0009034944038442034,-0.0037479069757437584,0.001720965848014558
raw,0.2,total,-0.0007995469172055998,-0.0027062495507124357,0.0009319353025445916,-0.003533983329084758,0.0019348894946735584
raw,0.21,total,-0.0011978966871621,-0.0030884310103158276,0.00067062849890252,-0.003932333099041258,0.0015365397247170582
raw,0.22,total,-0.00079746314604,-0.0025897546947042816,0.0010859797363946858,-0.003531899557919158,0.0019369732658391582
raw,0.23,total,-0.0007334826615619,-0.0024053037465535574,0.001058122331484911,-0.0034679190734410582,0.002000953750317258
raw,0.24,total,-0.0009625802362946,-0.0025205107055572915,0.0008444890426866602,-0.003697016648173758,0.0017718561755845582
raw,0.25,total,-0.0004736149481575,-0.0020314706813308664,0.0012613096374103393,-0.0032080513600366584,0.002260821463721658
raw,0.26,total,-1.9558310159300185e-05,-0.001652533892166319,0.001801934258487795,-0.0027539947220384586,0.002714878101719858
raw,0.27,total,0.0005639724827209999,-0.0010728031615480679,0.002443490090000149,-0.0021704639291581585,0.003298408894600158
raw,0.28,total,0.0005242654875373,-0.0012326019681759392,0.002300547966649713,-0.0022101709243418583,0.003258701899416458
raw,0.29,total,0.00035022565194029994,-0.001336200175720296,0.0020708184614419115,-0.0023842107599388583,0.003084662063819458
raw,0.3,total,3.767534386930004e-05,-0.001650203366120472,0.0018012219091525109,-0.002696761068009858,0.0027721117557484585
cal,0.01,shape,-0.0001892694371669,-0.0002952923240710479,-8.314008587614992e-05,-0.0029237058490460583,0.002545166974712258
cal,0.02,shape,0.0004730312596952,0.0002657885865255262,0.000690349308036769,-0.0022614051521839583,0.003207467671574358
cal,0.03,shape,0.0011169714567004,0.0008080064210373042,0.0014180441483809248,-0.0016174649551787582,0.0038514078685795584
cal,0.04,shape,0.0016543062769810999,0.0012736560745107007,0.0020119413055737934,-0.0010801301348980583,0.004388742688860258
cal,0.05,shape,0.0020059785640985997,0.0015693369613129318,0.0024157867573395553,-0.0007284578477805585,0.004740414975977758
cal,0.06,shape,0.0020952279819497002,0.0016307405019209736,0.0025418832702841106,-0.000639208429929458,0.004829664393828858
cal,0.07,shape,0.0021999245011701,0.0017099027265233234,0.0026885640679463405,-0.0005345119107090582,0.004934360913049258
cal,0.08,shape,0.0022271310111427,0.0017386224971511729,0.0027467017426752506,-0.0005073054007364583,0.004961567423021858
cal,0.09,shape,0.0021729789392731,0.001683170354065941,0.0026964771382245126,-0.000561457472606058,0.004907415351152258
cal,0.1,shape,0.0020609641685875,0.001571982459547575,0.0026033994587749253,-0.0006734722432916581,0.004795400580466658
cal,0.11,shape,0.0018642293605651001,0.0013850660161354145,0.002401572718288098,-0.000870207051314058,0.004598665772444258
cal,0.12,shape,0.00172948784729,0.0012533530480262692,0.0022684458526620963,-0.0010049485645891583,0.004463924259169158
cal,0.13,shape,0.001614686382732,0.001147725286758076,0.002137947058096153,-0.0011197500291471583,0.0043491227946111585
cal,0.14,shape,0.0014493453229146,0.0009927443383695254,0.0019577209943121075,-0.0012850910889645583,0.004183781734793758
cal,0.15,shape,0.0012750901039053,0.0008398697407514138,0.0017856193637022422,-0.0014593463079738583,0.004009526515784458
cal,0.16,shape,0.0011159413335004,0.0006876506338945705,0.001614939652343004,-0.001618495078378758,0.0038503777453795583
cal,0.17,shape,0.0009562492371116105,0.0005421680987146188,0.001419420934142739,-0.0017781871747675477,0.0036906856489907687
cal,0.18,shape,0.0007545008433864999,0.00037120013200949694,0.001172431047833773,-0.0019799355684926583,0.003488937255265658
cal,0.19,shape,0.0005515723264121,0.00018874317085810978,0.0009260557362420668,-0.0021828640854670584,0.003286008738291258
cal,0.2,shape,0.0003675496676051,3.289839543946315e-05,0.0007129623314339746,-0.002366886744274058,0.0031019860794842583
cal,0.21,shape,0.00017996290760590003,-0.00014670807986129903,0.0005106182465650571,-0.0025544735042732584,0.002914399319485058
cal,0.22,shape,1.0105503493300057e-05,-0.0003002382421673351,0.00030609875016774843,-0.0027243309083858584,0.002744541915372458
cal,0.23,shape,-0.00012591913807620005,-0.0004137942297721468,0.0001460644403475425,-0.0028603555499553584,0.002608517273802958
cal,0.24,shape,-0.0002559241785560001,-0.0005085471911191059,-2.2016465192313354e-06,-0.0029903605904351583,0.002478512233323158
cal,0.25,shape,-0.0003852259929349001,-0.0006288271235711332,-0.00015679394086464858,-0.003119662404814058,0.002349210418944258
cal,0.26,shape,-0.0005030990562077001,-0.0007314408214531875,-0.0002947559331569965,-0.003237535468086858,0.0022313373556714583
cal,0.27,shape,-0.0005914432696199001,-0.0007963668271478714,-0.0003981418160015271,-0.003325879681499058,0.0021429931422592583
cal,0.28,shape,-0.0006869537729074001,-0.0008878040080193689,-0.000491356962718682,-0.0034213901847865583,0.002047482638971758
cal,0.29,shape,-0.0007831381143335,-0.000982029936462816,-0.0005954678506666792,-0.0035175745262126584,0.0019512982975456582
cal,0.3,shape,-0.0008605561818955,-0.0010671187656828263,-0.0006726799428418386,-0.0035949925937746583,0.001873880229983658
cal,0.01,calibration_plus_sampling,0.000493725020343,-0.00039816118678476177,0.0013896747381784793,-0.002240711391536158,0.0032281614322221585
cal,0.02,calibration_plus_sampling,-0.0010785867167552,-0.0021366563891657697,-2.2730055094378588e-05,-0.003813023128634358,0.0016558496951239582
cal,0.03,calibration_plus_sampling,-0.0005107538929650999,-0.0016182047648391855,0.0005309934386793842,-0.003245190304844258,0.0022236825189140583
cal,0.04,calibration_plus_sampling,-0.0015590113124785,-0.002759360155379549,-0.000235063375526274,-0.004293447724357658,0.0011754250994006582
cal,0.05,calibration_plus_sampling,-0.0015458553562723,-0.002822202663171986,-8.724840086455423e-05,-0.004280291768151458,0.0011885810556068583
cal,0.06,calibration_plus_sampling,-0.0018993923783857999,-0.0034601507124216915,-0.00043633058140129524,-0.004633828790264958,0.0008350440334933583
cal,0.07,calibration_plus_sampling,-0.0026289439260697997,-0.003935905899157531,-0.0013027362412996115,-0.005363380337948958,0.00010549248580935845
cal,0.08,calibration_plus_sampling,-0.0022441402749598,-0.0034910025962570897,-0.0009743590605877223,-0.004978576686838958,0.0004902961369193581
cal,0.09,calibration_plus_sampling,-0.0013224651824724001,-0.002620500805303639,8.773418084771432e-05,-0.004056901594351558,0.001411971229406758
cal,0.1,calibration_plus_sampling,-0.0011971540519057665,-0.0024912854042246184,0.0004025741760658347,-0.003931590463784925,0.0015372823599733916
cal,0.11,calibration_plus_sampling,-0.0015477200449637999,-0.0031139536138238577,6.173829760426172e-05,-0.004282156456842958,0.0011867163669153583
cal,0.12,calibration_plus_sampling,-0.0019496329239662002,-0.003466855993273997,-0.00041315082303506717,-0.004684069335845358,0.000784803487912958
cal,0.13,calibration_plus_sampling,-0.0017804442065601001,-0.003524199871839279,0.00011252699140636825,-0.004514880618439259,0.0009539922053190581
cal,0.14,calibration_plus_sampling,-0.0018546471137867002,-0.003520312792070872,-0.0002687289398617402,-0.004589083525665859,0.000879789298092458
cal,0.15,calibration_plus_sampling,-0.0026124828879195,-0.004179885004363628,-0.0009945136164109171,-0.0053469192997986584,0.00012195352395965838
cal,0.16,calibration_plus_sampling,-0.0022464115647995,-0.004033737781145703,-0.000539704483344987,-0.004980847976678658,0.00048802484707965825
cal,0.17,calibration_plus_sampling,-0.0024144802083132105,-0.0042754104355872515,-0.0006939509161343232,-0.005148916620192369,0.00031995620356594767
cal,0.18,calibration_plus_sampling,-0.0020881026175772,-0.003736124767162582,-0.000477412297235432,-0.004822539029456358,0.0006463337943019582
cal,0.19,calibration_plus_sampling,-0.0016702413430056003,-0.003378878257770201,-0.00010024860411488685,-0.004404677754884758,0.0010641950688735579
cal,0.2,calibration_plus_sampling,-0.0016089991928927,-0.0033514594713033694,0.00012040720002191285,-0.004343435604771858,0.0011254372189864583
cal,0.21,calibration_plus_sampling,-0.0015754847396537,-0.003352390250766387,0.00025042366796091975,-0.004309921151532859,0.001158951672225458
cal,0.22,calibration_plus_sampling,-0.0009082439902686999,-0.0024970241565753404,0.0008206520755859298,-0.003642680402147858,0.0018261924216104583
cal,0.23,calibration_plus_sampling,-0.0011074973142360999,-0.002654856177924944,0.0006144288233477053,-0.003841933726115258,0.0016269390976430583
cal,0.24,calibration_plus_sampling,-0.0009794767422593,-0.002402347233962864,0.0007942169665482028,-0.003713913154138458,0.0017549596696198582
cal,0.25,calibration_plus_sampling,0.0001627894648721,-0.0014235456484391772,0.0018873606868932827,-0.002571646947007058,0.002897225876751258
cal,0.26,calibration_plus_sampling,0.00044565808458320007,-0.0011758631607138332,0.0022004431300829542,-0.002288778327295958,0.0031800944964623583
cal,0.27,calibration_plus_sampling,0.0007120741218367001,-0.0009495271901372074,0.002468095587875813,-0.002022362290042458,0.0034465105337158583
cal,0.28,calibration_plus_sampling,0.0010344733912885,-0.0005913941569996914,0.002616675674255384,-0.0016999630205906582,0.0037689098031676582
cal,0.29,calibration_plus_sampling,0.00042049171417670003,-0.0012669925094468415,0.00212614164095728,-0.0023139446977024584,0.003154928126055858
cal,0.3,calibration_plus_sampling,0.0008945735741142,-0.0007581346409662488,0.002632740462030552,-0.0018398628377649582,0.003629009985993358
cal,0.01,total,0.0003044555831761,-0.0006438617654858162,0.0012206867649908648,-0.0024299808287030584,0.003038891995055258
cal,0.02,total,-0.00060555545706,-0.0017630984772474415,0.0005557688607560323,-0.003339991868939158,0.0021288809548191583
cal,0.03,total,0.0006062175637353,-0.0006705637886458063,0.001791895100042405,-0.0021282188481438584,0.003340653975614458
cal,0.04,total,9.529496450260007e-05,-0.0012825208352158592,0.0016760367212782787,-0.002639141447376558,0.0028297313763817585
cal,0.05,total,0.0004601232078263,-0.001030849327237357,0.0019854165740771546,-0.002274313204052858,0.0031945596197054584
cal,0.06,total,0.00019583560356390003,-0.0016074411336821945,0.0018657388418148416,-0.0025386008083152583,0.002930272015443058
cal,0.07,total,-0.00042901942489969994,-0.0019656243418850385,0.0011862958947780385,-0.003163455836778858,0.0023054169869794585
cal,0.08,total,-1.7009263817100015e-05,-0.001551827933138601,0.0014587169184720335,-0.0027514456756962584,0.002717427148062058
cal,0.09,total,0.0008505137568006998,-0.0006926751944304864,0.002503505352947755,-0.0018839226550784584,0.0035849501686798582
cal,0.1,total,0.0008638101166817334,-0.0007591343565041066,0.002660617309510341,-0.001870626295197425,0.0035982465285608915
cal,0.11,total,0.00031650931560130006,-0.0015016847019111111,0.0021464981972500016,-0.0024179270962778584,0.003050945727480458
cal,0.12,total,-0.00022014507667620015,-0.002083208229486633,0.001500616391241363,-0.0029545814885553585,0.002514291335202958
cal,0.13,total,-0.00016575782382810002,-0.002127851744983941,0.0018449107350888188,-0.0029001942357072584,0.002568678588051058
cal,0.14,total,-0.00040530179087210007,-0.0023201002897675744,0.0013009260750664795,-0.003139738202751258,0.0023291346210070583
cal,0.15,total,-0.0013373927840142,-0.003182089572447627,0.00048465572710886673,-0.004071829195893358,0.001397043627864958
cal,0.16,total,-0.0011304702312990998,-0.0030943822498155785,0.0007855388288086821,-0.003864906643178258,0.0016039661805800584
cal,0.17,total,-0.0014582309712016,-0.003388600966155908,0.0003851994792422457,-0.004192667383080759,0.0012762054406775581
cal,0.18,total,-0.0013336017741906998,-0.0031644758079592055,0.0004563646533462482,-0.004068038186069858,0.0014008346376884584
cal,0.19,total,-0.0011186690165935,-0.002901248031956751,0.0006158256064870277,-0.0038531054284726583,0.001615767395285658
cal,0.2,total,-0.0012414495252875998,-0.0031290158428225706,0.0005167159792225772,-0.003975885937166758,0.0014929868865915584
cal,0.21,total,-0.0013955218320478003,-0.0033510797479217366,0.0003933113438006023,-0.004129958243926958,0.001338914579831358
cal,0.22,total,-0.0008981384867753999,-0.002586978158343913,0.0009510385753477577,-0.0036325748986545583,0.0018362979251037583
cal,0.23,total,-0.0012334164523122998,-0.002809652114536744,0.0004789341805211594,-0.003967852864191458,0.0015010199595668584
cal,0.24,total,-0.0012354009208153,-0.0027430895773512547,0.0006150119754797112,-0.003969837332694458,0.001499035491063858
cal,0.25,total,-0.0002224365280628001,-0.001756894521302258,0.0015209380628803287,-0.002956872939941958,0.002511999883816358
cal,0.26,total,-5.7440971624500006e-05,-0.0015859189250556282,0.0017652936008352399,-0.0027918773835036584,0.002676995440254658
cal,0.27,total,0.00012063085221679999,-0.0015379635014885304,0.0018584242965458562,-0.0026138055596623584,0.002855067264095958
cal,0.28,total,0.0003475196183811,-0.0012812572976684138,0.0019376397313667557,-0.0023869167934980583,0.003081956030260258
cal,0.29,total,-0.00036264640015679995,-0.002052983838994292,0.0013539098438853947,-0.003097082812035958,0.0023717900117223582
cal,0.3,total,3.401739221870002e-05,-0.0016134930458984057,0.0017785358246004827,-0.002700419019660458,0.0027684538040978583
