case,threshold,true_A,true_B,true_delta,beta_A,beta_B,beta_delta,population_beta_wrong
beta_control,0.1,0.116360969030172,0.12094973921675484,-0.004588770186582838,0.11636096903017198,0.12094973921675482,-0.004588770186582838,False
beta_control,0.15,0.0792286587248479,0.0879351719593461,-0.008706513234498198,0.07922865872484787,0.08793517195934608,-0.008706513234498212,False
beta_control,0.2,0.050027779063808,0.061339961529057775,-0.011312182465249773,0.05002777906380797,0.061339961529057754,-0.011312182465249787,False
beta_control,0.25,0.02930062562227248,0.04103950434758341,-0.01173887872531093,0.029300625622272463,0.041039504347583376,-0.011738878725310913,False
beta_control,0.3,0.015889797706748,0.026283444829711223,-0.010393647122963222,0.01588979770674798,0.026283444829711223,-0.010393647122963243,False
beta_control,0.4,0.0036395800657919946,0.009309825983821105,-0.00567024591802911,0.003639580065791983,0.009309825983821093,-0.00567024591802911,False
mixture_025,0.1,0.13455315447538221,0.14018130039756627,-0.005628145922184052,0.14658506812469516,0.14906331703981426,-0.002478248915119108,False
mixture_025,0.15,0.11563539275813085,0.10604515785193591,0.009590234906194942,0.1265806762098377,0.13004650012589583,-0.003465823916058125,True
mixture_025,0.2,0.09630949643379724,0.07172032925791234,0.0245891671758849,0.10911826311210908,0.11335849596872252,-0.004240232856613443,True
mixture_025,0.25,0.07440718377699439,0.06724128098602553,0.007165902790968862,0.09369085069350218,0.09850668234373272,-0.004815831650230543,True
mixture_025,0.3,0.05267638522880855,0.06678283535936404,-0.01410645013055549,0.07997597785056366,0.0851842093327268,-0.0052082314821631365,False
mixture_025,0.4,0.04976661656649009,0.06563734306219277,-0.015870726495702675,0.056843751418464615,0.06234673611113753,-0.0055029846926729145,False
mixture_050,0.1,0.15609451744213487,0.1598466147235909,-0.003752097281456035,0.16817589800778776,0.16943108643352886,-0.0012551884257410995,False
mixture_050,0.15,0.1434783320969173,0.137084842159454,0.006393489937463304,0.1563872995659711,0.15810535324467687,-0.0017180536787057554,True
mixture_050,0.2,0.13058951398859694,0.11419673587134035,0.01639277811725659,0.14569178557434204,0.14781093323272249,-0.002119147658380449,True
mixture_050,0.25,0.11598243336190632,0.11120516483459374,0.004777268527312584,0.13575592545238685,0.13822655106436788,-0.0024706256119810255,True
mixture_050,0.3,0.10148890420922382,0.11089320429626083,-0.009404300087037007,0.1263810476136354,0.12916060046613484,-0.0027795528524994506,False
mixture_050,0.4,0.09953323313294841,0.11011371746341687,-0.01058048433046846,0.10881653584094,0.11210162359444244,-0.003285087753502433,False
