case,n,threshold,repetitions,beta_wrong_rate,beta_wrong_mc_lo,beta_wrong_mc_hi,observed_wrong_rate,observed_wrong_mc_lo,observed_wrong_mc_hi,known_mu_beta_wrong_rate,known_mu_beta_wrong_mc_lo,known_mu_beta_wrong_mc_hi,beta_wrong_ipd_ci_correct_rate,beta_wrong_ipd_ci_correct_mc_lo,beta_wrong_ipd_ci_correct_mc_hi,estimated_beta_delta_mean,observed_delta_mean,proxy_delta_mean,beta_population_regret_mean,observed_population_regret_mean,observed_ci_covers_mean,beta_tie_mean,observed_tie_mean
beta_control,500,0.1,200,0.275,0.21779700329307355,0.34068339357669647,0.295,0.23613943856849148,0.36158714524618774,0.0,1.734723475976807e-18,0.018845326377266575,0.015,0.00511423779325831,0.04316572879269026,-0.004439946380631423,-0.003975555555555554,-0.0043462557046516585,0.0012619118013102806,0.0013536872050419373,0.955,0.0,0.01
beta_control,500,0.15,200,0.115,0.07786373232561955,0.16664716898487572,0.25,0.19508168006817497,0.31434098312045833,0.0,1.734723475976807e-18,0.018845326377266575,0.015,0.00511423779325831,0.04316572879269026,-0.008517424964283989,-0.007812941176470587,-0.008411612602099485,0.0010012490219672926,0.00217662830862455,0.955,0.0,0.0
beta_control,500,0.2,200,0.035,0.017055542008567192,0.07047061152229073,0.23,0.17709343259068805,0.2930830436530359,0.0,1.734723475976807e-18,0.018845326377266575,0.005,0.0008831687156009814,0.02777370439789293,-0.011103575605249742,-0.0112925,-0.01113904289020133,0.0003959263862837421,0.0026018019670074476,0.96,0.0,0.0
beta_control,500,0.25,200,0.005,0.0008831687156009814,0.02777370439789293,0.24,0.1860661599241369,0.30373340979204166,0.0,1.734723475976807e-18,0.018845326377266575,0.0,1.734723475976807e-18,0.018845326377266575,-0.011521611876359356,-0.012343333333333333,-0.01161434444154485,5.8694393626554654e-05,0.002817330894074623,0.915,0.0,0.015
beta_control,500,0.3,200,0.0,1.734723475976807e-18,0.018845326377266575,0.26,0.20413830063574687,0.32490745602534116,0.0,1.734723475976807e-18,0.018845326377266575,0.0,1.734723475976807e-18,0.018845326377266575,-0.010182058299375445,-0.011335714285714284,-0.010241272488569875,0.0,0.002702348251970438,0.94,0.0,0.0
beta_control,500,0.4,200,0.0,1.734723475976807e-18,0.018845326377266575,0.255,0.1996049517203135,0.3196292582045472,0.0,1.734723475976807e-18,0.018845326377266575,0.0,1.734723475976807e-18,0.018845326377266575,-0.005523897091673133,-0.006996666666666664,-0.005562659174965423,0.0,0.0014459127090974233,0.96,0.0,0.035
beta_control,3000,0.1,200,0.03,0.013820314340111346,0.06389429245451925,0.07,0.042152171828342806,0.11405480885610647,0.0,1.734723475976807e-18,0.018845326377266575,0.02,0.0078044264163494685,0.050287086905826436,-0.005023954700148448,-0.00452055555555554,-0.005017391780799395,0.00013766310559748516,0.00032121391306079867,0.975,0.0,0.0
beta_control,3000,0.15,200,0.0,1.734723475976807e-18,0.018845326377266575,0.055,0.03098534170345884,0.0957869987723084,0.0,1.734723475976807e-18,0.018845326377266575,0.0,1.734723475976807e-18,0.018845326377266575,-0.00908119586923106,-0.008060490196078428,-0.009052901259343243,0.0,0.00047885822789740085,0.94,0.0,0.0
beta_control,3000,0.2,200,0.0,1.734723475976807e-18,0.018845326377266575,0.055,0.03098534170345884,0.0957869987723084,0.0,1.734723475976807e-18,0.018845326377266575,0.0,1.734723475976807e-18,0.018845326377266575,-0.01160473642872545,-0.010251666666666666,-0.011580780908434648,0.0,0.0006221700355887375,0.95,0.0,0.0
beta_control,3000,0.25,200,0.0,1.734723475976807e-18,0.018845326377266575,0.04,0.020405632066152306,0.07693206820093293,0.0,1.734723475976807e-18,0.018845326377266575,0.0,1.734723475976807e-18,0.018845326377266575,-0.011945025845547592,-0.011259444444444443,-0.011955939949038107,0.0,0.00046955514901243724,0.95,0.0,0.0
beta_control,3000,0.3,200,0.0,1.734723475976807e-18,0.018845326377266575,0.065,0.03837635464915299,0.10801907929906895,0.0,1.734723475976807e-18,0.018845326377266575,0.0,1.734723475976807e-18,0.018845326377266575,-0.010524291171816523,-0.009767380952380954,-0.010551515739172769,0.0,0.0006755870629926095,0.96,0.0,0.0
beta_control,3000,0.4,200,0.0,1.734723475976807e-18,0.018845326377266575,0.14,0.09866982633455634,0.1948988086570756,0.0,1.734723475976807e-18,0.018845326377266575,0.0,1.734723475976807e-18,0.018845326377266575,-0.0057081489384402835,-0.005364999999999997,-0.005721737297070736,0.0,0.0007938344285240754,0.955,0.0,0.0
beta_control,10000,0.1,200,0.005,0.0008831687156009814,0.02777370439789293,0.0,1.734723475976807e-18,0.018845326377266575,0.0,1.734723475976807e-18,0.018845326377266575,0.005,0.0008831687156009814,0.02777370439789293,-0.004520047474678005,-0.004704944444444495,-0.0045246680749144565,2.2943850932914193e-05,0.0,0.975,0.0,0.0
beta_control,10000,0.15,200,0.0,1.734723475976807e-18,0.018845326377266575,0.0,1.734723475976807e-18,0.018845326377266575,0.0,1.734723475976807e-18,0.018845326377266575,0.0,1.734723475976807e-18,0.018845326377266575,-0.008646128046951697,-0.008496882352941163,-0.008642332147488775,0.0,0.0,0.94,0.0,0.0
beta_control,10000,0.2,200,0.0,1.734723475976807e-18,0.018845326377266575,0.0,1.734723475976807e-18,0.018845326377266575,0.0,1.734723475976807e-18,0.018845326377266575,0.0,1.734723475976807e-18,0.018845326377266575,-0.01126149675196405,-0.01105075,-0.011260302742718987,0.0,0.0,0.955,0.0,0.0
beta_control,10000,0.25,200,0.0,1.734723475976807e-18,0.018845326377266575,0.0,1.734723475976807e-18,0.018845326377266575,0.0,1.734723475976807e-18,0.018845326377266575,0.0,1.734723475976807e-18,0.018845326377266575,-0.011697907197661324,-0.011239166666666672,-0.011696282238550229,0.0,0.0,0.955,0.0,0.0
beta_control,10000,0.3,200,0.0,1.734723475976807e-18,0.018845326377266575,0.0,1.734723475976807e-18,0.018845326377266575,0.0,1.734723475976807e-18,0.018845326377266575,0.0,1.734723475976807e-18,0.018845326377266575,-0.010361992032456538,-0.009909857142857132,-0.010354347538411326,0.0,0.0,0.95,0.0,0.0
beta_control,10000,0.4,200,0.0,1.734723475976807e-18,0.018845326377266575,0.02,0.0078044264163494685,0.050287086905826436,0.0,1.734723475976807e-18,0.018845326377266575,0.0,1.734723475976807e-18,0.018845326377266575,-0.0056548701483664235,-0.005452166666666669,-0.005661202015835074,0.0,0.0001134049183605822,0.955,0.0,0.0
mixture_025,500,0.1,200,0.35,0.28728824127358077,0.4183653566395992,0.185,0.13730192800616042,0.2445706276115175,0.285,0.22695003004617292,0.3511534602960517,0.025,0.010724719651761264,0.05717834040664198,-0.0044481202225729825,-0.0056333333333333365,-0.00743155094320202,0.0019698510727644185,0.0010412069956040498,0.95,0.0,0.005
mixture_025,500,0.15,200,0.655,0.5867558925905368,0.7174020562325106,0.165,0.11996855328217307,0.2226578153905955,0.715,0.6488465397039482,0.7730499699538271,0.115,0.07786373232561955,0.16664716898487572,-0.005485664497768872,0.009761764705882348,0.007893290439799867,0.0062816038635576865,0.0015823887595221653,0.955,0.0,0.0
mixture_025,500,0.2,200,0.66,0.5918849552683626,0.7220845402909121,0.035,0.017055542008567192,0.07047061152229073,0.715,0.6488465397039482,0.7730499699538271,0.225,0.17262369715089126,0.2877412323566053,-0.0062671172660326725,0.0241925,0.02297813355956867,0.01622885033608403,0.0008606208511559715,0.96,0.0,0.01
mixture_025,500,0.25,200,0.675,0.6073198511602996,0.7360842846076571,0.34,0.27791545970908793,0.4081150447316374,0.715,0.6488465397039482,0.7730499699538271,0.015,0.00511423779325831,0.04316572879269026,-0.006811463029821008,0.006253333333333332,0.005594778580343474,0.004836984383903981,0.002436406948929413,0.94,0.0,0.01
mixture_025,500,0.3,200,0.315,0.2546232099022851,0.3823495608573036,0.16,0.1156741203158702,0.21714070162067106,0.285,0.22695003004617292,0.3511534602960517,0.01,0.0027466581335444384,0.0357217617161768,-0.007139466301022678,-0.014954285714285729,-0.015622584425540244,0.0044435317911249795,0.0022570320208888783,0.93,0.0,0.005
mixture_025,500,0.4,200,0.31,0.2499894483607809,0.37717177566258037,0.11,0.07377244460125303,0.1609269099730149,0.285,0.22695003004617292,0.3511534602960517,0.0,1.734723475976807e-18,0.018845326377266575,-0.007226590107095144,-0.017446666666666662,-0.01738774662776488,0.004919925213667829,0.0017457799145272942,0.935,0.0,0.0
mixture_025,3000,0.1,200,0.34,0.27791545970908793,0.4081150447316374,0.01,0.0027466581335444384,0.0357217617161768,0.135,0.09446570454787906,0.18929138370752552,0.195,0.1460552053440051,0.25544044374612745,-0.0022267590850924214,-0.005770555555555574,-0.005357939250979068,0.0019135696135425778,5.6281459221840525e-05,0.96,0.0,0.0
mixture_025,3000,0.15,200,0.705,0.6384128547538122,0.7638605614315084,0.005,0.0008831687156009814,0.02777370439789293,0.865,0.8107086162924745,0.9055342954521209,0.425,0.3585361254351385,0.49429067352145145,-0.0032146241922307826,0.009446862745098029,0.009856298654414316,0.006761115608867434,4.795117453097471e-05,0.965,0.0,0.0
mixture_025,3000,0.2,200,0.745,0.6803707417954529,0.8003950482796865,0.0,1.734723475976807e-18,0.018845326377266575,0.865,0.8107086162924745,0.9055342954521209,0.725,0.6593166064233035,0.7822029967069265,-0.003992999852586632,0.024246666666666666,0.024849578047997953,0.018318929546034247,0.0,0.93,0.0,0.0
mixture_025,3000,0.25,200,0.77,0.7069169563469642,0.8229065674093119,0.185,0.13730192800616042,0.2445706276115175,0.865,0.8107086162924745,0.9055342954521209,0.085,0.05374575017747561,0.13189587071565567,-0.004575297435043705,0.0067677777777777745,0.00738807504910134,0.005517745149046024,0.0013256920163292392,0.925,0.0,0.0
mixture_025,3000,0.3,200,0.21,0.15928412069979,0.2716461685990246,0.035,0.017055542008567192,0.07047061152229073,0.135,0.09446570454787906,0.18929138370752552,0.025,0.010724719651761264,0.05717834040664198,-0.004976611614515988,-0.014242619047619077,-0.01394032625861453,0.002962354527416653,0.0004937257545694422,0.92,0.0,0.0
mixture_025,3000,0.4,200,0.195,0.1460552053440051,0.25544044374612745,0.0,1.734723475976807e-18,0.018845326377266575,0.135,0.09446570454787906,0.18929138370752552,0.035,0.017055542008567192,0.07047061152229073,-0.005294786560180968,-0.01579611111111111,-0.015714099539234073,0.003094791666662022,0.0,0.955,0.0,0.0
mixture_025,10000,0.1,200,0.27,0.21323449814685846,0.33543435198668425,0.0,1.734723475976807e-18,0.018845326377266575,0.015,0.00511423779325831,0.04316572879269026,0.245,0.1905686808903718,0.30904243556203415,-0.002139243050757364,-0.005474666666666581,-0.005360740409645881,0.001519599398989694,0.0,0.93,0.0,0.0
mixture_025,10000,0.15,200,0.835,0.7773421846094045,0.8800314467178268,0.0,1.734723475976807e-18,0.018845326377266575,0.985,0.9568342712073097,0.9948857622067417,0.835,0.7773421846094045,0.8800314467178268,-0.0030840363018328648,0.009943852941176348,0.009905279808171175,0.008007846146672777,0.0,0.93,0.0,0.0
mixture_025,10000,0.2,200,0.875,0.8219857499741765,0.9138802552428735,0.0,1.734723475976807e-18,0.018845326377266575,0.985,0.9568342712073097,0.9948857622067417,0.875,0.8219857499741765,0.9138802552428735,-0.0038282074114973424,0.024928125000000002,0.02494544790800612,0.021515521278899285,0.0,0.945,0.0,0.0
mixture_025,10000,0.25,200,0.9,0.8505941875672826,0.9343295513309041,0.03,0.013820314340111346,0.06389429245451925,0.985,0.9568342712073097,0.9948857622067417,0.475,0.4069162264657108,0.5440260398531525,-0.004384968382677923,0.007618666666666798,0.007555577629579102,0.006449312511871975,0.00021497708372906585,0.95,0.0,0.0
mixture_025,10000,0.3,200,0.08,0.049840585889759974,0.12598948826714396,0.0,1.734723475976807e-18,0.018845326377266575,0.015,0.00511423779325831,0.04316572879269026,0.07,0.042152171828342806,0.11405480885610647,-0.004768879390961746,-0.013453571428571398,-0.013683514566030135,0.0011285160104444391,0.0,0.95,0.0,0.0
mixture_025,10000,0.4,200,0.045,0.023852543001492997,0.0832967040018196,0.0,1.734723475976807e-18,0.018845326377266575,0.015,0.00511423779325831,0.04316572879269026,0.04,0.020405632066152306,0.07693206820093293,-0.005073994843251911,-0.015467,-0.015455756996096297,0.0007141826923066204,0.0,0.935,0.0,0.0
mixture_050,500,0.1,200,0.455,0.387482193098835,0.524213886275119,0.215,0.1637187625450758,0.27702307348996613,0.425,0.3585361254351385,0.49429067352145145,0.035,0.017055542008567192,0.07047061152229073,-0.0016629710755416255,-0.003996666666666666,-0.0042519392460258106,0.001707204263062496,0.0008067009155130475,0.95,0.0,0.02
mixture_050,500,0.15,200,0.555,0.4857330241280342,0.6221939899704665,0.23,0.17709343259068805,0.2930830436530359,0.575,0.5057093264785485,0.6414638745648614,0.055,0.03098534170345884,0.0957869987723084,-0.0020416824742018596,0.006085294117647058,0.005996976755762729,0.003548386915292133,0.0014705026856165599,0.97,0.0,0.005
mixture_050,500,0.2,200,0.55,0.48075615138475697,0.6173593159775166,0.115,0.07786373232561955,0.16664716898487572,0.575,0.5057093264785485,0.6414638745648614,0.085,0.05374575017747561,0.13189587071565567,-0.002367476838001328,0.015045000000000001,0.016131208017516708,0.009016027964491125,0.0018851694834845078,0.925,0.0,0.0
mixture_050,500,0.25,200,0.55,0.48075615138475697,0.6173593159775166,0.36,0.2966919730456654,0.42858471833996925,0.575,0.5057093264785485,0.6414638745648614,0.015,0.00511423779325831,0.04316572879269026,-0.002650637705359142,0.005150000000000001,0.004699072115307786,0.002627497690021921,0.00171981666983253,0.945,0.0,0.02
mixture_050,500,0.3,200,0.435,0.36815725502699076,0.504292637402054,0.18,0.13294625859420173,0.23911475028724882,0.425,0.3585361254351385,0.49429067352145145,0.005,0.0008831687156009814,0.02777370439789293,-0.002897121068753633,-0.00905857142857144,-0.009327848031347206,0.004090870537861098,0.0016927740156666613,0.945,0.0,0.0
mixture_050,500,0.4,200,0.42,0.35373599161616726,0.4892792606041954,0.225,0.17262369715089126,0.2877412323566053,0.425,0.3585361254351385,0.49429067352145145,0.0,1.734723475976807e-18,0.018845326377266575,-0.0032928756278596772,-0.01039,-0.010502592067506837,0.004443803418796753,0.002380608974355403,0.965,0.0,0.01
mixture_050,3000,0.1,200,0.45,0.3826406840224836,0.5192438486152432,0.035,0.017055542008567192,0.07047061152229073,0.255,0.1996049517203135,0.3196292582045472,0.18,0.13294625859420173,0.23911475028724882,-0.001087214990576326,-0.0040320370370370475,-0.003686333163128252,0.0016884437766552158,0.00013132340485096122,0.945,0.0,0.01
mixture_050,3000,0.15,200,0.585,0.5157391490134403,0.6510571455024242,0.025,0.010724719651761264,0.05717834040664198,0.745,0.6803707417954529,0.8003950482796865,0.305,0.24536415630735034,0.37198552097978366,-0.0015556599892409052,0.006757549019607801,0.006440079214624996,0.0037401916134160327,0.00015983724843658258,0.98,0.0,0.0
mixture_050,3000,0.2,200,0.615,0.5459986722024608,0.6796669027307678,0.0,1.734723475976807e-18,0.018845326377266575,0.745,0.6803707417954529,0.8003950482796865,0.585,0.5157391490134403,0.6510571455024242,-0.001962254006875721,0.016949583333333334,0.016448443516658102,0.010081558542112803,0.0,0.965,0.0,0.0
mixture_050,3000,0.25,200,0.655,0.5867558925905368,0.7174020562325106,0.165,0.11996855328217307,0.2226578153905955,0.745,0.6803707417954529,0.8003950482796865,0.03,0.013820314340111346,0.06389429245451925,-0.0023192071799243664,0.005018333333333338,0.00486788464662545,0.003129110885389742,0.0007882493070065763,0.97,0.0,0.0
mixture_050,3000,0.3,200,0.33,0.26857425870603957,0.39783315226223115,0.09,0.05768744886219316,0.13776571876716542,0.255,0.1996049517203135,0.3196292582045472,0.015,0.00511423779325831,0.04316572879269026,-0.0026336340362524556,-0.008792380952380949,-0.009266816581441718,0.0031034190287222117,0.0008463870078333306,0.955,0.0,0.0
mixture_050,3000,0.4,200,0.3,0.24074744682371402,0.36679068372719265,0.025,0.010724719651761264,0.05717834040664198,0.255,0.1996049517203135,0.3196292582045472,0.0,1.734723475976807e-18,0.018845326377266575,-0.003150431369562956,-0.010230000000000001,-0.010415983211124389,0.0031741452991405376,0.0002645121082617115,0.95,0.0,0.005
mixture_050,10000,0.1,200,0.355,0.2919862754043116,0.42347886924509565,0.0,1.734723475976807e-18,0.018845326377266575,0.105,0.06970748792681017,0.1551803199112304,0.285,0.22695003004617292,0.3511534602960517,-0.0011009972172393609,-0.003933777777777758,-0.003589129499474639,0.0013319945349168924,0.0,0.95,0.0,0.0
mixture_050,10000,0.15,200,0.665,0.5970219120796653,0.7267591302158368,0.0,1.734723475976807e-18,0.018845326377266575,0.895,0.8448196800887696,0.9302925120731899,0.555,0.4857330241280342,0.6221939899704665,-0.0015575092142898462,0.0060995882352942,0.006546243208713598,0.004251670808413097,0.0,0.95,0.0,0.0
mixture_050,10000,0.2,200,0.735,0.6698242380737758,0.7913184585289088,0.0,1.734723475976807e-18,0.018845326377266575,0.895,0.8448196800887696,0.9302925120731899,0.735,0.6698242380737758,0.7913184585289088,-0.001953664961491381,0.0159625,0.016534551968919505,0.012048691916183595,0.0,0.95,0.0,0.0
mixture_050,10000,0.25,200,0.765,0.7015863111723746,0.8184256658476741,0.105,0.06970748792681017,0.1551803199112304,0.895,0.8448196800887696,0.9302925120731899,0.14,0.09866982633455634,0.1948988086570756,-0.0023013710286176933,0.004326999999999989,0.0049199267836501,0.0036546104233941266,0.0005016131953678212,0.965,0.0,0.005
mixture_050,10000,0.3,200,0.19,0.14167171527790676,0.25001238707599854,0.0,1.734723475976807e-18,0.018845326377266575,0.105,0.06970748792681017,0.1551803199112304,0.08,0.049840585889759974,0.12598948826714396,-0.0026075585394576472,-0.00965064285714291,-0.009257760831571623,0.001786817016537031,0.0,0.96,0.0,0.0
mixture_050,10000,0.4,200,0.15,0.10713593562241995,0.20605579284166659,0.005,0.0008831687156009814,0.02777370439789293,0.105,0.06970748792681017,0.1551803199112304,0.045,0.023852543001492997,0.0832967040018196,-0.003110468457856003,-0.010427666666666663,-0.010428920208315292,0.0015870726495702688,5.2902421652342297e-05,0.96,0.0,0.0
