mu,epsilon,cells,reversals,max_loss,mean_loss
0.05,0.0,540,0,0.0,0.0
0.05,0.1,540,38,0.0010925622700805292,2.4113826746804166e-05
0.05,0.25,540,83,0.004267842272156916,0.00018385054655824611
0.05,0.5,540,126,0.009559975608950892,0.0006173291674140193
0.05,0.75,540,147,0.014852108945744867,0.0011482319993431937
0.05,1.0,540,155,0.020144242282538843,0.0017136443055687828
0.2,0.0,540,0,0.0,0.0
0.2,0.1,540,26,0.0021096103124366578,3.4683854169748854e-05
0.2,0.25,540,64,0.011120897032453225,0.00035922404804682005
0.2,0.5,540,105,0.026212345592606268,0.0012891874844457025
0.2,0.75,540,126,0.04130379415275928,0.002479731435834586
0.2,1.0,540,150,0.05639524271291234,0.0038015431810588126
0.5,0.0,540,0,0.0,0.0
0.5,0.1,540,30,0.004991161869121324,8.004795896141412e-05
0.5,0.25,540,60,0.044881969587922246,0.0008512551582321518
0.5,0.5,540,98,0.11241875577416768,0.0031560987852239327
0.5,0.75,540,114,0.17995554196041308,0.005930528355896858
0.5,1.0,540,142,0.2474923281466585,0.009050110728469594
