status,threshold,shape_reversal,outcome_reversal,beta_tie,empirical_regret,proxy_regret,observed_delta,observed_lo,observed_hi,proxy_delta,proxy_lo,proxy_hi,beta_delta,beta_lo,beta_hi,prevalence_beta_delta,prevalence_beta_lo,prevalence_beta_hi,opposite_pointwise_signs
raw,0.05,False,True,False,0.0006009754293508085,0.0,0.0006009754293508085,-0.0005085176709889741,0.001999976885560589,-0.0009225663166917975,-0.0037087115367317376,0.0017708653451441953,-0.0008463565342420876,-0.0035623054707189794,0.0018638952500298301,0.0001333771004868589,-6.704741914203282e-05,0.0003581737575645865,False
raw,0.06,False,True,False,3.737654061439222e-05,0.0,3.737654061439222e-05,-0.0019258262551508413,0.0018225735617040783,-0.0009834437666216556,-0.0037690864217925627,0.0017091498821933887,-0.0007949970203762757,-0.0035536288895048817,0.00192823700724515,0.00018146797719759133,-9.077955275534966e-05,0.0004801503025539507,False
raw,0.07,False,False,False,0.0,0.0,-0.0018889219450229366,-0.004448883411014988,0.0003933679950509445,-0.0009873617052520711,-0.0037975261612390268,0.0016907032785227765,-0.0007371494384698918,-0.0035495634940832564,0.001994653537266864,0.00023361024722395873,-0.00011637700228400019,0.0006089900379328869,False
raw,0.08,False,False,False,0.0,0.0,-0.001527562964235979,-0.004270015848465798,0.0006210498176470668,-0.0008204619141460034,-0.0036392137541330087,0.001870621404296611,-0.0006739290300911138,-0.0035413514556939243,0.002056936106885863,0.0002888404568006375,-0.00014336384494713776,0.0007526434023943101,False
raw,0.09,False,True,False,5.30870096085434e-05,0.0,5.30870096085434e-05,-0.002887933322716178,0.0026831863788383944,-0.0005012906463265909,-0.003354322022722834,0.0022134001948032507,-0.000606341258202886,-0.0035048720243931325,0.002136680201554406,0.00034631384232589046,-0.0001710750938627471,0.0009023247996231774,False
raw,0.1,True,False,False,0.0,7.1004912348682225e-06,-0.0017079002586253278,-0.005660469428586463,0.0021958717610887782,7.1004912348682225e-06,-0.0027958601834156362,0.0027485896479763935,-0.0005352944564993856,-0.003445793095940396,0.002248859582293083,0.0004052860489240362,-0.00019879640368200763,0.0010529452312233022,False
raw,0.11,True,False,False,0.0,0.0006869888576487848,-0.0010658613492031677,-0.005079865583041272,0.0022513853730264555,0.0006869888576487848,-0.002111654869613965,0.0034657256006563257,-0.0004616103150132944,-0.0033810888922651008,0.0023556360126941313,0.00046509912072467685,-0.00022669878748088828,0.0012053522404223587,False
raw,0.12,True,False,False,0.0,0.0013472028887485388,-3.608224830031759e-16,-0.004153191999042151,0.003324250409230327,0.0013472028887485388,-0.0014471889953861332,0.004204100526525296,-0.00038603265944645027,-0.0033127908041879106,0.0024657089636554927,0.0005251704506346044,-0.0002545245536892289,0.001355392393536083,False
raw,0.13,True,False,False,0.0,0.0017906106559141544,-0.00038869454161799544,-0.003912690119586601,0.003113720917318935,0.0017906106559141544,-0.0010097868121516167,0.004692207159137677,-0.0003092348868932171,-0.0032400495419378805,0.002566762983064249,0.0005849838569242927,-0.00028204871331955064,0.0015014352895112736,False
raw,0.14,True,False,False,0.0,0.0020817191158373216,-0.0015932836964180075,-0.004842152567127096,0.0015577922807447288,0.0020817191158373216,-0.0007909954478470393,0.004986575968812913,-0.00023182633520996143,-0.003177886249868699,0.002653342928334425,0.0006440822350337883,-0.000309074822313498,0.00164413746322083,False
raw,0.15,True,False,False,0.0,0.0022618190727849707,-0.001653362267172942,-0.0046662274923143544,0.0009952465834819424,0.0022618190727849707,-0.0006762088655676331,0.005157553760547009,-0.00015435779683553585,-0.0031337875931443234,0.0027478752089471065,0.0007020614058785846,-0.0003354315863305368,0.0017802560074215022,False
raw,0.16,True,False,False,0.0,0.0023657646625774853,-0.001443001443001496,-0.004935483196352813,0.002448919840224144,0.0023657646625774853,-0.0006300533003013967,0.005274571607071909,-7.73263382357614e-05,-0.003101404953897996,0.0028401123370043403,0.0007585648926641542,-0.0003609700413968561,0.0019119074251896231,False
raw,0.17,True,False,False,0.0,0.0022996567223690922,-0.002248784333645726,-0.005740617278071531,0.0017615918218328358,0.0022996567223690922,-0.0007164511942651872,0.005219017248267159,-1.1795494085364844e-06,-0.0030721268478675775,0.002943740036298098,0.0008132794316219327,-0.00038556117894637945,0.002038483853558665,False
raw,0.18,False,True,False,0.004680955900467965,0.0,-0.004680955900467965,-0.008066883040371698,-0.0006665274162623871,0.002146346298524976,-0.0008882906690573879,0.005101492097497936,7.368067940652367e-05,-0.0030377390158986763,0.003053707285811506,0.0008659310721933211,-0.00040909392019557037,0.0021594659493209263,False
raw,0.19,False,True,False,0.006186394270129986,0.0,-0.006186394270129986,-0.009600568215704514,-0.0027943145898056735,0.001945855561775317,-0.001104415440346914,0.004909427017739491,0.00014689477711268828,-0.0029611619361674902,0.0031676861598046034,0.0009162817573055981,-0.0004314733695691821,0.002274413585945194,False
raw,0.2,False,True,False,0.005819060166886242,0.0,-0.005819060166886242,-0.009719477382520858,-0.0016990557751427366,0.0016952843075868917,-0.0013612866021215197,0.004678853450360367,0.00021814244600815158,-0.002886919831940762,0.003275828388108943,0.0009641262995335187,-0.00045261929419236207,0.0023829578514444304,False
raw,0.21,False,True,False,0.005470222311168976,0.0,-0.005470222311168976,-0.010076688736567148,8.630609896419423e-05,0.0012180152323243987,-0.001817243263458404,0.004271286376770495,0.0002871399015198506,-0.0028231925058547006,0.003376971422687193,0.001009289687321474,-0.0004724647888205511,0.0024847941020298744,False
raw,0.22,False,True,False,0.005844397148744809,0.0,-0.005844397148744809,-0.010563832302962695,-0.0007682735943604261,0.0006943778237251952,-0.0023229002644890085,0.003796414087994972,0.0003536373571952772,-0.0027732045459153364,0.0034435907495067013,0.0010516246691168324,-0.0004909550945738885,0.002586989597900955,False
raw,0.23,False,True,False,0.004135083186466673,0.0,-0.004135083186466673,-0.008957588305414467,0.00020532826856933215,0.00024271485634601297,-0.002767671280322297,0.0034019749159805938,0.00041741672189234136,-0.0027088993718160214,0.0034861598464450295,0.0010910095735867514,-0.0005080465465169143,0.0026861762715815825,False
raw,0.24,True,True,False,0.003721424774056417,0.00013459465804452342,-0.003721424774056417,-0.008542519011626535,0.0012868964241962418,-0.00013459465804452342,-0.0031780341995148232,0.0030784163588647613,0.00047828948176542596,-0.0026382091138497975,0.0035407049275796494,0.0011273463320112809,-0.000523705630142875,0.002783468702218152,False
raw,0.25,True,True,False,0.002927829014785971,0.0005038882792110511,-0.002927829014785971,-0.008051529790660658,0.0023495827843653364,-0.0005038882792110511,-0.0035827975238844484,0.002749262005827284,0.0005360947441572506,-0.002567478056466338,0.003589655312101673,0.0011605586750862706,-0.0005380072695711072,0.002875506442729455,False
raw,0.26,True,True,False,0.0030267421571770203,0.0009762353376389921,-0.0030267421571770203,-0.00956747261095096,0.003806276632363498,-0.0009762353376389921,-0.004037009932073606,0.002208967720902492,0.0005906974241337154,-0.0024959945895666378,0.003638975050151674,0.0011905904811939094,-0.0005508468400362544,0.0029598976131079394,False
raw,0.27,True,True,False,0.00255683698208993,0.001452098940761537,-0.00255683698208993,-0.009544822856317667,0.004479578392621902,-0.001452098940761537,-0.004480328606011361,0.0016734836673887512,0.0006419865573459999,-0.0024238787974508085,0.0036887450466347926,0.001217404257027363,-0.0005622044867625925,0.003036428993903598,False
raw,0.28,True,True,False,0.0045625335480407175,0.001842931346519569,-0.0045625335480407175,-0.011699726735958578,0.0025398916703264916,-0.001842931346519569,-0.004855039425815916,0.00124915217772891,0.000689873725307405,-0.0023513068853183773,0.0037305738732194135,0.0012409797345271784,-0.0005720787471276179,0.003093630492705963,False
raw,0.29,True,True,False,0.0036371059028744573,0.0023087327283132786,-0.0036371059028744573,-0.011181317151923564,0.005154113084303059,-0.0023087327283132786,-0.005348844379204576,0.0007783126050441494,0.0007342915811577866,-0.002268996688476137,0.0037644647067039947,0.0012613125705646933,-0.0005804748309948353,0.0031429184762129638,False
raw,0.3,True,True,False,0.0026977853064809737,0.002833578307787049,-0.0026977853064809737,-0.010860154338415378,0.006683292552858045,-0.002833578307787049,-0.005824969648526128,0.00034563010448567476,0.0007751924656311943,-0.002184700900468722,0.003790455314626925,0.0012784131378340557,-0.0005874040748000155,0.003182500198688603,False
raw,0.31,True,True,False,0.00591294164072996,0.003305130095226108,-0.00591294164072996,-0.014714409374144876,0.0036252569806444587,-0.003305130095226108,-0.006311012682717649,-7.01291605998259e-05,0.000812547104314193,-0.0021109661409375756,0.00380861548115364,0.0012923053970776005,-0.0005928834360954607,0.003214003696763253,False
raw,0.32,True,True,False,0.007155958562608131,0.0038395057968091534,-0.007155958562608131,-0.01619907515048177,0.0019510966441912921,-0.0038395057968091534,-0.006799413548074977,-0.0006555200413897478,0.0008463433784342,-0.0020401460357093596,0.0038246817308336327,0.001303025842142272,-0.0005969350240401655,0.00323776292016026,False
raw,0.33,True,True,False,0.009307874330586788,0.004255416880590029,-0.009307874330586788,-0.018154943333398545,-0.0003208594707622698,-0.004255416880590029,-0.007196574097823689,-0.0010955228777287443,0.0008765851623920018,-0.0019814055380677213,0.0038343484669538254,0.0013106225105153635,-0.0005995856619635011,0.0032542935969642954,False
raw,0.34,True,True,False,0.008237846182510444,0.004488802298883515,-0.008237846182510444,-0.01759924674944481,0.0012666187567373405,-0.004488802298883515,-0.007425268203956329,-0.001327176845833133,0.0009032912220763301,-0.0019347007586600423,0.003833721930232171,0.0013151540529456052,-0.0006008664786622007,0.0032629255723784444,False
raw,0.35,True,True,False,0.0057092665788316815,0.004550093573170988,-0.0057092665788316815,-0.015583932975236876,0.003938211546907146,-0.004550093573170988,-0.007535881058009824,-0.0013768318195323433,0.0009264941687057437,-0.0018655411824633611,0.003803290041030847,0.0013166888565681878,-0.0006008125255320595,0.0032661485384226233,False
raw,0.36,True,True,False,0.0044740887132191515,0.004441997236837476,-0.0044740887132191515,-0.014225131752305664,0.0061436374615722366,-0.004441997236837476,-0.007413660780789957,-0.0012509019943065089,0.0009462394635457727,-0.0017941011856540954,0.00377327707874207,0.0013153042166383355,-0.0005994624170136652,0.0032624158489145986,False
raw,0.37,True,True,False,0.002363176276219653,0.004178741977096494,-0.002363176276219653,-0.012460178039887922,0.008264320220841871,-0.004178741977096494,-0.007128944880418772,-0.0009262713180026817,0.0009625844693717869,-0.0017166450315953586,0.0037456590991684986,0.0013110855525648793,-0.0005968579921435085,0.0032522762828611773,False
raw,0.38,True,True,False,0.008443481094252102,0.003847770339726969,-0.008443481094252102,-0.018839517191550626,0.001878887047189911,-0.003847770339726969,-0.00674406888165873,-0.0006140383325494486,0.0009755975449984855,-0.0016405815777904027,0.0037167234604255565,0.0013041256644343024,-0.0005930439952736298,0.0032355349872086134,False
raw,0.39,True,True,False,0.008178722362614015,0.0034216654424339063,-0.008178722362614015,-0.018030267032405296,0.002729540594829266,-0.0034216654424339063,-0.006314264559719386,-0.0002767900996360215,0.0009853571795875454,-0.0015659948560944373,0.003681581589624726,0.0012945240266518249,-0.0005880677742509041,0.0032147169726909233,False
raw,0.4,True,True,False,0.0074659639877032585,0.0029054319050313276,-0.0074659639877032585,-0.01771336553945268,0.003074220465524789,-0.0029054319050313276,-0.005791059912319326,0.00013618373027523932,0.000991951163787294,-0.0014929612448351507,0.0036404687908510418,0.0012823861156939717,-0.0005819789945455237,0.0031898113715753476,False
raw,0.41,True,True,False,0.009505519453935095,0.002266689679078955,-0.009505519453935095,-0.01976693984800103,0.0015933096625800843,-0.002266689679078955,-0.005129353426498763,0.000690459749289413,0.0009954757950592225,-0.0014215497619366026,0.003588485669266939,0.001267822769293811,-0.0005748293679870816,0.0031588113134446002,False
raw,0.42,True,True,False,0.006466463737828186,0.0014916027499605466,-0.006466463737828186,-0.01740228370663164,0.004445883119046542,-0.0014916027499605466,-0.00438526957564946,0.0014065264926431318,0.0009960351148055532,-0.0013562106057324985,0.003527097232670775,0.0012509495746630128,-0.0005666723949145306,0.0031219775975699525,False
raw,0.43,True,True,False,0.0032976600482322524,0.000672081789882803,-0.0032976600482322524,-0.013790652520629951,0.007770496729306713,-0.000672081789882803,-0.0034064634536971382,0.0021901939961386074,0.0009937401751470842,-0.0012980768769240132,0.0034606263562481266,0.0012318862835973415,-0.0005575631186742608,0.0030795826464160986,False
raw,0.44,False,True,False,0.0024154589371979673,0.0,-0.0024154589371979673,-0.012955643390425833,0.009101888449714459,9.590486920697111e-05,-0.0026603791390644956,0.002913435081757842,0.0009887083334056274,-0.001240834304526694,0.0033893954805086523,0.0012107562525343063,-0.0005475578915118237,0.0030319091824023174,False
raw,0.45,False,True,False,0.0032339202299677405,0.0,-0.0032339202299677405,-0.014395935640995056,0.008091787439613514,0.0008420113100097507,-0.0020083838772850028,0.003695536246332176,0.0009810625725256705,-0.001185024766888905,0.0033137337658155517,0.0011876859058179007,-0.0005367141510005267,0.0029792489555480906,False
raw,0.46,False,True,False,0.004798386440898583,0.0,-0.004798386440898583,-0.016901299630768377,0.006981245628588637,0.0015765453065043414,-0.0012421223990505836,0.004350462707267255,0.0009709308458360419,-0.0011304366022316461,0.0032339758099308117,0.0011628042205977032,-0.0005250902062374605,0.002921901518435323,False
raw,0.47,False,True,False,0.0016406890894174221,0.0,-0.0016406890894174221,-0.013653143411141652,0.010148449217358173,0.0022604370133057217,-0.0005403485831861983,0.004883448733263739,0.0009584454446942697,-0.0010768570882135435,0.003150495237952158,0.0011362422319375308,-0.0005127450331105144,0.0028601730452470727,False
raw,0.48,False,False,False,0.0,0.0,0.0012161751292185663,-0.010194756933887437,0.012437079828384255,0.0028149595002755733,0.00014282629028121443,0.0053486695636283665,0.0009437423876899644,-0.0010286220533755263,0.0030639243962778053,0.001108132556842039,-0.000499738078010663,0.0027943751919375652,False
raw,0.49,False,False,False,0.0,0.0,0.0001636139743556586,-0.011485270436677124,0.010876454226837945,0.003255150955127368,0.0006125250962087647,0.005732333172127392,0.0009269608301987406,-0.0009720223362210906,0.0029742632532181253,0.001078608936031851,-0.0004861290694204948,0.002724823994850729,False
raw,0.5,False,False,False,0.0,0.0,0.0,-0.010101010101010104,0.011857707509881424,0.0035163158935008487,0.0009094971719661293,0.005967719989798624,0.0009082424931869254,-0.000916664015935793,0.0028818555509657552,0.001047805792400866,-0.00047197783686458853,0.002651838805338774,False
cal,0.05,False,False,False,0.0,0.0,-0.00011557219795177431,-0.0012250652982914354,0.0012250652982922813,-0.004498931924535543,-0.007250378662556772,-0.0018250920443036187,-0.0046222229223012445,-0.0073792742514563235,-0.0019197177454168299,-0.0003385237076390657,-0.0005741885079297577,-0.00015681016816853843,False
cal,0.06,False,False,False,0.0,0.0,-0.00047655089283216157,-0.0026306076491091094,0.0016193386221140043,-0.004734300000403591,-0.007529422453957951,-0.0020561010699723502,-0.00471667675372095,-0.007497456102506959,-0.001983527967435147,-0.0004635379570309406,-0.0007767626334553489,-0.00021605678521364474,False
cal,0.07,False,False,False,0.0,0.0,-0.0023139293826528184,-0.004528926478435318,-4.6868875760653184e-05,-0.005082042430170269,-0.007900260407671408,-0.0024031476601766182,-0.004813186825779053,-0.007615542555453561,-0.0020554019274574274,-0.0005998348499612616,-0.0009958708190212309,-0.000281099823374751,False
cal,0.08,False,False,False,0.0,0.0,-0.0003627962040060051,-0.0032470260258540017,0.002169616772641324,-0.005226540338023389,-0.008074510247564066,-0.002513644024066051,-0.004910139366792687,-0.007731585846000757,-0.0021308998430178546,-0.0007448473824011037,-0.0012290737981509134,-0.0003507409651849384,False
cal,0.09,False,False,False,0.0,0.0,-0.00019304367130457134,-0.0026015047754180654,0.0019065475587213413,-0.005144614504909578,-0.008034557966552685,-0.0024232614711409057,-0.00500612242427903,-0.007847432399803664,-0.002188507380425231,-0.0008962983327228391,-0.001464966584577957,-0.0004221142130548209,False
cal,0.1,False,False,False,0.0,0.0,-0.00043917435221813017,-0.00419899477870531,0.002881471722051197,-0.004831943930492216,-0.007705992473695348,-0.0020485085340182807,-0.005099900316894307,-0.007953572261032297,-0.0022525610957048465,-0.001052162102931159,-0.001702406174925529,-0.0004932726361898712,False
cal,0.11,False,False,False,0.0,0.0,-0.0008832832477192742,-0.0046754797609709605,0.0023279941575005017,-0.004351122081128006,-0.007229033894251763,-0.0015259570460266273,-0.005190392950282757,-0.008055788267512838,-0.0023057421484150346,-0.0012106341996734327,-0.0019484142940009053,-0.0005650667942350358,False
cal,0.12,False,False,False,0.0,0.0,-0.0009581985866572718,-0.004950692697728465,0.002386014293128707,-0.003906580159663081,-0.006823359261724892,-0.0009930649559997057,-0.005276658749824276,-0.008150479079754672,-0.0023570789759970357,-0.001370106325593562,-0.0022029749798817785,-0.0006366462315775621,False
cal,0.13,False,False,False,0.0,0.0,-0.00034326271207824055,-0.0037800544172357305,0.003161424338335736,-0.003619812913015663,-0.006602612254777188,-0.0006402557256987141,-0.005357880339214527,-0.008243025533483788,-0.002406092619023735,-0.0015291456850547447,-0.002451557898435464,-0.0007083637058301695,False
cal,0.14,False,False,False,0.0,0.0,-0.000704721634954053,-0.0043748914830812075,0.0027936084811716485,-0.0034776033075861745,-0.006429666230787304,-0.0004732407812841366,-0.005433352345642295,-0.008326754921713152,-0.0024523686654002955,-0.0016864775236489216,-0.0026895147926832967,-0.0007791118674688853,False
cal,0.15,False,False,False,0.0,0.0,-0.0019892014776924927,-0.005222299723578418,0.0009694127980573398,-0.003404530449093418,-0.006330701967096086,-0.00040666023885746846,-0.005502470882314731,-0.008413197721181792,-0.0024955509368919677,-0.0018409701970993064,-0.0029209425134192842,-0.0008481820790587542,False
cal,0.16,False,False,False,0.0,0.0,-0.001526653700566788,-0.005020181107137657,0.0023851349938305423,-0.0034081430036501936,-0.006313406626671085,-0.0004270762512245112,-0.005564724375825447,-0.008513703314392487,-0.0025353360202115087,-0.0019916222526503158,-0.0031483971812796157,-0.0009138297755247898,False
cal,0.17,False,False,False,0.0,0.0,-0.0025186384536832473,-0.00601549809250217,0.001440015662121545,-0.0035648566837144235,-0.0064901938261611915,-0.0005805154151638548,-0.005619685487654985,-0.008610906419562615,-0.0025714684800289644,-0.002137551136123822,-0.003360798062752557,-0.0009760493935020649,False
cal,0.18,False,False,False,0.0,0.0,-0.004970168278757792,-0.008399477275405052,-0.0009833220861852855,-0.003814738993501293,-0.006756637389947856,-0.0008150167384577047,-0.005667003937528892,-0.00868022636633091,-0.002603736630339177,-0.0022779832299965608,-0.0035670315517808485,-0.001035560427965648,False
cal,0.19,False,False,False,0.0,0.0,-0.006598459094433129,-0.009943097100906502,-0.003090486182273443,-0.004097906729857853,-0.00702422284826879,-0.0010693438106021797,-0.005706400078892476,-0.008737268104078221,-0.0026109532851560703,-0.002412244994459717,-0.0037689957581388935,-0.0010921223059539593,False
cal,0.2,False,False,False,0.0,0.0,-0.0055994729907773155,-0.009771629336846728,-0.0009305006587615222,-0.004462849255732926,-0.007374806730228447,-0.0013900610230291126,-0.005737659108257104,-0.008781713061826932,-0.0026347869975716248,-0.002539755032412494,-0.003966361385634127,-0.0011455320757825342,False
cal,0.21,False,False,False,0.0,0.0,-0.00500325211387409,-0.009595125720606857,0.0006609851959327148,-0.005046652709159161,-0.00791984118278729,-0.00193912284271949,-0.005760625813858,-0.008794292385100625,-0.002670185330157692,-0.002660016935978976,-0.004151627488221621,-0.001195620960355726,False
cal,0.22,False,False,False,0.0,0.0,-0.006587615283267262,-0.011224564485433922,-0.00199739873652898,-0.005643307305145492,-0.008506384367063016,-0.0025286969035246253,-0.005775199787144206,-0.008788803925677926,-0.0026848899140829593,-0.002772612799937693,-0.004319937963704964,-0.0012444030126270871,False
cal,0.23,False,False,False,0.0,0.0,-0.004180711690593197,-0.008786481414940048,0.00024753463488638857,-0.006166992702928711,-0.009042092949452697,-0.003023438128092926,-0.00578133103459634,-0.008770849415434332,-0.0026683621893794055,-0.0028771973088376757,-0.004475931554951521,-0.0012915150037347601,False
cal,0.24,False,False,False,0.0,0.0,-0.005709266578831876,-0.010493955574047076,-0.000854078542865783,-0.006601379494577425,-0.009524203328265113,-0.0034142830530831075,-0.005779015938305973,-0.008743508623350908,-0.0026486892448890505,-0.0029734923212376,-0.004618742421043711,-0.0013350162675530956,False
cal,0.25,False,False,False,0.0,0.0,-0.002488654662568021,-0.008058849363197364,0.0032206119162641817,-0.007039727288986317,-0.010021285002982565,-0.003806548869555111,-0.005768293522407,-0.008711699703020107,-0.002625941290384618,-0.003061281887616965,-0.004748093628163678,-0.0013748108015617937,False
cal,0.26,False,False,False,0.0,0.0,-0.0028249593466985606,-0.00924165271991367,0.0038294223076831236,-0.007582649225203533,-0.01055982710741068,-0.004397535680950165,-0.005749241989366605,-0.00866774552352623,-0.0026012361177599735,-0.0031404076489594673,-0.004863796350040874,-0.001410826964785621,False
cal,0.27,False,False,False,0.0,0.0,-0.0017145847997544483,-0.008258433049975172,0.005216097845639057,-0.008087801602073189,-0.011115459643032854,-0.004952783435059052,-0.00572197549572874,-0.008611856597819921,-0.0026028580726607724,-0.0032107645713949085,-0.004958396224464798,-0.001442876690133886,False
cal,0.28,False,False,False,0.0,0.0,-0.0050993022007514155,-0.012177328843995467,0.002650295222759035,-0.00850246389544787,-0.011578180370818938,-0.00539365716994532,-0.005686641141444848,-0.008545237313275326,-0.0026002533914550826,-0.0032722969790938278,-0.00503779428742168,-0.0014709842315836828,False
cal,0.29,False,False,False,0.0,0.0,-0.003977311386986829,-0.012046830831276745,0.004394217743881033,-0.00898739160758566,-0.012039807004810506,-0.0058980424127439215,-0.005643416150657943,-0.008470587791550202,-0.002591517232761271,-0.0033249948531701573,-0.005117198921112552,-0.001492462788307973,False
cal,0.3,False,False,False,0.0,0.0,-0.0018821757952193069,-0.010166886253843035,0.00715226802183343,-0.00948952540110605,-0.01248180275787724,-0.006357160871925371,-0.005592505224886954,-0.008398909938559917,-0.002570270712062243,-0.0033688903689270133,-0.005186507815573209,-0.0015092681129425956,False
cal,0.31,False,False,False,0.0,0.0,-0.005957495560520165,-0.014883714269347618,0.0028482684437315326,-0.009921444925615489,-0.012906579835311283,-0.0067573542982396675,-0.005534138052127727,-0.008315597713654296,-0.0025418523568497007,-0.0034040546475833655,-0.005239250635891969,-0.001522238102518169,False
cal,0.32,False,False,False,0.0,0.0,-0.005915936862228396,-0.014984887235526599,0.0034752899842414114,-0.010392994694536362,-0.013280997079108679,-0.0072201816587759374,-0.005468566957533533,-0.008221030079794802,-0.0025092487784251134,-0.0034305947017920085,-0.005273823457410528,-0.0015313743297392286,False
cal,0.33,False,False,False,0.0,0.0,-0.010251771445801194,-0.019459192836869362,-0.001536618619681492,-0.010707902168376818,-0.013501603444738348,-0.007558949792614768,-0.005396064683156898,-0.008115619790213182,-0.0024746799066720803,-0.0034486505569261416,-0.005295358491027367,-0.0015368725354625418,False
cal,0.34,False,False,False,0.0,0.0,-0.009861460454346105,-0.01882627327291393,-0.0007632317908998236,-0.010809840914348764,-0.01362170349565487,-0.007712705369056983,-0.005316922285767259,-0.007999809976691221,-0.0024463868472424915,-0.003458392532364768,-0.00529763914252003,-0.0015388216173610697,False
cal,0.35,False,False,False,0.0,0.0,-0.007060572277963445,-0.01716664977534502,0.002432350258437078,-0.010742374034867226,-0.013611789911208356,-0.0076607914220418296,-0.005231447143075392,-0.007874139420236464,-0.002410310284834884,-0.0034600186689255283,-0.005285998560697404,-0.0015383821062366593,False
cal,0.36,False,False,False,0.0,0.0,-0.003431049626701807,-0.013532745937637236,0.00653546332894159,-0.010478076787569214,-0.013347039887579272,-0.0074178974327763466,-0.005139961059815186,-0.007739158273290099,-0.002371165280965081,-0.0034537522902272563,-0.005262666883854569,-0.0015364353980453966,False
cal,0.37,False,False,False,0.0,0.0,-0.003868916912395076,-0.013797742783249757,0.00653986378624039,-0.010076893289980612,-0.012946725845840504,-0.007054971835453304,-0.005042798466105808,-0.0075976466109540395,-0.0023291136299130578,-0.003439839687170071,-0.005231835147975299,-0.0015312263172702113,False
cal,0.38,False,False,False,0.0,0.0,-0.011871874424468618,-0.02178871463583924,-0.0008861405074587869,-0.009602335130684814,-0.01252351964225629,-0.006590246542571617,-0.004940304701352281,-0.007450366677533021,-0.002284030706435144,-0.0034185479159344334,-0.005199489996571935,-0.001523325264787301,False
cal,0.39,False,False,False,0.0,0.0,-0.006162840090138719,-0.01622803228291466,0.005067964030900621,-0.009058485479248389,-0.01204670695588916,-0.006139600094734166,-0.004832834377673664,-0.00729495253938566,-0.0022361804199290255,-0.0033901627009479754,-0.0051562640374427276,-0.0015135727405767687,False
cal,0.4,False,False,False,0.0,0.0,-0.01112575025618514,-0.021457326892109784,-0.0005013907187819791,-0.008454300124233455,-0.01135769344295945,-0.005610146423705296,-0.004720749817481856,-0.0071318155041448965,-0.0021854086380073984,-0.003354986435184802,-0.005093979909134798,-0.0015007659516266072,False
cal,0.41,False,False,False,0.0,0.0,-0.00958739941790792,-0.020394438117356344,0.0014135459234942986,-0.007674743460074532,-0.010542558708291945,-0.0049058308377229595,-0.004604419560395041,-0.006961539602398789,-0.002128817474555622,-0.003313336270958478,-0.0050183042723933174,-0.0014848395364618953,False
cal,0.42,False,False,False,0.0,0.0,-0.004406887465358368,-0.014904290279103038,0.006565277967077149,-0.006828118027899829,-0.009762223291150632,-0.004112637610505979,-0.004484216935157888,-0.006784718337771963,-0.002070756777565269,-0.003265542295071651,-0.004933995356886973,-0.0014661348184778252,False
cal,0.43,False,False,False,0.0,0.0,-0.003274545608641842,-0.014300133293268449,0.00800722711477864,-0.005947298968624573,-0.008829259569573542,-0.0031508905481822435,-0.004360518692678318,-0.00659855258639152,-0.002011387157564455,-0.0032119457828007,-0.004841605020561532,-0.0014447891809834367,False
cal,0.44,False,False,False,0.0,0.0,-0.006368028107158426,-0.01726974716105144,0.005273229186272636,-0.005070304324399727,-0.007866191685303652,-0.0022616138919382455,-0.0042337036966740085,-0.006394716223043822,-0.0019508695367167796,-0.003152897525740772,-0.004741693190283803,-0.0014209449565760208,False
cal,0.45,False,False,False,0.0,0.0,-0.002595121172196367,-0.013700243542140812,0.009027029185132023,-0.004194394299795602,-0.006885142368104908,-0.0014574301927054317,-0.0041041516687665355,-0.006188235100236935,-0.0018893646781791196,-0.0030887562290180456,-0.0046376491333150124,-0.001394748765025795,False
cal,0.46,False,False,False,0.0,0.0,-0.004635729273410497,-0.0161681224483157,0.007190260088810802,-0.0033679289475452324,-0.006134830885793736,-0.0006962849223736043,-0.003972241985169867,-0.005989169430816263,-0.0018270327344652884,-0.003019886973809484,-0.004529225188879797,-0.0013663508750801088,False
cal,0.47,False,False,False,0.0,0.0,-0.00024030294743989516,-0.011482337733363074,0.011708553956297888,-0.0026215089271359217,-0.005303674884423437,-5.420551886845947e-05,-0.003838352522393833,-0.005788350226783039,-0.0017640328137837496,-0.0029466597414944846,-0.004426969957903381,-0.0013359986771799895,False
cal,0.48,False,True,False,0.0034120468903077114,0.0,0.0034120468903077114,-0.008079118948684209,0.01505270092226615,-0.0019976956422057476,-0.004618242192778895,0.0005643604434626538,-0.0037028585496361455,-0.005585567165924722,-0.001700522563416291,-0.0028694479961076415,-0.00431849006563287,-0.001304004785431059,False
cal,0.49,False,False,False,0.0,0.0,-0.0026608798987316808,-0.013385345354654844,0.008218588269739204,-0.0014379746251536596,-0.00412121935541292,0.0010295244385018574,-0.0035661316657606724,-0.005380986864782426,-0.0016366577692970277,-0.002788627322076038,-0.004204314978106133,-0.0012702317910649233,False
cal,0.5,False,False,False,0.0,0.0,-0.0017566974088713237,-0.012527448397013613,0.009661835748792272,-0.001042439345867032,-0.003685445641557214,0.0013593398385504767,-0.003428538778966206,-0.0051749110964470196,-0.0015725919710313202,-0.0027045741145040464,-0.0040849779205790766,-0.0012348399007095833,False
