observed,proxy,beta,prevalence_beta,model,threshold,shape_error,calibration_plus_sampling,anchoring_shift
0.221043385803121,0.22681787285040603,0.2287353364925552,0.2224854203930923,LR_raw,0.05,0.0019174636421491753,0.005774487047285032,-0.006249916099462904
0.21385922125976972,0.21907243456704395,0.22159883780364115,0.2153928738166954,LR_raw,0.06,0.0025264032365971967,0.005213213307274228,-0.006205963986945756
0.20768696785527563,0.21173683616337394,0.214551960139241,0.20840371750972053,LR_raw,0.07,0.0028151239758670565,0.004049868308098309,-0.006148242629520462
0.20270760535411045,0.20505223243261225,0.20760244727816965,0.20152431525343703,LR_raw,0.08,0.002550214845557397,0.002344627078501804,-0.006078132024732619
0.1969093708224174,0.19881224922424248,0.20075675953851002,0.19475986176676158,LR_raw,0.09,0.001944510314267539,0.00190287840182507,-0.005996897771748444
0.18918655150539654,0.19291849944143213,0.19402033153775014,0.18811462654641795,LR_raw,0.1,0.0011018320963180062,0.0037319479360355956,-0.005905704991332195
0.1821586653047353,0.18732547605591576,0.1873977554766438,0.18159212584595308,LR_raw,0.11,7.227942072804416e-05,0.005166810751180473,-0.0058056296306907285
0.17854433664710606,0.1819267753439086,0.18089291685486428,0.17519524909137965,LR_raw,0.12,-0.0010338584890443314,0.0033824386968025477,-0.005697667763484626
0.1727570558155255,0.17670115000934952,0.17450909823205316,0.16892635488810462,LR_raw,0.13,-0.0021920517772963666,0.0039440941938240215,-0.0055827433439485374
0.16639601270541388,0.17155965110633542,0.16824906064492207,0.1627873458901675,LR_raw,0.14,-0.003310590461413354,0.005163638400921544,-0.005461714754754571
0.1606344777700255,0.16642058970236415,0.1621151088817531,0.15677972848081284,LR_raw,0.15,-0.004305480820611052,0.005786111932338633,-0.005335380400940254
0.15525859004119566,0.16123708877895926,0.15610914477339471,0.15090466123401766,LR_raw,0.16,-0.005127944005564544,0.005978498737763599,-0.005204483539377053
0.14998597816827378,0.15595144490966242,0.15023271138166325,0.14516299489375303,LR_raw,0.17,-0.005718733527999176,0.0059654667413886475,-0.005069716487910214
0.14441338089270006,0.1505825765901947,0.144487030136116,0.1395553058108358,LR_raw,0.18,-0.0060955464540786986,0.006169195697494634,-0.00493172432528019
0.1380362942359725,0.14514429213457042,0.13887303241412444,0.13408192424554277,LR_raw,0.19,-0.006271259720445982,0.007107997898597923,-0.004791108168581665
0.13405797101449277,0.13964927480874076,0.13339138667644282,0.12874295857961135,LR_raw,0.2,-0.00625788813229794,0.005591303794247993,-0.0046484280968314695
0.1292951529605337,0.13411038150192817,0.12804252200074617,0.12353831622528781,LR_raw,0.21,-0.006067859501181994,0.004815228541394462,-0.004504205775458361
0.12482686395730073,0.12858955143759176,0.12282664866154865,0.11846772183556104,LR_raw,0.22,-0.005762902776043119,0.00376268748029103,-0.004358926825987611
0.12198210221925539,0.12313668648540521,0.1177437762626955,0.11353073328566157,LR_raw,0.23,-0.0053929102227097125,0.0011545842661498246,-0.004213042977033926
0.11855396065922261,0.11774772911719938,0.11279372982266896,0.1087267557963504,LR_raw,0.24,-0.004953999294530428,-0.0008062315420232224,-0.004066974026318559
0.11521007173180958,0.11243982520253167,0.1079761641328411,0.10405505449447168,LR_raw,0.25,-0.0044636610696905665,-0.002770246529277917,-0.003921109638369419
0.10844045626654247,0.1071638025304958,0.10329057664742182,0.09951476564890016,LR_raw,0.26,-0.003873225883073983,-0.0012766537360466707,-0.0037758109985216587
0.10505291148531312,0.1019449003944515,0.09873631911624328,0.09510490677566132,LR_raw,0.27,-0.0032085812782082224,-0.0031080110908616176,-0.003631412340581966
0.09915580930073753,0.09685787090938557,0.09431260813418246,0.0908243857713097,LR_raw,0.28,-0.0025452627752031026,-0.002297938391351964,-0.0034882223628727588
0.09709464516568043,0.09186283298749336,0.09001853475144492,0.08667200920623556,LR_raw,0.29,-0.001844298236048439,-0.0052318121781870786,-0.003346525545209353
0.09247757073844129,0.08698727989327779,0.08585307326527851,0.08264648988769939,LR_raw,0.3,-0.0011342066279992763,-0.0054902908451635035,-0.0032065833775791197
0.0875293578507184,0.0822843076765792,0.08181508929460621,0.0787464537847992,LR_raw,0.31,-0.0004692183819729884,-0.005245050174139204,-0.0030686355098070023
0.08346896070681269,0.07774526464348884,0.07790334722355431,0.07497044639329592,LR_raw,0.32,0.0001580825800654717,-0.0057236960633238465,-0.002932900830258392
0.07780596359441194,0.07340603207040708,0.0741165170871495,0.07131693860656083,LR_raw,0.33,0.0007104850167424237,-0.004399931524004863,-0.002799578480588677
0.07272993439001404,0.0692985515867658,0.07045318096197706,0.06778433214930536,LR_raw,0.34,0.0011546293752112552,-0.0034313828032482424,-0.0026688488126716953
0.06884902537076434,0.06543340090700926,0.06691183891589783,0.06437096462280309,LR_raw,0.35,0.001478438008888569,-0.003415624463755082,-0.0025408742930947414
0.06518994290733421,0.061796199011947335,0.06349091456365753,0.061075114203687775,LR_raw,0.36,0.0016947155517101978,-0.0033937438953868734,-0.002415800359969758
0.06398003499452774,0.05838937273491095,0.06018876026912609,0.0578950040328578,LR_raw,0.37,0.001799387534215137,-0.00559066225961679,-0.0022937562362682906
0.058566024905436005,0.055176375539712545,0.05700366202975618,0.05482880632634046,LR_raw,0.38,0.001827286490043635,-0.00338964936572346,-0.002174855703415718
0.052456136561624706,0.05215066379034371,0.05393384407448549,0.051874646236008945,LR_raw,0.39,0.0017831802841417818,-0.0003054727712809985,-0.002059197838476544
0.05152979066022521,0.049260188669181484,0.05097747320258581,0.0490306054846761,LR_raw,0.4,0.0017172845334043271,-0.0022696019910437223,-0.0019468677179097088
0.04431194777547033,0.04647674106942217,0.048132662887779336,0.04629472579721194,LR_raw,0.41,0.0016559218183571645,0.0021647932939518402,-0.0018379370905673986
0.0417972831765937,0.04384087227446503,0.04539747716920562,0.04366501214686448,LR_raw,0.42,0.0015566048947405903,0.0020435890978713275,-0.0017324650223411384
0.041028130272981765,0.041272929870404367,0.042769934348463365,0.04113943583383683,LR_raw,0.43,0.0014970044780589983,0.0002447995974226014,-0.0016304985146265369
0.0379258422736682,0.03875393302406776,0.04024801050990905,0.03871593741133935,LR_raw,0.44,0.0014940774858412942,0.0008280907503995585,-0.0015320730985697029
0.033177626063001675,0.03631639326536786,0.03782964287961932,0.03639242947274274,LR_raw,0.45,0.0015132496142514565,0.003138767202366187,-0.0014372134068765807
0.03166935050993028,0.03398047523235334,0.03551273303688111,0.03416679931207492,LR_raw,0.46,0.001532257804527766,0.0023111247224230635,-0.0013459337248061878
0.028049154382214298,0.03170621175222604,0.03329514999072184,0.03203691146889767,LR_raw,0.47,0.0015889382384957976,0.0036570573700117452,-0.001258238521824169
0.028411202324245915,0.029452198085524094,0.03117473313281231,0.03000061016754398,LR_raw,0.48,0.0017225350472882157,0.0010409957612781788,-0.0011741229652683302
0.02858938920320005,0.027221906740821786,0.02914929507703638,0.028055721659774657,LR_raw,0.49,0.001927388336214593,-0.0013674824623782639,-0.0010935734172617222
0.024154589371980676,0.025032320397160884,0.027216624395111202,0.026200056479100273,LR_raw,0.5,0.002184303997950318,0.0008777310251802083,-0.0010165679160109298
0.2206504403300841,0.2227840149863436,0.22454816851440904,0.2220918323110853,LR_cal,0.05,0.001764153528065443,0.0021335746562594904,-0.0024563362033237224
0.2134013586372446,0.21489110661668306,0.2172954726957418,0.21485452946253916,LR_cal,0.06,0.002404366079058723,0.0014897479794384605,-0.002440943233202625
0.20731862807599635,0.20732425760884404,0.2101275191184355,0.2077076986182838,LR_cal,0.07,0.0028032615095914537,5.629532847689633e-06,-0.002419820500151687
0.20347138683622848,0.20039355197825542,0.2030541414574952,0.2006606636013241,LR_cal,0.08,0.0026605894792397777,-0.0030778348579730552,-0.002393477856171111
0.1969190230059827,0.19396378753762222,0.1960836402039768,0.19372124004868752,LR_cal,0.09,0.002119852666354588,-0.0029552354683604898,-0.002362400155289296
0.18943053725662878,0.18790113630155944,0.18922307184897014,0.18689602524239063,LR_cal,0.1,0.0013219355474106964,-0.0015294009550693433,-0.002327046606579508
0.18260770874351986,0.18216027997248993,0.18247845763387338,0.1801906065614362,LR_cal,0.11,0.00031817766138345083,-0.00044742877102993406,-0.0022878510724371748
0.17782568770711327,0.1766357202630595,0.17585494028334617,0.1736097174713598,LR_cal,0.12,-0.0007807799797133197,-0.00118996744405378,-0.002245222811986358
0.17286811139884495,0.17130189146252386,0.1693569053977098,0.167157357971617,LR_cal,0.13,-0.0019449860648140527,-0.0015662199363210838,-0.002199547426092824
0.16705988091225477,0.16606621197028454,0.1629880778753352,0.1608368899950888,LR_cal,0.14,-0.0030781340949493363,-0.0009936689419702271,-0.0021511878802464024
0.1604019737012043,0.16084722006356159,0.15675160011955264,0.15465111457851793,LR_cal,0.15,-0.004095619944008949,0.0004452463623572933,-0.0021004855410347023
0.15525859004119566,0.15559329259505322,0.15065009659954332,0.14860233540672307,LR_cal,0.16,-0.004943195995509908,0.0003347025538575632,-0.002047761192820241
0.14989602679492794,0.15023702800063135,0.14468572795602136,0.14269241193820512,LR_cal,0.17,-0.005551300044609991,0.0003410012057034062,-0.0019933160178162435
0.14441338089270006,0.1447959400299215,0.13886023694058605,0.1369228044087378,LR_cal,0.18,-0.005935703089335442,0.0003825591372214332,-0.0019374325318482488
0.1380362942359725,0.13928549133891116,0.13317498786908477,0.13129461239596207,LR_cal,0.19,-0.006110503469826389,0.001249197102938665,-0.0018803754731226974
0.13405797101449277,0.13371924442732883,0.12763100084766452,0.12580860820356624,LR_cal,0.2,-0.00608824357966431,-0.00033872658716394,-0.0018223926440982807
0.1297621231578286,0.1281142320518009,0.12222898173115482,0.1204652660231049,LR_cal,0.21,-0.005885250320646074,-0.001647891106027699,-0.0017637157080499233
0.12463542898325708,0.12253749147122349,0.11696934855697184,0.11526478761430486,LR_cal,0.22,-0.005568142914251645,-0.0020979375120335902,-0.00170456094266698
0.12193647371512886,0.11703399300567933,0.11185225503819894,0.1102071250848404,LR_cal,0.23,-0.005181737967480393,-0.004902480709449528,-0.00164512995335854
0.11836904514249932,0.11160898203164196,0.1068776115799846,0.1052920012309605,LR_cal,0.24,-0.004731370451657363,-0.006760063110857362,-0.0015856103490241025
0.11477089737959174,0.10626280950789488,0.1020451041925599,0.10051892780956784,LR_cal,0.25,-0.0042177053153349825,-0.008508087871696865,-0.0015261763829920588
0.10879654357915153,0.10095342071657928,0.09735421160421416,0.0958872220425103,LR_cal,0.26,-0.003599209112365123,-0.007843122862572244,-0.0014669895617038659
0.10561842366488121,0.09572520868652312,0.09280422082303282,0.09139602159947635,LR_cal,0.27,-0.002920987863490307,-0.009893214978358086,-0.0014081992235564639
0.10066852095837671,0.09064474099289231,0.08839424135322987,0.087044298263094,LR_cal,0.28,-0.002250499639662437,-0.010023779965484397,-0.0013499430901358772
0.0973111395646611,0.08566190924209757,0.08412321823770356,0.08283087044580423,LR_cal,0.29,-0.0015386910043940077,-0.011649230322563528,-0.001292347791899337
0.09323044105652899,0.08083727671331702,0.07998994407096484,0.07875441470078036,LR_cal,0.3,-0.0008473326423521776,-0.012393164343211971,-0.0012355293701844794
0.08917148803727205,0.07619939435810665,0.07599307010433048,0.07481347634706494,LR_cal,0.31,-0.0002063242537761606,-0.012972093679165408,-0.0011795937572655485
0.08468314862176785,0.07174547915001023,0.07213111654709298,0.07100647931107051,LR_cal,0.32,0.0003856373970827498,-0.012937669471757618,-0.0011246372360224632
0.07707837623476751,0.06752412462614776,0.0684024821524283,0.06733173527177701,LR_cal,0.33,0.0008783575262805432,-0.009554251608619752,-0.0010707468806512993
0.07110632011817838,0.06356233627693521,0.06480545316441849,0.06378745218470346,LR_cal,0.34,0.0012431168874832838,-0.0075439838412431764,-0.0010180009797150363
0.06773419816898064,0.0598408283643893,0.06133821169224609,0.06037174224952351,LR_cal,0.35,0.0014973833278567883,-0.007893369804591342,-0.0009664694427225784
0.06623298199385155,0.056372472900502145,0.057998843568964085,0.05708262937764688,LR_cal,0.36,0.0016263706684619406,-0.009860509093349408,-0.0009162141913172037
0.06247429435835232,0.053115207881059556,0.05478534574494824,0.05391805620888774,LR_cal,0.37,0.001670137863888685,-0.009359086477292763,-0.0008672895360605018
0.05513763157521949,0.050055610553142414,0.051695633259956984,0.050875890720240576,LR_cal,0.38,0.00164002270681457,-0.005082021022077075,-0.0008197425397164088
0.0544720188341,0.04715572793943727,0.04872754583245688,0.0479539324645978,LR_cal,0.39,0.0015718178930196058,-0.007316290894662729,-0.0007736133678590759
0.047870004391743326,0.04436139656063193,0.045878854100366136,0.045149918472803974,LR_cal,0.4,0.0015174575397342085,-0.003508607831111399,-0.000728935627562162
0.04449803860268127,0.041726629645202566,0.04314726554349509,0.04246152884863345,LR_cal,0.41,0.0014206358982925271,-0.0027714089574787035,-0.0006857366948616467
0.04385685944906352,0.039167119194035406,0.04053043011462243,0.03988639208299257,LR_cal,0.42,0.0013633109205870228,-0.0046897402550281145,-0.000644038031629858
0.0407199377451096,0.03666212507350256,0.038025945603249,0.037422090110804745,LR_cal,0.43,0.001363820529746436,-0.004057812671607035,-0.0006038554924442524
0.034945730597904366,0.03424899167060911,0.035631362753555024,0.0350661631315643,LR_cal,0.44,0.0013823710829459143,-0.0006967389272952568,-0.0005651996219907252
0.033536950532998065,0.03193664340579289,0.03334419015589,0.03281611421239419,LR_cal,0.45,0.001407546750097105,-0.0016003071272051722,-0.0005280759434958052
0.030335561736527978,0.029687290341475773,0.031161898929199978,0.030669413690554974,LR_cal,0.46,0.0014746085877242049,-0.0006482713950522051,-0.0004924852386450039
0.03135539148664656,0.02746371054589497,0.029081927210111005,0.028623503390701317,LR_cal,0.47,0.001618216664216035,-0.0038916809407515893,-0.0004584238194096889
0.030235465018073816,0.02526389894267747,0.027101684462897357,0.026675800670726783,LR_cal,0.48,0.001837785520219886,-0.004971566075396346,-0.0004258837921705741
0.025360166025127657,0.023129611430976388,0.025218555623251385,0.02482370230875323,LR_cal,0.49,0.002088944192274997,-0.002230554594151269,-0.0003948533144981538
0.023715415019762844,0.021052424418113926,0.023429905087607866,0.02306458824268462,LR_cal,0.5,0.0023774806694939407,-0.0026629906016489187,-0.0003653168449232469
0.2204424103737702,0.22774043916709782,0.2295816930267973,0.22235204329260544,HGB_raw,0.05,0.0018412538596994654,0.007298028793327638,-0.007229649734191851
0.21382184471915533,0.2200558783336656,0.22239383482401742,0.2152114058394978,HGB_raw,0.06,0.002337956490351817,0.006234033614510276,-0.007182428984519623
0.20957588980029856,0.212724197868626,0.21528910957771089,0.20817010726249657,HGB_raw,0.07,0.002564911709084877,0.0031483080683274434,-0.007119002315214312
0.20423516831834643,0.20587269434675826,0.20827637630826076,0.2012354747966364,HGB_raw,0.08,0.0024036819615025073,0.0016375260284118287,-0.00704090151162437
0.19685628381280887,0.19931353987056907,0.2013631007967129,0.1944135479244357,HGB_raw,0.09,0.002049560926143834,0.0024572560577602043,-0.00694955287227722
0.19089445176402187,0.19291139895019727,0.19455562599424953,0.1877093404974939,HGB_raw,0.1,0.00164422704405226,0.0020169471861753996,-0.006846285496755616
0.18322452665393846,0.18663848719826698,0.1878593657916571,0.1811270267252284,HGB_raw,0.11,0.0012208785933901234,0.0034139605443285204,-0.0067323390664287
0.17854433664710642,0.18057957245516007,0.18127894951431073,0.17467007864074505,HGB_raw,0.12,0.0006993770591506576,0.002035235808053648,-0.006608870873565681
0.1731457503571435,0.17491053935343537,0.17481833311894637,0.16834137103118033,HGB_raw,0.13,-9.220623448899512e-05,0.0017647889962918717,-0.006476962087766047
0.16798929640183188,0.1694779319904981,0.16848088698013203,0.1621432636551337,HGB_raw,0.14,-0.000997045010366071,0.001488635588666215,-0.0063376233249983205
0.16228784003719846,0.16415877062957918,0.16226946667858863,0.15607766707493426,HGB_raw,0.15,-0.0018893039509905452,0.0018709305923807207,-0.006191799603654374
0.15670159148419716,0.15887132411638177,0.15618647111163048,0.1501460963413535,HGB_raw,0.16,-0.0026848530047512975,0.0021697326321846178,-0.006040374770276968
0.1522347625019195,0.15365178818729333,0.15023389093107178,0.1443497154621311,HGB_raw,0.17,-0.003417897256221547,0.0014170256853738294,-0.005884175468940683
0.14909433679316803,0.14843623029166972,0.14441334945670947,0.13868937473864248,HGB_raw,0.18,-0.004022880834960246,-0.0006581065014983067,-0.0057239747180669875
0.14422268850610248,0.1431984365727951,0.13872613763701175,0.13316564248823717,HGB_raw,0.19,-0.004472298935783353,-0.0010242519333073796,-0.005560495148774575
0.139877031181379,0.13795399050115387,0.13317324423043467,0.12777883228007783,HGB_raw,0.2,-0.0047807462707191994,-0.001923040680225141,-0.005394411950356837
0.13476537527170268,0.13289236626960377,0.12775538209922632,0.12252902653796634,HGB_raw,0.21,-0.0051369841703774455,-0.0018730090020989132,-0.005226355561259985
0.13067126110604554,0.12789517361386657,0.12247301130435337,0.1174160971664442,HGB_raw,0.22,-0.005422162309513201,-0.0027760874921789747,-0.005056914137909166
0.12611718540572206,0.1228939716290592,0.11732635954080316,0.11243972371207482,HGB_raw,0.23,-0.005567612088256041,-0.0032232137766628616,-0.004886635828728336
0.12227538543327902,0.11788232377524391,0.11231544034090353,0.10759940946433912,HGB_raw,0.24,-0.005566883434340378,-0.004393061658035116,-0.004716030876564414
0.11813790074659555,0.11294371348174272,0.10744006938868385,0.10289449581938541,HGB_raw,0.25,-0.005503644093058868,-0.005194187264852837,-0.004545573569298439
0.1114671984237195,0.1081400378681348,0.1026998792232881,0.09832417516770625,HGB_raw,0.26,-0.00544015864484669,-0.003327160555584699,-0.004375704055581853
0.10760974846740305,0.10339699933521304,0.09809433255889728,0.09388750251863395,HGB_raw,0.27,-0.005302666776315759,-0.004212749132190011,-0.004206830040263329
0.10371834284877825,0.09870080225590513,0.09362273440887506,0.08958340603678253,HGB_raw,0.28,-0.005078067847030077,-0.005017540592873113,-0.004039328372092532
0.10073175106855489,0.09417156571580663,0.08928424317028713,0.08541069663567087,HGB_raw,0.29,-0.004887322545519504,-0.006560185352748257,-0.0038735465346162595
0.09517535604492226,0.08982085820106483,0.08507788079964732,0.08136807674986533,HGB_raw,0.3,-0.00474297740141752,-0.005354497843857428,-0.003709804049781981
0.09344229949144836,0.0855894377718053,0.08100254219029202,0.0774541483877216,HGB_raw,0.31,-0.0045868955815132895,-0.007852861719643056,-0.00354839380257041
0.09062491926942082,0.081584770440298,0.07705700384512011,0.07366742055115365,HGB_raw,0.32,-0.004527766595177882,-0.009040148829122824,-0.003389583293966464
0.08711383792499873,0.07766144895099711,0.0732399319247575,0.07000631609604546,HGB_raw,0.33,-0.0044215170262396075,-0.009452388974001621,-0.0032336158287120387
0.08096778057252449,0.07378735388564932,0.06954988973990073,0.06646917809635976,HGB_raw,0.34,-0.00423746414574859,-0.0071804266868751715,-0.0030807116435409704
0.07455829194959603,0.06998349448018025,0.06598534474719209,0.0630542757662349,HGB_raw,0.35,-0.003998149732988163,-0.004574797469415776,-0.0029310689809571855
0.06966403162055336,0.06623819624878481,0.06254467510011176,0.05975980998704944,HGB_raw,0.36,-0.0036935211486730513,-0.0034258353717685486,-0.002784865113062321
0.0663432112707474,0.06256811471200745,0.0592261757997543,0.05658391848029292,HGB_raw,0.37,-0.0033419389122531437,-0.0037750965587399488,-0.002642257319461383
0.06700950599968811,0.059024145879439514,0.056028064484757695,0.05352468066190616,HGB_raw,0.38,-0.0029960813946818196,-0.007985360120248593,-0.002503383822851535
0.06063485892423872,0.05557232923277761,0.05294848689489794,0.05058012220935712,HGB_raw,0.39,-0.00262384233787967,-0.005062529691461107,-0.0023683646855408233
0.058995754647928465,0.05216562057421281,0.04998552203879852,0.04774821936898213,HGB_raw,0.4,-0.0021800985354142946,-0.006830134073715653,-0.0022373026698163864
0.053817467229405426,0.048743430748501126,0.04713718709272011,0.045026903027918126,HGB_raw,0.41,-0.001606243655781013,-0.0050740364809042995,-0.002110284064801987
0.04826374691442189,0.04533247502442558,0.04440144205440007,0.04241406257220147,HGB_raw,0.42,-0.0009310329700255096,-0.002931271889996312,-0.001987379482198598
0.04432579032121402,0.04194501166028717,0.04177619417331628,0.039907549550239486,HGB_raw,0.43,-0.00016881748697088889,-0.002380778660926848,-0.0018686446230767942
0.04034130121086617,0.03865802815486079,0.039259302176503426,0.037505181158805044,HGB_raw,0.44,0.0006012740216426379,-0.00168327305600538,-0.0017541210176983818
0.036411546292969416,0.03547438195535811,0.03684858030709365,0.03520474356692484,HGB_raw,0.45,0.0013741983517355366,-0.0009371643376113042,-0.0016438367401688109
0.03646773695082886,0.032403929925849,0.034541802191045065,0.033003995091477216,HGB_raw,0.46,0.0021378722651960655,-0.004063807024979861,-0.0015378070995678492
0.02968984347163172,0.02944577473892032,0.03233670454602757,0.03090066923696014,HGB_raw,0.47,0.0028909298071072495,-0.00024406873271139856,-0.00143603530906743
0.02719502719502735,0.02663723858524852,0.030230990745122345,0.02889247761070194,HGB_raw,0.48,0.0035937521598738247,-0.0005577886097788282,-0.0013385131344204049
0.02842577522884439,0.02396675578569442,0.02822233424683764,0.026977112723742806,HGB_raw,0.49,0.00425557846114322,-0.004459019443149973,-0.0012452215230948326
0.024154589371980676,0.021516004503660036,0.026308381901924277,0.025152250686699407,HGB_raw,0.5,0.0047923773982642415,-0.0026385848683206405,-0.0011561312152248704
0.22076601252803588,0.22728294691087914,0.22917039143671028,0.22243035601872438,HGB_cal,0.05,0.0018874445258311445,0.006516934382843259,-0.006740035417985901
0.21387790953007677,0.21962540661708665,0.22201214944946274,0.2153180674195701,HGB_cal,0.06,0.002386742832376082,0.00574749708700989,-0.006694082029892634
0.20963255745864917,0.2124063000390143,0.21494070594421455,0.20830753346824507,HGB_cal,0.07,0.0025344059052002377,0.0027737425803651405,-0.006633172475969479
0.20383418304023448,0.2056200923162788,0.2079642808242879,0.2014055109837252,HGB_cal,0.08,0.0023441885080090763,0.0017859092760443285,-0.006558769840562695
0.19711206667728728,0.1991084020425318,0.20108976262825584,0.19461753838141035,HGB_cal,0.09,0.00198136058572404,0.001996335365244517,-0.006472224246845487
0.18986971160884691,0.19273308023205166,0.19432297216586444,0.1879481873453218,HGB_cal,0.1,0.001589891933812787,0.002863368623204743,-0.006374784820542656
0.18349099199123914,0.18651140205361794,0.18766885058415614,0.18140124076110964,HGB_cal,0.11,0.001157448530538202,0.0030204100623787977,-0.006267609823046499
0.17878388629377054,0.18054230042272257,0.18113159903317044,0.17497982379695337,HGB_cal,0.12,0.0005892986104478748,0.0017584141289520294,-0.006151775236217072
0.1732113741109232,0.17492170437553953,0.17471478573692434,0.16868650365667173,HGB_cal,0.13,-0.0002069186386151889,0.0017103302646163387,-0.006028282080252606
0.16776460254720882,0.1695438152778707,0.1684214302209775,0.16252336751873772,HGB_cal,0.14,-0.0011223850568932159,0.0017792127306618943,-0.005898062702239776
0.16239117517889678,0.164251750512655,0.16225407100186737,0.15649208477561724,HGB_cal,0.15,-0.0019976795107876366,0.0018605753337582187,-0.0057619862262501265
0.15678524374176245,0.15900143559870342,0.15621482097536876,0.1505939576593734,HGB_cal,0.16,-0.0027866146233346545,0.002216191856940969,-0.0056208633159953725
0.1524146652486112,0.15380188468434577,0.15030541344367634,0.14482996307432894,HGB_cal,0.17,-0.00349647124066943,0.0013872194357345824,-0.005475450369347407
0.14938354917145785,0.1486106790234228,0.14452724087811494,0.13920078763873436,HGB_cal,0.18,-0.004083438145307844,-0.0007728701480350653,-0.00532645323938058
0.14463475333040562,0.143383398068769,0.13888138794797725,0.1337068573904218,HGB_cal,0.19,-0.004502010120791766,-0.0012513552616366108,-0.005174530557555457
0.13965744400527008,0.13818209368306175,0.13336865995592162,0.12834836323597873,HGB_cal,0.2,-0.004813433727140132,-0.0014753503222083297,-0.0050202967199428905
0.13476537527170268,0.13316088476096005,0.12798960754501282,0.12312528295908387,HGB_cal,0.21,-0.005171277215947234,-0.0016044905107426288,-0.0048643245859289475
0.13122304426652434,0.12818079877636898,0.12274454834411605,0.11803740041424256,HGB_cal,0.22,-0.0054362504322529315,-0.0030422454901553597,-0.0047071479298734925
0.12611718540572206,0.12320098570860805,0.11763358607279528,0.11308432239367808,HGB_cal,0.23,-0.005567399635812764,-0.0029161996971140136,-0.004549263679117205
0.1240783117213312,0.11821036152621939,0.11265662751829057,0.1082654935521981,HGB_cal,0.24,-0.005553734007928815,-0.005867950195111812,-0.004391133966092475
0.11725955204215976,0.1133025367968812,0.1078133977149669,0.1035802096971848,HGB_cal,0.25,-0.005489139081914299,-0.0039570152452785695,-0.004233188017782094
0.11162150292585009,0.10853606994178282,0.10310345359358077,0.09902762969146976,HGB_cal,0.26,-0.005432616348202052,-0.003085432984067271,-0.004075823902111003
0.10733300846463566,0.10381301028859631,0.09852619631876156,0.09460678617087126,HGB_cal,0.27,-0.0052868139698347555,-0.003519998176039346,-0.003919410147890295
0.10576782315912812,0.09914720488834018,0.09408088249467472,0.09031659524218782,HGB_cal,0.28,-0.0050663223936654594,-0.006620618270787942,-0.0037642872524868976
0.10128845095164793,0.09464930084968323,0.08976663438836151,0.08615586529897439,HGB_cal,0.29,-0.004882666461321725,-0.006639150101964697,-0.0036107690893871225
0.0951126168517483,0.09032680211442307,0.08558244929585179,0.08212330506970737,HGB_cal,0.3,-0.0047443528185712736,-0.004785814737325228,-0.00345914422614442
0.09512898359779222,0.08612083928372213,0.08152720815645821,0.0782175309946483,HGB_cal,0.31,-0.004593631127263922,-0.009008144314070085,-0.0033096771618099097
0.09059908548399624,0.08213847384454659,0.07759968350462651,0.07443707401286252,HGB_cal,0.32,-0.004538790339920079,-0.008460611639449653,-0.0031626094917639874
0.08733014768056871,0.07823202679452458,0.0737985468355852,0.07078038582870315,HGB_cal,0.33,-0.004433479958939376,-0.009098120886044128,-0.003018161006882056
0.08096778057252449,0.07437217719128397,0.07012237545018575,0.06724584471706822,HGB_cal,0.34,-0.004249801741098222,-0.006595603381240517,-0.002876530733117527
0.07479477044694409,0.07058320239925653,0.06656965883532148,0.06383176091844904,HGB_cal,0.35,-0.004013543563935046,-0.004211568047687561,-0.002737897916872442
0.06966403162055336,0.06685054968807136,0.06313880462877927,0.06053638166787414,HGB_cal,0.36,-0.0037117450592920875,-0.002813481932482001,-0.0026024229609051333
0.0663432112707474,0.06319210117104017,0.05982814421105405,0.05735789589605781,HGB_cal,0.37,-0.0033639569599861197,-0.0031511100997072272,-0.0024702483149962387
0.06700950599968811,0.05965794568382723,0.056635937961309266,0.05429443863617501,HGB_cal,0.38,-0.0030220077225179623,-0.007351560315860879,-0.0023414993251342567
0.06063485892423872,0.05621421341868566,0.05356038021013054,0.05134409516554578,HGB_cal,0.39,-0.002653833208555119,-0.004420645505553059,-0.002216285044584765
0.058995754647928465,0.05281569668486538,0.05059960391784799,0.048504904907988776,HGB_cal,0.4,-0.00221609276701739,-0.006180057963063083,-0.002094699009859216
0.05408543802058919,0.0494013731052771,0.047751685103890135,0.045774865119591925,HGB_cal,0.41,-0.0016496880013869633,-0.004684064915312092,-0.00197681998429821
0.04826374691442189,0.045995237221935235,0.04501464704978032,0.04315193437806422,HGB_cal,0.42,-0.0009805901721549187,-0.0022685096924866532,-0.001862712671716095
0.04399448335375144,0.042609424042127135,0.042386464295927316,0.040634035893605445,HGB_cal,0.43,-0.00022295974619981895,-0.0013850593116243037,-0.0017524284023218706
0.04131375870506279,0.039319295995008836,0.03986506645022903,0.03821906065730507,HGB_cal,0.44,0.0005457704552201958,-0.0019944627100539555,-0.0016460057929239616
0.03613207170519443,0.036131037705588495,0.037448341824656534,0.03590487044141224,HGB_cal,0.45,0.0013173041190680385,-1.033999605937197e-06,-0.001543471383244295
0.034971291009938475,0.033055219289021005,0.035134140914369845,0.03368930066436446,HGB_cal,0.46,0.0020789216253488396,-0.00191607172091747,-0.0014448402500053872
0.031595694434086455,0.030085219473030892,0.03292027973250484,0.0315701631321958,HGB_cal,0.47,0.002835060259473946,-0.0015104749610555628,-0.001350116600309037
0.026823418127766105,0.02726159458488322,0.030804543012533502,0.029545248666834424,HGB_cal,0.48,0.003542948427650284,0.00043817645711711345,-0.001259294345699078
0.028021045923859338,0.024567586056130047,0.028784687289012057,0.02761232963082927,HGB_cal,0.49,0.00421710123288201,-0.00345345986772929,-0.0011723576581827884
0.025472112428634168,0.022094863763980958,0.026858443866574072,0.025769162357188666,HGB_cal,0.5,0.0047635801025931145,-0.0033772486646532103,-0.0010892815093854064
