fixture,threshold,bins,edge_aligned,empirical_risk_only,lower,upper,width,straddling_bin_width_cap
spread_a,0.05,5,False,0.4276315789473684,0.4276315789473685,0.4342105263157895,0.006578947368421018,0.00986842105263158
spread_a,0.05,10,False,0.4276315789473684,0.4276315789473684,0.4309210526315789,0.003289473684210509,0.003289473684210527
spread_a,0.05,20,True,0.4276315789473684,0.4276315789473684,0.4276315789473684,0.0,0.0
spread_a,0.05,40,True,0.4276315789473684,0.4276315789473684,0.4276315789473684,0.0,0.0
spread_a,0.1111111111111111,5,False,0.3968750000000001,0.39140625000000007,0.40390625,0.012499999999999956,0.01388888888888889
spread_a,0.1111111111111111,10,False,0.3968750000000001,0.39687500000000003,0.39765625000000004,0.0007812500000000111,0.0013888888888888876
spread_a,0.1111111111111111,20,False,0.3968750000000001,0.39687500000000003,0.39687500000000003,0.0,0.001215277777777777
spread_a,0.1111111111111111,40,False,0.3968750000000001,0.39687500000000003,0.39687500000000003,0.0,0.0
spread_a,0.1,5,False,0.4027777777777778,0.39583333333333337,0.4097222222222222,0.01388888888888884,0.01388888888888889
spread_a,0.1,10,True,0.4027777777777778,0.4027777777777778,0.40277777777777773,-5.551115123125783e-17,0.0
spread_a,0.1,20,True,0.4027777777777778,0.4027777777777778,0.4027777777777778,0.0,0.0
spread_a,0.1,40,True,0.4027777777777778,0.4027777777777778,0.4027777777777778,0.0,0.0
spread_a,0.15,5,False,0.375,0.375,0.38235294117647056,0.007352941176470562,0.011029411764705885
spread_a,0.15,10,False,0.375,0.375,0.3786764705882353,0.003676470588235281,0.0036764705882352945
spread_a,0.15,20,True,0.375,0.375,0.375,0.0,4.0817022964160145e-18
spread_a,0.15,40,True,0.375,0.375,0.375,0.0,4.081702296416012e-18
spread_a,0.2,5,True,0.3515625,0.3515625,0.3515625,0.0,0.0
spread_a,0.2,10,True,0.3515625,0.3515625,0.3515625,0.0,0.0
spread_a,0.2,20,True,0.3515625,0.3515625,0.3515625,0.0,0.0
spread_a,0.2,40,True,0.3515625,0.3515625,0.3515625,0.0,0.0
spread_a,0.375,5,False,0.275,0.275,0.275,0.0,0.004375000000000004
spread_a,0.375,10,False,0.275,0.275,0.275,0.0,0.0
spread_a,0.375,20,False,0.275,0.275,0.275,0.0,0.0
spread_a,0.375,40,True,0.275,0.275,0.275,0.0,0.0
spread_a,0.5,5,False,0.225,0.225,0.23125,0.0062500000000000056,0.02500000000000001
spread_a,0.5,10,True,0.225,0.225,0.225,0.0,0.0
spread_a,0.5,20,True,0.225,0.225,0.22500000000000003,2.7755575615628914e-17,0.0
spread_a,0.5,40,True,0.225,0.225,0.225,0.0,0.0
spread_a,0.7,5,False,0.14583333333333337,0.14583333333333334,0.15625,0.010416666666666657,0.020833333333333325
spread_a,0.7,10,True,0.14583333333333337,0.14583333333333337,0.14583333333333337,0.0,4.6259292692714796e-17
spread_a,0.7,20,True,0.14583333333333337,0.14583333333333337,0.14583333333333337,0.0,4.625929269271475e-17
spread_a,0.7,40,True,0.14583333333333337,0.14583333333333337,0.14583333333333337,0.0,0.0
spread_a,0.95,5,False,0.0,0.0,0.09374999999999996,0.09374999999999996,0.18749999999999992
spread_a,0.95,10,False,0.0,0.0,0.06249999999999993,0.06249999999999993,0.062499999999999924
spread_a,0.95,20,True,0.0,0.0,2.775557561562883e-16,2.775557561562883e-16,2.775557561562883e-16
spread_a,0.95,40,True,0.0,0.0,2.7755575615628766e-16,2.7755575615628766e-16,2.7755575615628766e-16
spread_a,0.99,5,False,0.0,0.0,0.09374999999999996,0.09374999999999996,0.2375
spread_a,0.99,10,False,0.0,0.0,0.06249999999999993,0.06249999999999993,0.11249999999999999
spread_a,0.99,20,False,0.0,0.0,0.0,0.0,0.0
spread_a,0.99,40,False,0.0,0.0,0.0,0.0,0.0
spread_b,0.05,5,False,0.42105263157894735,0.4210526315789474,0.42434210526315785,0.0032894736842104533,0.00493421052631579
spread_b,0.05,10,False,0.42105263157894735,0.4210526315789474,0.4210526315789474,0.0,0.0
spread_b,0.05,20,True,0.42105263157894735,0.4210526315789474,0.42105263157894735,-5.551115123125783e-17,0.0
spread_b,0.05,40,True,0.42105263157894735,0.4210526315789474,0.42105263157894735,-5.551115123125783e-17,0.0
spread_b,0.1111111111111111,5,False,0.3828125,0.38281250000000006,0.38906250000000003,0.006249999999999978,0.006944444444444445
spread_b,0.1111111111111111,10,False,0.3828125,0.38281250000000006,0.38281250000000006,0.0,0.0013888888888888876
spread_b,0.1111111111111111,20,False,0.3828125,0.38281250000000006,0.38281250000000006,0.0,0.001215277777777777
spread_b,0.1111111111111111,40,False,0.3828125,0.38281250000000006,0.38281250000000006,0.0,0.0008680555555555553
spread_b,0.1,5,False,0.3888888888888889,0.3888888888888889,0.3958333333333333,0.00694444444444442,0.006944444444444445
spread_b,0.1,10,True,0.3888888888888889,0.3888888888888889,0.3888888888888889,0.0,0.0
spread_b,0.1,20,True,0.3888888888888889,0.3888888888888889,0.3888888888888889,0.0,0.0
spread_b,0.1,40,True,0.3888888888888889,0.38888888888888884,0.38888888888888884,0.0,0.0
spread_b,0.15,5,False,0.3602941176470588,0.3602941176470588,0.3639705882352941,0.003676470588235281,0.005514705882352942
spread_b,0.15,10,False,0.3602941176470588,0.3602941176470588,0.3602941176470588,0.0,0.0036764705882352945
spread_b,0.15,20,True,0.3602941176470588,0.3602941176470588,0.3602941176470588,0.0,4.0817022964160145e-18
spread_b,0.15,40,True,0.3602941176470588,0.3602941176470588,0.3602941176470588,0.0,0.0
spread_b,0.2,5,True,0.32812499999999994,0.32812499999999994,0.328125,5.551115123125783e-17,0.0
spread_b,0.2,10,True,0.32812499999999994,0.328125,0.328125,0.0,0.0
spread_b,0.2,20,True,0.32812499999999994,0.328125,0.328125,0.0,0.0
spread_b,0.2,40,True,0.32812499999999994,0.32812499999999994,0.328125,5.551115123125783e-17,0.0
spread_b,0.375,5,False,0.22000000000000003,0.22,0.2275,0.007500000000000007,0.01312500000000001
spread_b,0.375,10,False,0.22000000000000003,0.22,0.2225,0.0025000000000000022,0.003750000000000002
spread_b,0.375,20,False,0.22000000000000003,0.22,0.22000000000000003,2.7755575615628914e-17,0.0
spread_b,0.375,40,True,0.22000000000000003,0.22,0.22000000000000003,2.7755575615628914e-17,0.0
spread_b,0.5,5,False,0.175,0.15,0.175,0.024999999999999994,0.02500000000000001
spread_b,0.5,10,True,0.175,0.175,0.175,0.0,0.0
spread_b,0.5,20,True,0.175,0.175,0.175,0.0,0.0
spread_b,0.5,40,True,0.175,0.175,0.175,0.0,0.0
spread_b,0.7,5,False,0.08333333333333334,0.08333333333333334,0.10416666666666669,0.020833333333333343,0.020833333333333325
spread_b,0.7,10,True,0.08333333333333334,0.08333333333333334,0.0833333333333334,5.551115123125783e-17,4.6259292692714796e-17
spread_b,0.7,20,True,0.08333333333333334,0.08333333333333334,0.08333333333333338,4.163336342344337e-17,4.625929269271475e-17
spread_b,0.7,40,True,0.08333333333333334,0.08333333333333334,0.08333333333333338,4.163336342344337e-17,4.625929269271464e-17
spread_b,0.95,5,False,0.0,0.0,0.0625,0.0625,0.09374999999999996
spread_b,0.95,10,False,0.0,0.0,0.0,0.0,0.062499999999999924
spread_b,0.95,20,True,0.0,0.0,0.0,0.0,2.775557561562883e-16
spread_b,0.95,40,True,0.0,0.0,0.0,0.0,0.0
spread_b,0.99,5,False,0.0,0.0,0.0625,0.0625,0.11875
spread_b,0.99,10,False,0.0,0.0,0.0,0.0,0.11249999999999999
spread_b,0.99,20,False,0.0,0.0,0.0,0.0,0.0
spread_b,0.99,40,False,0.0,0.0,0.0,0.0,0.0
ties_endpoints,0.05,5,False,0.4078947368421053,0.4078947368421053,0.40789473684210525,-5.551115123125783e-17,0.00986842105263158
ties_endpoints,0.05,10,False,0.4078947368421053,0.4078947368421053,0.4078947368421053,0.0,0.006578947368421054
ties_endpoints,0.05,20,True,0.4078947368421053,0.4078947368421053,0.4078947368421053,0.0,0.0
ties_endpoints,0.05,40,True,0.4078947368421053,0.4078947368421053,0.4078947368421053,0.0,0.0
ties_endpoints,0.1111111111111111,5,False,0.384375,0.384375,0.384375,0.0,0.01388888888888889
ties_endpoints,0.1111111111111111,10,False,0.384375,0.384375,0.384375,0.0,0.0
ties_endpoints,0.1111111111111111,20,False,0.384375,0.384375,0.384375,0.0,0.0
ties_endpoints,0.1111111111111111,40,False,0.384375,0.384375,0.384375,0.0,0.0
ties_endpoints,0.1,5,False,0.3888888888888889,0.3888888888888889,0.38888888888888895,5.551115123125783e-17,0.01388888888888889
ties_endpoints,0.1,10,True,0.3888888888888889,0.3888888888888889,0.3888888888888889,0.0,0.0
ties_endpoints,0.1,20,True,0.3888888888888889,0.3888888888888889,0.3888888888888889,0.0,0.0
ties_endpoints,0.1,40,True,0.3888888888888889,0.3888888888888889,0.3888888888888889,0.0,0.0
ties_endpoints,0.15,5,False,0.36764705882352944,0.36764705882352944,0.36764705882352944,0.0,0.011029411764705885
ties_endpoints,0.15,10,False,0.36764705882352944,0.36764705882352944,0.36764705882352944,0.0,0.0
ties_endpoints,0.15,20,True,0.36764705882352944,0.36764705882352944,0.36764705882352944,0.0,0.0
ties_endpoints,0.15,40,True,0.36764705882352944,0.36764705882352944,0.36764705882352944,0.0,0.0
ties_endpoints,0.2,5,True,0.34375,0.34375,0.34375,0.0,0.0
ties_endpoints,0.2,10,True,0.34375,0.34375,0.34375,0.0,0.0
ties_endpoints,0.2,20,True,0.34375,0.34375,0.34375,0.0,0.0
ties_endpoints,0.2,40,True,0.34375,0.34375,0.34375,0.0,0.0
ties_endpoints,0.375,5,False,0.3,0.3,0.3,0.0,0.008750000000000008
ties_endpoints,0.375,10,False,0.3,0.3,0.3,0.0,0.0
ties_endpoints,0.375,20,False,0.3,0.3,0.3,0.0,0.0
ties_endpoints,0.375,40,True,0.3,0.3,0.3,0.0,0.0
ties_endpoints,0.5,5,False,0.25,0.25,0.275,0.025000000000000022,0.02500000000000001
ties_endpoints,0.5,10,True,0.25,0.25,0.25,0.0,0.0
ties_endpoints,0.5,20,True,0.25,0.25,0.25,0.0,0.0
ties_endpoints,0.5,40,True,0.25,0.25,0.25,0.0,0.0
ties_endpoints,0.7,5,False,0.25,0.25,0.25,0.0,0.0
ties_endpoints,0.7,10,True,0.25,0.25,0.25,0.0,0.0
ties_endpoints,0.7,20,True,0.25,0.25,0.25,0.0,0.0
ties_endpoints,0.7,40,True,0.25,0.25,0.25,0.0,0.0
ties_endpoints,0.95,5,False,0.25,0.25,0.25,0.0,0.18749999999999992
ties_endpoints,0.95,10,False,0.25,0.25,0.25,0.0,0.12499999999999985
ties_endpoints,0.95,20,True,0.25,0.25,0.25,0.0,0.0
ties_endpoints,0.95,40,True,0.25,0.25,0.25,0.0,0.0
ties_endpoints,0.99,5,False,0.25,0.25,0.25,0.0,0.2375
ties_endpoints,0.99,10,False,0.25,0.25,0.25,0.0,0.22499999999999998
ties_endpoints,0.99,20,False,0.25,0.25,0.25,0.0,0.19999999999999987
ties_endpoints,0.99,40,False,0.25,0.25,0.25,0.0,0.14999999999999952
constant,0.05,5,False,0.15789473684210528,0.15789473684210528,0.15789473684210528,0.0,0.0
constant,0.05,10,False,0.15789473684210528,0.15789473684210528,0.15789473684210528,0.0,0.0
constant,0.05,20,True,0.15789473684210528,0.15789473684210528,0.15789473684210528,0.0,0.0
constant,0.05,40,True,0.15789473684210528,0.15789473684210528,0.15789473684210528,0.0,0.0
constant,0.1111111111111111,5,False,0.10000000000000002,0.10000000000000002,0.10000000000000002,0.0,0.0
constant,0.1111111111111111,10,False,0.10000000000000002,0.10000000000000002,0.10000000000000002,0.0,0.0
constant,0.1111111111111111,20,False,0.10000000000000002,0.10000000000000002,0.10000000000000002,0.0,0.0
constant,0.1111111111111111,40,False,0.10000000000000002,0.10000000000000002,0.10000000000000002,0.0,0.0
constant,0.1,5,False,0.11111111111111112,0.11111111111111112,0.11111111111111113,1.3877787807814457e-17,0.0
constant,0.1,10,True,0.11111111111111112,0.11111111111111112,0.11111111111111112,0.0,0.0
constant,0.1,20,True,0.11111111111111112,0.11111111111111112,0.11111111111111112,0.0,0.0
constant,0.1,40,True,0.11111111111111112,0.11111111111111112,0.11111111111111112,0.0,0.0
constant,0.15,5,False,0.058823529411764726,0.058823529411764726,0.058823529411764726,0.0,0.0
constant,0.15,10,False,0.058823529411764726,0.058823529411764726,0.058823529411764726,0.0,0.0
constant,0.15,20,True,0.058823529411764726,0.058823529411764726,0.058823529411764726,0.0,0.0
constant,0.15,40,True,0.058823529411764726,0.058823529411764726,0.058823529411764726,0.0,0.0
constant,0.2,5,True,0.0,0.0,0.0,0.0,0.0
constant,0.2,10,True,0.0,0.0,0.0,0.0,0.0
constant,0.2,20,True,0.0,0.0,0.0,0.0,0.0
constant,0.2,40,True,0.0,0.0,0.0,0.0,0.0
constant,0.375,5,False,0.0,0.0,0.0,0.0,0.03500000000000003
constant,0.375,10,False,0.0,0.0,0.0,0.0,0.0
constant,0.375,20,False,0.0,0.0,0.0,0.0,0.0
constant,0.375,40,True,0.0,0.0,0.0,0.0,0.0
constant,0.5,5,False,0.0,0.0,0.0,0.0,0.0
constant,0.5,10,True,0.0,0.0,0.0,0.0,0.0
constant,0.5,20,True,0.0,0.0,0.0,0.0,0.0
constant,0.5,40,True,0.0,0.0,0.0,0.0,0.0
constant,0.7,5,False,0.0,0.0,0.0,0.0,0.0
constant,0.7,10,True,0.0,0.0,0.0,0.0,0.0
constant,0.7,20,True,0.0,0.0,0.0,0.0,0.0
constant,0.7,40,True,0.0,0.0,0.0,0.0,0.0
constant,0.95,5,False,0.0,0.0,0.0,0.0,0.0
constant,0.95,10,False,0.0,0.0,0.0,0.0,0.0
constant,0.95,20,True,0.0,0.0,0.0,0.0,0.0
constant,0.95,40,True,0.0,0.0,0.0,0.0,0.0
constant,0.99,5,False,0.0,0.0,0.0,0.0,0.0
constant,0.99,10,False,0.0,0.0,0.0,0.0,0.0
constant,0.99,20,False,0.0,0.0,0.0,0.0,0.0
constant,0.99,40,False,0.0,0.0,0.0,0.0,0.0
