case,threshold,primary,true_nb_a,true_nb_b,true_delta,beta_delta,mean_a,mean_b,var_a,var_b,baseline_corr_theory,prevalence,nb_all,best_default,best_true_nb,available_gain,gap_fraction_of_gain,beta_nb_a,true_gain_a,beta_gain_a,beta_nb_b,true_gain_b,beta_gain_b,true_adoption_ceiling,beta_adoption_ceiling
beta_control,0.0588235294117647,False,0.150383188434812,0.1505280169993555,-0.0001448285645434,-0.0001448285645434,0.2,0.2,0.0079999999999999,0.0087999999999999,0.0524404424085075,0.2,0.15000000000000002,0.15000000000000002,0.1505280169993555,0.0005280169993554795,0.2742876928587224,0.15038318843481208,0.00038318843481197074,0.000383188434812054,0.15052801699935553,0.0005280169993554795,0.0005280169993555073,0.0005280169993554795,0.0005280169993555073
beta_control,0.1111111111111111,False,0.1053103763449198,0.1061967724970936,-0.0008863961521738,-0.0008863961521738,0.2,0.2,0.0079999999999999,0.0087999999999999,0.0524404424085075,0.2,0.10000000000000002,0.10000000000000002,0.1061967724970936,0.006196772497093578,0.143041583758245,0.10531037634491966,0.005310376344919779,0.00531037634491964,0.10619677249709353,0.006196772497093578,0.006196772497093508,0.006196772497093578,0.006196772497093508
beta_control,0.2,True,0.0447223695589543,0.0469155015575012,-0.0021931319985468,-0.0021931319985468,0.2,0.2,0.0079999999999999,0.0087999999999999,0.0524404424085075,0.2,0.0,0.0,0.0469155015575012,0.0469155015575012,0.04674642550413373,0.0447223695589541,0.0447223695589543,0.0447223695589541,0.046915501557500926,0.0469155015575012,0.046915501557500926,0.0469155015575012,0.046915501557500926
beta_control,0.3333333333333333,False,0.0067354089660209,0.0080558984632644,-0.0013204894972435,-0.0013204894972434,0.2,0.2,0.0079999999999999,0.0087999999999999,0.0524404424085075,0.2,-0.19999999999999993,0.0,0.0080558984632644,0.0080558984632644,0.16391585659440067,0.00673540896602082,0.0067354089660209,0.00673540896602082,0.008055898463264296,0.0080558984632644,0.008055898463264296,0.0080558984632644,0.008055898463264296
beta_control,0.5,False,0.0001951529240031,0.0003132871106972,-0.000118134186694,-0.000118134186694,0.2,0.2,0.0079999999999999,0.0087999999999999,0.0524404424085075,0.2,-0.6,0.0,0.0003132871106972,0.0003132871106972,0.3770796265160737,0.00019515292400310198,0.0001951529240031,0.00019515292400310198,0.0003132871106971812,0.0003132871106972,0.0003132871106971812,0.0003132871106972,0.0003132871106971812
low_endpoint,0.0588235294117647,False,0.1515688848599912,0.1503722180542913,0.0011966668056998,-0.0001448285645434,0.2,0.1999999999999999,0.0079999999999999,0.0088,0.0524404424085075,0.2,0.15000000000000002,0.15000000000000002,0.1515688848599912,0.001568884859991182,0.7627499227104059,0.15038318843481208,0.001568884859991182,0.000383188434812054,0.15052801699935542,0.0003722180542912734,0.0005280169993553963,0.001568884859991182,0.0005280169993553963
low_endpoint,0.1111111111111111,True,0.1087714617406189,0.1060119995808498,0.0027594621597691,-0.0008863961521738,0.2,0.1999999999999999,0.0079999999999999,0.0088,0.0524404424085075,0.2,0.10000000000000002,0.10000000000000002,0.1087714617406189,0.00877146174061888,0.31459547352188566,0.10531037634491966,0.00877146174061888,0.00531037634491964,0.10619677249709357,0.006011999580849775,0.00619677249709355,0.00877146174061888,0.00619677249709355
low_endpoint,0.2,False,0.0446681188092321,0.0484750566842469,-0.0038069378750148,-0.0021931319985468,0.2,0.1999999999999999,0.0079999999999999,0.0088,0.0524404424085075,0.2,0.0,0.0,0.0484750566842469,0.0484750566842469,0.0785339540665654,0.0447223695589541,0.0446681188092321,0.0447223695589541,0.04691550155750111,0.0484750566842469,0.04691550155750111,0.0484750566842469,0.04691550155750111
low_endpoint,0.3333333333333333,False,0.0044253986652511,0.0069621017673548,-0.0025367031021037,-0.0013204894972435,0.2,0.1999999999999999,0.0079999999999999,0.0088,0.0524404424085075,0.2,-0.19999999999999993,0.0,0.0069621017673548,0.0069621017673548,0.3643588081401318,0.00673540896602082,0.0044253986652511,0.00673540896602082,0.008055898463264467,0.0069621017673548,0.008055898463264467,0.0069621017673548,0.008055898463264467
low_endpoint,0.5,False,9.827569369017222e-05,0.0001647871410072,-6.651144731710618e-05,-0.000118134186694,0.2,0.1999999999999999,0.0079999999999999,0.0088,0.0524404424085075,0.2,-0.6,0.0,0.0001647871410072,0.0001647871410072,0.40362037298893433,0.00019515292400310198,9.827569369017222e-05,0.00019515292400310198,0.00031328711069719944,0.0001647871410072,0.00031328711069719944,0.0001647871410072,0.00031328711069719944
high_auc,0.1,False,0.1560945174421348,0.1598466147235908,-0.003752097281456,-0.001255188425741,0.2,0.1999999999999999,0.084500999000999,0.087000999000999,0.5358867989745673,0.2,0.11111111111111112,0.11111111111111112,0.1598466147235908,0.04873550361247968,0.07698899166592796,0.1681758980077878,0.04498340633102367,0.05706478689667667,0.1694310864335288,0.04873550361247968,0.058319975322417686,0.04873550361247968,0.058319975322417686
high_auc,0.15,False,0.1434783320969172,0.137084842159454,0.0063934899374632,-0.0017180536787057,0.2,0.1999999999999999,0.084500999000999,0.087000999000999,0.5358867989745673,0.2,0.058823529411764726,0.058823529411764726,0.1434783320969172,0.08465480268515249,0.07552424357117482,0.1563872995659711,0.08465480268515249,0.09756377015420639,0.15810535324467687,0.07826131274768927,0.09928182383291215,0.08465480268515249,0.09928182383291215
high_auc,0.2,True,0.1305895139885969,0.1141967358713403,0.0163927781172565,-0.0021191476583804,0.2,0.1999999999999999,0.084500999000999,0.087000999000999,0.5358867989745673,0.2,0.0,0.0,0.1305895139885969,0.1305895139885969,0.12552905372393008,0.14569178557434204,0.1305895139885969,0.14569178557434204,0.14781093323272249,0.1141967358713403,0.14781093323272249,0.1305895139885969,0.14781093323272249
high_auc,0.25,False,0.1159824333619063,0.1112051648345937,0.0047772685273125,-0.002470625611981,0.2,0.1999999999999999,0.084500999000999,0.087000999000999,0.5358867989745673,0.2,-0.06666666666666665,0.0,0.1159824333619063,0.1159824333619063,0.04118958698172618,0.13575592545238685,0.1159824333619063,0.13575592545238685,0.13822655106436785,0.1112051648345937,0.13822655106436785,0.1159824333619063,0.13822655106436785
high_auc,0.3,False,0.1014889042092238,0.1108932042962608,-0.009404300087037,-0.0027795528524994,0.2,0.1999999999999999,0.084500999000999,0.087000999000999,0.5358867989745673,0.2,-0.14285714285714282,0.0,0.1108932042962608,0.1108932042962608,0.08480501710377669,0.12638104761363544,0.1014889042092238,0.12638104761363544,0.12916060046613484,0.1108932042962608,0.12916060046613484,0.1108932042962608,0.12916060046613484
high_auc,0.4,False,0.0995332331329484,0.1101137174634168,-0.0105804843304684,-0.0032850877535024,0.2,0.1999999999999999,0.084500999000999,0.087000999000999,0.5358867989745673,0.2,-0.33333333333333337,0.0,0.1101137174634168,0.1101137174634168,0.09608688703097837,0.10881653584094006,0.0995332331329484,0.10881653584094006,0.11210162359444244,0.1101137174634168,0.11210162359444244,0.1101137174634168,0.11210162359444244
