case,threshold,primary,burden_lower,burden_upper,true_choice,beta_choice,beta_choice_below_default,loss_at_interval_midpoint
beta_control,0.0588235294117647,False,0.0,0.00038318843481197074,B,B,False,0.0
beta_control,0.0588235294117647,False,0.000383188434812054,0.0005280169993554795,B,B,False,0.0
beta_control,0.0588235294117647,False,0.0005280169993555073,0.010528016999355507,default,default,False,0.0
beta_control,0.1111111111111111,False,0.0,0.00531037634491964,B,B,False,0.0
beta_control,0.1111111111111111,False,0.005310376344919779,0.006196772497093508,B,B,False,0.0
beta_control,0.1111111111111111,False,0.006196772497093578,0.01619677249709358,default,default,False,0.0
beta_control,0.2,True,0.0,0.0447223695589541,B,B,False,0.0
beta_control,0.2,True,0.0447223695589543,0.046915501557500926,B,B,False,0.0
beta_control,0.2,True,0.0469155015575012,0.056915501557501205,default,default,False,0.0
beta_control,0.3333333333333333,False,0.0,0.00673540896602082,B,B,False,0.0
beta_control,0.3333333333333333,False,0.0067354089660209,0.008055898463264296,B,B,False,0.0
beta_control,0.3333333333333333,False,0.0080558984632644,0.0180558984632644,default,default,False,0.0
beta_control,0.5,False,0.0,0.0001951529240031,B,B,False,0.0
beta_control,0.5,False,0.00019515292400310198,0.0003132871106971812,B,B,False,0.0
beta_control,0.5,False,0.0003132871106972,0.0103132871106972,default,default,False,0.0
low_endpoint,0.0588235294117647,False,0.0,0.0003722180542912734,A,B,False,0.0011966668056999086
low_endpoint,0.0588235294117647,False,0.0003722180542912734,0.000383188434812054,A,B,True,0.0011966668056999086
low_endpoint,0.0588235294117647,False,0.000383188434812054,0.0005280169993553963,A,B,True,0.0011966668056999086
low_endpoint,0.0588235294117647,False,0.0005280169993553963,0.001568884859991182,A,default,False,0.0005204339303178929
low_endpoint,0.0588235294117647,False,0.001568884859991182,0.011568884859991182,default,default,False,0.0
low_endpoint,0.1111111111111111,True,0.0,0.00531037634491964,A,B,False,0.002759462159769105
low_endpoint,0.1111111111111111,True,0.00531037634491964,0.006011999580849775,A,B,False,0.002759462159769105
low_endpoint,0.1111111111111111,True,0.006011999580849775,0.00619677249709355,A,B,True,0.002759462159769105
low_endpoint,0.1111111111111111,True,0.00619677249709355,0.00877146174061888,A,default,False,0.001287344621762665
low_endpoint,0.1111111111111111,True,0.00877146174061888,0.018771461740618882,default,default,False,0.0
low_endpoint,0.2,False,0.0,0.0446681188092321,B,B,False,0.0
low_endpoint,0.2,False,0.0446681188092321,0.0447223695589541,B,B,False,0.0
low_endpoint,0.2,False,0.0447223695589541,0.04691550155750111,B,B,False,0.0
low_endpoint,0.2,False,0.04691550155750111,0.0484750566842469,B,default,False,0.0007797775633728923
low_endpoint,0.2,False,0.0484750566842469,0.0584750566842469,default,default,False,0.0
low_endpoint,0.3333333333333333,False,0.0,0.0044253986652511,B,B,False,0.0
low_endpoint,0.3333333333333333,False,0.0044253986652511,0.00673540896602082,B,B,False,0.0
low_endpoint,0.3333333333333333,False,0.00673540896602082,0.0069621017673548,B,B,False,0.0
low_endpoint,0.3333333333333333,False,0.0069621017673548,0.008055898463264467,default,B,True,0.000546898347954833
low_endpoint,0.3333333333333333,False,0.008055898463264467,0.01805589846326447,default,default,False,0.0
low_endpoint,0.5,False,0.0,9.827569369017222e-05,B,B,False,0.0
low_endpoint,0.5,False,9.827569369017222e-05,0.0001647871410072,B,B,False,0.0
low_endpoint,0.5,False,0.0001647871410072,0.00019515292400310198,default,B,True,1.5182891497950987e-05
low_endpoint,0.5,False,0.00019515292400310198,0.00031328711069719944,default,B,True,8.94328763429507e-05
low_endpoint,0.5,False,0.00031328711069719944,0.010313287110697199,default,default,False,0.0
high_auc,0.1,False,0.0,0.04498340633102367,B,B,False,0.0
high_auc,0.1,False,0.04498340633102367,0.04873550361247968,B,B,False,0.0
high_auc,0.1,False,0.04873550361247968,0.05706478689667667,default,B,True,0.004164641642098496
high_auc,0.1,False,0.05706478689667667,0.058319975322417686,default,B,True,0.0089568774970675
high_auc,0.1,False,0.058319975322417686,0.06831997532241768,default,default,False,0.0
high_auc,0.15,False,0.0,0.07826131274768927,A,B,False,0.00639348993746322
high_auc,0.15,False,0.07826131274768927,0.08465480268515249,A,B,True,0.00639348993746322
high_auc,0.15,False,0.08465480268515249,0.09756377015420639,default,B,True,0.012847973671990177
high_auc,0.15,False,0.09756377015420639,0.09928182383291215,default,B,True,0.020161484245870005
high_auc,0.15,False,0.09928182383291215,0.10928182383291214,default,default,False,0.0
high_auc,0.2,True,0.0,0.1141967358713403,A,B,False,0.01639277811725659
high_auc,0.2,True,0.1141967358713403,0.1305895139885969,A,B,True,0.01639277811725659
high_auc,0.2,True,0.1305895139885969,0.14569178557434204,default,B,True,0.02394391391012915
high_auc,0.2,True,0.14569178557434204,0.14781093323272249,default,B,True,0.03255462353219196
high_auc,0.2,True,0.14781093323272249,0.16259202655599472,default,default,False,0.0
high_auc,0.25,False,0.0,0.1112051648345937,A,B,False,0.004777268527312611
high_auc,0.25,False,0.1112051648345937,0.1159824333619063,A,B,True,0.004777268527312611
high_auc,0.25,False,0.1159824333619063,0.13575592545238685,default,B,True,0.014664014572552897
high_auc,0.25,False,0.13575592545238685,0.13822655106436785,default,B,True,0.02578607342378364
high_auc,0.25,False,0.13822655106436785,0.15204920617080464,default,default,False,0.0
high_auc,0.3,False,0.0,0.1014889042092238,B,B,False,0.0
high_auc,0.3,False,0.1014889042092238,0.1108932042962608,B,B,False,0.0
high_auc,0.3,False,0.1108932042962608,0.12638104761363544,default,B,True,0.007743921658687328
high_auc,0.3,False,0.12638104761363544,0.12916060046613484,default,B,True,0.016877619743624353
high_auc,0.3,False,0.12916060046613484,0.1420766605127483,default,default,False,0.0
high_auc,0.4,False,0.0,0.0995332331329484,B,B,False,0.0
high_auc,0.4,False,0.0995332331329484,0.10881653584094006,B,B,False,0.0
high_auc,0.4,False,0.10881653584094006,0.1101137174634168,B,B,False,0.0
high_auc,0.4,False,0.1101137174634168,0.11210162359444244,default,B,True,0.0009939530655128093
high_auc,0.4,False,0.11210162359444244,0.12331178595388669,default,default,False,0.0
