fixture,threshold,outcome,decision_a,decision_b,count
aligned,0.05,0,0,0,0
aligned,0.05,0,0,1,0
aligned,0.05,0,1,0,0
aligned,0.05,0,1,1,4
aligned,0.05,1,0,0,0
aligned,0.05,1,0,1,0
aligned,0.05,1,1,0,0
aligned,0.05,1,1,1,4
aligned,0.1111111111111111,0,0,0,1
aligned,0.1111111111111111,0,0,1,0
aligned,0.1111111111111111,0,1,0,0
aligned,0.1111111111111111,0,1,1,3
aligned,0.1111111111111111,1,0,0,0
aligned,0.1111111111111111,1,0,1,0
aligned,0.1111111111111111,1,1,0,0
aligned,0.1111111111111111,1,1,1,4
aligned,0.2,0,0,0,1
aligned,0.2,0,0,1,1
aligned,0.2,0,1,0,0
aligned,0.2,0,1,1,2
aligned,0.2,1,0,0,0
aligned,0.2,1,0,1,0
aligned,0.2,1,1,0,0
aligned,0.2,1,1,1,4
aligned,0.5,0,0,0,3
aligned,0.5,0,0,1,0
aligned,0.5,0,1,0,0
aligned,0.5,0,1,1,1
aligned,0.5,1,0,0,2
aligned,0.5,1,0,1,0
aligned,0.5,1,1,0,0
aligned,0.5,1,1,1,2
aligned,0.7,0,0,0,3
aligned,0.7,0,0,1,0
aligned,0.7,0,1,0,0
aligned,0.7,0,1,1,1
aligned,0.7,1,0,0,3
aligned,0.7,1,0,1,0
aligned,0.7,1,1,0,0
aligned,0.7,1,1,1,1
aligned,0.95,0,0,0,4
aligned,0.95,0,0,1,0
aligned,0.95,0,1,0,0
aligned,0.95,0,1,1,0
aligned,0.95,1,0,0,3
aligned,0.95,1,0,1,0
aligned,0.95,1,1,0,1
aligned,0.95,1,1,1,0
aligned,0.99,0,0,0,4
aligned,0.99,0,0,1,0
aligned,0.99,0,1,0,0
aligned,0.99,0,1,1,0
aligned,0.99,1,0,0,4
aligned,0.99,1,0,1,0
aligned,0.99,1,1,0,0
aligned,0.99,1,1,1,0
permuted_within_outcome,0.05,0,0,0,0
permuted_within_outcome,0.05,0,0,1,0
permuted_within_outcome,0.05,0,1,0,0
permuted_within_outcome,0.05,0,1,1,4
permuted_within_outcome,0.05,1,0,0,0
permuted_within_outcome,0.05,1,0,1,0
permuted_within_outcome,0.05,1,1,0,0
permuted_within_outcome,0.05,1,1,1,4
permuted_within_outcome,0.1111111111111111,0,0,0,0
permuted_within_outcome,0.1111111111111111,0,0,1,1
permuted_within_outcome,0.1111111111111111,0,1,0,1
permuted_within_outcome,0.1111111111111111,0,1,1,2
permuted_within_outcome,0.1111111111111111,1,0,0,0
permuted_within_outcome,0.1111111111111111,1,0,1,0
permuted_within_outcome,0.1111111111111111,1,1,0,0
permuted_within_outcome,0.1111111111111111,1,1,1,4
permuted_within_outcome,0.2,0,0,0,0
permuted_within_outcome,0.2,0,0,1,2
permuted_within_outcome,0.2,0,1,0,1
permuted_within_outcome,0.2,0,1,1,1
permuted_within_outcome,0.2,1,0,0,0
permuted_within_outcome,0.2,1,0,1,0
permuted_within_outcome,0.2,1,1,0,0
permuted_within_outcome,0.2,1,1,1,4
permuted_within_outcome,0.5,0,0,0,2
permuted_within_outcome,0.5,0,0,1,1
permuted_within_outcome,0.5,0,1,0,1
permuted_within_outcome,0.5,0,1,1,0
permuted_within_outcome,0.5,1,0,0,0
permuted_within_outcome,0.5,1,0,1,2
permuted_within_outcome,0.5,1,1,0,2
permuted_within_outcome,0.5,1,1,1,0
permuted_within_outcome,0.7,0,0,0,2
permuted_within_outcome,0.7,0,0,1,1
permuted_within_outcome,0.7,0,1,0,1
permuted_within_outcome,0.7,0,1,1,0
permuted_within_outcome,0.7,1,0,0,2
permuted_within_outcome,0.7,1,0,1,1
permuted_within_outcome,0.7,1,1,0,1
permuted_within_outcome,0.7,1,1,1,0
permuted_within_outcome,0.95,0,0,0,4
permuted_within_outcome,0.95,0,0,1,0
permuted_within_outcome,0.95,0,1,0,0
permuted_within_outcome,0.95,0,1,1,0
permuted_within_outcome,0.95,1,0,0,3
permuted_within_outcome,0.95,1,0,1,0
permuted_within_outcome,0.95,1,1,0,1
permuted_within_outcome,0.95,1,1,1,0
permuted_within_outcome,0.99,0,0,0,4
permuted_within_outcome,0.99,0,0,1,0
permuted_within_outcome,0.99,0,1,0,0
permuted_within_outcome,0.99,0,1,1,0
permuted_within_outcome,0.99,1,0,0,4
permuted_within_outcome,0.99,1,0,1,0
permuted_within_outcome,0.99,1,1,0,0
permuted_within_outcome,0.99,1,1,1,0
ties_and_endpoints,0.05,0,0,0,0
ties_and_endpoints,0.05,0,0,1,1
ties_and_endpoints,0.05,0,1,0,1
ties_and_endpoints,0.05,0,1,1,2
ties_and_endpoints,0.05,1,0,0,0
ties_and_endpoints,0.05,1,0,1,1
ties_and_endpoints,0.05,1,1,0,1
ties_and_endpoints,0.05,1,1,1,2
ties_and_endpoints,0.1111111111111111,0,0,0,0
ties_and_endpoints,0.1111111111111111,0,0,1,1
ties_and_endpoints,0.1111111111111111,0,1,0,1
ties_and_endpoints,0.1111111111111111,0,1,1,2
ties_and_endpoints,0.1111111111111111,1,0,0,0
ties_and_endpoints,0.1111111111111111,1,0,1,1
ties_and_endpoints,0.1111111111111111,1,1,0,1
ties_and_endpoints,0.1111111111111111,1,1,1,2
ties_and_endpoints,0.2,0,0,0,0
ties_and_endpoints,0.2,0,0,1,1
ties_and_endpoints,0.2,0,1,0,1
ties_and_endpoints,0.2,0,1,1,2
ties_and_endpoints,0.2,1,0,0,0
ties_and_endpoints,0.2,1,0,1,1
ties_and_endpoints,0.2,1,1,0,1
ties_and_endpoints,0.2,1,1,1,2
ties_and_endpoints,0.5,0,0,0,0
ties_and_endpoints,0.5,0,0,1,2
ties_and_endpoints,0.5,0,1,0,2
ties_and_endpoints,0.5,0,1,1,0
ties_and_endpoints,0.5,1,0,0,0
ties_and_endpoints,0.5,1,0,1,2
ties_and_endpoints,0.5,1,1,0,2
ties_and_endpoints,0.5,1,1,1,0
ties_and_endpoints,0.7,0,0,0,2
ties_and_endpoints,0.7,0,0,1,1
ties_and_endpoints,0.7,0,1,0,1
ties_and_endpoints,0.7,0,1,1,0
ties_and_endpoints,0.7,1,0,0,2
ties_and_endpoints,0.7,1,0,1,1
ties_and_endpoints,0.7,1,1,0,1
ties_and_endpoints,0.7,1,1,1,0
ties_and_endpoints,0.95,0,0,0,2
ties_and_endpoints,0.95,0,0,1,1
ties_and_endpoints,0.95,0,1,0,1
ties_and_endpoints,0.95,0,1,1,0
ties_and_endpoints,0.95,1,0,0,2
ties_and_endpoints,0.95,1,0,1,1
ties_and_endpoints,0.95,1,1,0,1
ties_and_endpoints,0.95,1,1,1,0
ties_and_endpoints,0.99,0,0,0,2
ties_and_endpoints,0.99,0,0,1,1
ties_and_endpoints,0.99,0,1,0,1
ties_and_endpoints,0.99,0,1,1,0
ties_and_endpoints,0.99,1,0,0,2
ties_and_endpoints,0.99,1,0,1,1
ties_and_endpoints,0.99,1,1,0,1
ties_and_endpoints,0.99,1,1,1,0
constant_scores,0.05,0,0,0,0
constant_scores,0.05,0,0,1,0
constant_scores,0.05,0,1,0,0
constant_scores,0.05,0,1,1,4
constant_scores,0.05,1,0,0,0
constant_scores,0.05,1,0,1,0
constant_scores,0.05,1,1,0,0
constant_scores,0.05,1,1,1,4
constant_scores,0.1111111111111111,0,0,0,0
constant_scores,0.1111111111111111,0,0,1,0
constant_scores,0.1111111111111111,0,1,0,0
constant_scores,0.1111111111111111,0,1,1,4
constant_scores,0.1111111111111111,1,0,0,0
constant_scores,0.1111111111111111,1,0,1,0
constant_scores,0.1111111111111111,1,1,0,0
constant_scores,0.1111111111111111,1,1,1,4
constant_scores,0.2,0,0,0,0
constant_scores,0.2,0,0,1,0
constant_scores,0.2,0,1,0,0
constant_scores,0.2,0,1,1,4
constant_scores,0.2,1,0,0,0
constant_scores,0.2,1,0,1,0
constant_scores,0.2,1,1,0,0
constant_scores,0.2,1,1,1,4
constant_scores,0.5,0,0,0,4
constant_scores,0.5,0,0,1,0
constant_scores,0.5,0,1,0,0
constant_scores,0.5,0,1,1,0
constant_scores,0.5,1,0,0,4
constant_scores,0.5,1,0,1,0
constant_scores,0.5,1,1,0,0
constant_scores,0.5,1,1,1,0
constant_scores,0.7,0,0,0,4
constant_scores,0.7,0,0,1,0
constant_scores,0.7,0,1,0,0
constant_scores,0.7,0,1,1,0
constant_scores,0.7,1,0,0,4
constant_scores,0.7,1,0,1,0
constant_scores,0.7,1,1,0,0
constant_scores,0.7,1,1,1,0
constant_scores,0.95,0,0,0,4
constant_scores,0.95,0,0,1,0
constant_scores,0.95,0,1,0,0
constant_scores,0.95,0,1,1,0
constant_scores,0.95,1,0,0,4
constant_scores,0.95,1,0,1,0
constant_scores,0.95,1,1,0,0
constant_scores,0.95,1,1,1,0
constant_scores,0.99,0,0,0,4
constant_scores,0.99,0,0,1,0
constant_scores,0.99,0,1,0,0
constant_scores,0.99,0,1,1,0
constant_scores,0.99,1,0,0,4
constant_scores,0.99,1,0,1,0
constant_scores,0.99,1,1,0,0
constant_scores,0.99,1,1,1,0
