fixture,threshold,n,risk_contrast,risk_se,outcome_contrast,outcome_se,maximum_absolute_error
aligned,0.05,8,0.006578947368421073,0.028891778475450002,0.0,0.0,5.551115123125783e-17
aligned,0.1111111111111111,8,0.014062499999999922,0.029593365795514765,0.0,0.0,1.1102230246251565e-16
aligned,0.2,8,0.023437500000000056,0.02878079678175811,0.03125,0.03125,3.469446951953614e-18
aligned,0.5,8,0.050000000000000155,0.026726124191242418,0.0,0.0,1.3877787807814457e-16
aligned,0.7,8,0.062499999999999944,0.04384202340076264,0.0,0.0,6.938893903907228e-17
aligned,0.95,8,0.0,0.0,0.125,0.125,0.0
aligned,0.99,8,0.0,0.0,0.0,0.0,0.0
permuted_within_outcome,0.05,8,0.006578947368421073,0.19754065166979934,0.0,0.0,5.551115123125783e-17
permuted_within_outcome,0.1111111111111111,8,0.014062499999999978,0.2061341327678759,0.0,0.0236227795630767,1.1102230246251565e-16
permuted_within_outcome,0.2,8,0.023437500000000056,0.21454423115184362,0.03125,0.05664543544843536,1.3877787807814457e-17
permuted_within_outcome,0.5,8,0.050000000000000044,0.19272482233188631,0.0,0.32732683535398854,8.326672684688674e-17
permuted_within_outcome,0.7,8,0.062499999999999944,0.1475242110880206,0.0,0.4797486114192829,6.938893903907228e-17
permuted_within_outcome,0.95,8,0.0,0.0,0.125,0.125,0.0
permuted_within_outcome,0.99,8,0.0,0.0,0.0,0.0,0.0
ties_and_endpoints,0.05,8,-1.1102230246251565e-16,0.280270658941591,0.0,0.18924380373914615,1.1102230246251565e-16
ties_and_endpoints,0.1111111111111111,8,-5.551115123125783e-17,0.28207221086604245,0.0,0.19045293756876377,5.551115123125783e-17
ties_and_endpoints,0.2,8,-5.551115123125783e-17,0.2854351314847461,0.0,0.1947984306184949,5.551115123125783e-17
ties_and_endpoints,0.5,8,0.0,0.2672612419124244,0.0,0.3779644730092272,5.551115123125783e-17
ties_and_endpoints,0.7,8,0.0,0.2672612419124244,0.0,0.4797486114192829,5.551115123125783e-17
ties_and_endpoints,0.95,8,0.0,0.2672612419124244,0.0,3.5956322710437734,5.551115123125783e-17
ties_and_endpoints,0.99,8,0.0,0.2672612419124244,0.0,18.71019584535202,5.551115123125783e-17
constant_scores,0.05,8,0.0,0.0,0.0,0.0,0.0
constant_scores,0.1111111111111111,8,0.0,0.0,0.0,0.0,0.0
constant_scores,0.2,8,0.0,0.0,0.0,0.0,0.0
constant_scores,0.5,8,0.0,0.0,0.0,0.0,0.0
constant_scores,0.7,8,0.0,0.0,0.0,0.0,0.0
constant_scores,0.95,8,0.0,0.0,0.0,0.0,0.0
constant_scores,0.99,8,0.0,0.0,0.0,0.0,0.0
