case,n,rho0,rho1,diagnostic,mean,mcse
beta_control,500,-0.5,-0.5,corr_all,-0.40044511424910606,0.0015378512913400146
beta_control,500,-0.5,-0.5,corr_y0,-0.47751412306938446,0.0015492172968942777
beta_control,500,-0.5,-0.5,corr_y1,-0.48418023935014665,0.0033560298497785834
beta_control,500,-0.5,-0.5,mean_a,0.2002605652685715,0.00018600637219183931
beta_control,500,-0.5,-0.5,mean_b,0.19977864905982415,0.000185751439558565
beta_control,500,-0.5,-0.5,var_a,0.007995795314847336,2.6289145850663376e-05
beta_control,500,-0.5,-0.5,var_b,0.008763064367818554,2.512222319081173e-05
beta_control,500,-0.5,-0.5,cal_resid_a,0.0001994347314284826,0.0007790488889959927
beta_control,500,-0.5,-0.5,cal_resid_b,0.0006813509401758682,0.0007956833034417236
beta_control,500,-0.5,-0.5,cal_score_resid_a,7.186933454158737e-05,0.00019338217002211425
beta_control,500,-0.5,-0.5,cal_score_resid_b,0.00027323587977884817,0.00019470360108191838
beta_control,500,0.0,0.0,corr_all,0.0545932457511807,0.0019335364838591411
beta_control,500,0.0,0.0,corr_y0,0.0006813793193063569,0.0021435629217738694
beta_control,500,0.0,0.0,corr_y1,0.003859118971817218,0.004536373911026031
beta_control,500,0.0,0.0,mean_a,0.2002605652685715,0.00018600637219183931
beta_control,500,0.0,0.0,mean_b,0.19992169384082586,0.0001872943912012736
beta_control,500,0.0,0.0,var_a,0.007995795314847336,2.6289145850663376e-05
beta_control,500,0.0,0.0,var_b,0.008780600433581224,2.593162426832231e-05
beta_control,500,0.0,0.0,cal_resid_a,0.0001994347314284826,0.0007790488889959927
beta_control,500,0.0,0.0,cal_resid_b,0.0005383061591741231,0.0007881144004496433
beta_control,500,0.0,0.0,cal_score_resid_a,7.186933454158737e-05,0.00019338217002211425
beta_control,500,0.0,0.0,cal_score_resid_b,0.0002444206806981613,0.0001935369288081191
beta_control,500,0.3,0.3,corr_all,0.333035190446668,0.0017987108777979875
beta_control,500,0.3,0.3,corr_y0,0.2942555448573423,0.0020358416851330276
beta_control,500,0.3,0.3,corr_y1,0.2989075232721827,0.004165201537945792
beta_control,500,0.3,0.3,mean_a,0.2002605652685715,0.00018600637219183931
beta_control,500,0.3,0.3,mean_b,0.2000195707064424,0.00019010103769565788
beta_control,500,0.3,0.3,var_a,0.007995795314847336,2.6289145850663376e-05
beta_control,500,0.3,0.3,var_b,0.008789292230922686,2.6442433899116817e-05
beta_control,500,0.3,0.3,cal_resid_a,0.0001994347314284826,0.0007790488889959927
beta_control,500,0.3,0.3,cal_resid_b,0.0004404292935575956,0.0007843918192302902
beta_control,500,0.3,0.3,cal_score_resid_a,7.186933454158737e-05,0.00019338217002211425
beta_control,500,0.3,0.3,cal_score_resid_b,0.00021441104411435566,0.00019388588356851445
beta_control,500,0.6,0.6,corr_all,0.6157870858244344,0.001314140566338702
beta_control,500,0.6,0.6,corr_y0,0.5930875412110643,0.0015096853069684955
beta_control,500,0.6,0.6,corr_y1,0.5967492891229433,0.0029803807459357567
beta_control,500,0.6,0.6,mean_a,0.2002605652685715,0.00018600637219183931
beta_control,500,0.6,0.6,mean_b,0.20012236194491362,0.00019348721347815483
beta_control,500,0.6,0.6,var_a,0.007995795314847336,2.6289145850663376e-05
beta_control,500,0.6,0.6,var_b,0.008798005416739557,2.7421067051027583e-05
beta_control,500,0.6,0.6,cal_resid_a,0.0001994347314284826,0.0007790488889959927
beta_control,500,0.6,0.6,cal_resid_b,0.0003376380550864074,0.0007810469739599714
beta_control,500,0.6,0.6,cal_score_resid_a,7.186933454158737e-05,0.00019338217002211425
beta_control,500,0.6,0.6,cal_score_resid_b,0.00017461377379378168,0.000194664267413773
beta_control,500,0.9,0.9,corr_all,0.9030574755383437,0.00040863624978852253
beta_control,500,0.9,0.9,corr_y0,0.8973299348468622,0.00047632869419223666
beta_control,500,0.9,0.9,corr_y1,0.8983182226461199,0.0008978422161472092
beta_control,500,0.9,0.9,mean_a,0.2002605652685715,0.00018600637219183931
beta_control,500,0.9,0.9,mean_b,0.20022788140226566,0.00019604635968636472
beta_control,500,0.9,0.9,var_a,0.007995795314847336,2.6289145850663376e-05
beta_control,500,0.9,0.9,var_b,0.008805274556397865,2.899501275621176e-05
beta_control,500,0.9,0.9,cal_resid_a,0.0001994347314284826,0.0007790488889959927
beta_control,500,0.9,0.9,cal_resid_b,0.000232118597734312,0.0007777404410820096
beta_control,500,0.9,0.9,cal_score_resid_a,7.186933454158737e-05,0.00019338217002211425
beta_control,500,0.9,0.9,cal_score_resid_b,0.00011645932238520727,0.0001955887638107516
beta_control,500,0.0,0.9,corr_all,0.25161891261735375,0.002346611600082478
beta_control,500,0.0,0.9,corr_y0,0.0006813793193063569,0.0021435629217738694
beta_control,500,0.0,0.9,corr_y1,0.8983182226461199,0.0008978422161472092
beta_control,500,0.0,0.9,mean_a,0.2002605652685715,0.00018600637219183931
beta_control,500,0.0,0.9,mean_b,0.19994260156608365,0.00018784091692009003
beta_control,500,0.0,0.9,var_a,0.007995795314847336,2.6289145850663376e-05
beta_control,500,0.0,0.9,var_b,0.008799230353521845,2.7246923131104933e-05
beta_control,500,0.0,0.9,cal_resid_a,0.0001994347314284826,0.0007790488889959927
beta_control,500,0.0,0.9,cal_resid_b,0.0005173984339163392,0.0007817973558685917
beta_control,500,0.0,0.9,cal_score_resid_a,7.186933454158737e-05,0.00019338217002211425
beta_control,500,0.0,0.9,cal_score_resid_b,0.00023823592766068763,0.00019589857204668602
beta_control,500,0.9,0.0,corr_all,0.7062776313939404,0.001503031364488878
beta_control,500,0.9,0.0,corr_y0,0.8973299348468622,0.00047632869419223666
beta_control,500,0.9,0.0,corr_y1,0.003859118971817218,0.004536373911026031
beta_control,500,0.9,0.0,mean_a,0.2002605652685715,0.00018600637219183931
beta_control,500,0.9,0.0,mean_b,0.2002069736770079,0.00019837782938540867
beta_control,500,0.9,0.0,var_a,0.007995795314847336,2.6289145850663376e-05
beta_control,500,0.9,0.0,var_b,0.008786095385601595,2.722230083233938e-05
beta_control,500,0.9,0.0,cal_resid_a,0.0001994347314284826,0.0007790488889959927
beta_control,500,0.9,0.0,cal_resid_b,0.0002530263229920956,0.0007848069860715648
beta_control,500,0.9,0.0,cal_score_resid_a,7.186933454158737e-05,0.00019338217002211425
beta_control,500,0.9,0.0,cal_score_resid_b,0.000122644075422681,0.00019314238953107915
beta_control,3000,-0.5,-0.5,corr_all,-0.403040517407626,0.0006387912007784482
beta_control,3000,-0.5,-0.5,corr_y0,-0.47937318543810187,0.000640918143558969
beta_control,3000,-0.5,-0.5,corr_y1,-0.48694597617890795,0.0012875725490128981
beta_control,3000,-0.5,-0.5,mean_a,0.1999895346032588,7.168333335319485e-05
beta_control,3000,-0.5,-0.5,mean_b,0.1999875914075664,7.977656669263755e-05
beta_control,3000,-0.5,-0.5,var_a,0.008009688711130607,1.043058103991435e-05
beta_control,3000,-0.5,-0.5,var_b,0.00879280070043214,1.0637181773952088e-05
beta_control,3000,-0.5,-0.5,cal_resid_a,0.0001277987300745469,0.0003062292774216323
beta_control,3000,-0.5,-0.5,cal_resid_b,0.00012974192576694003,0.0002935780061537976
beta_control,3000,-0.5,-0.5,cal_score_resid_a,2.4026759874640627e-05,7.509606957923911e-05
beta_control,3000,-0.5,-0.5,cal_score_resid_b,7.413113443965355e-05,7.335201354583717e-05
beta_control,3000,0.0,0.0,corr_all,0.05259266243449315,0.0007854130949074467
beta_control,3000,0.0,0.0,corr_y0,-0.0002819401837546625,0.0008926876709543131
beta_control,3000,0.0,0.0,corr_y1,9.72741715727019e-05,0.0017038685810025556
beta_control,3000,0.0,0.0,mean_a,0.1999895346032588,7.168333335319485e-05
beta_control,3000,0.0,0.0,mean_b,0.19995305645931022,7.725462436498127e-05
beta_control,3000,0.0,0.0,var_a,0.008009688711130607,1.043058103991435e-05
beta_control,3000,0.0,0.0,var_b,0.008789021517646668,1.0926671779941493e-05
beta_control,3000,0.0,0.0,cal_resid_a,0.0001277987300745469,0.0003062292774216323
beta_control,3000,0.0,0.0,cal_resid_b,0.00016427687402309894,0.00029344447864288413
beta_control,3000,0.0,0.0,cal_score_resid_a,2.4026759874640627e-05,7.509606957923911e-05
beta_control,3000,0.0,0.0,cal_score_resid_b,9.816645948208924e-05,7.269805758722348e-05
beta_control,3000,0.3,0.3,corr_all,0.3317739156429211,0.0007079989993031988
beta_control,3000,0.3,0.3,corr_y0,0.2940304106057248,0.0008344398203565075
beta_control,3000,0.3,0.3,corr_y1,0.29623491224036486,0.0015814547488767275
beta_control,3000,0.3,0.3,mean_a,0.1999895346032588,7.168333335319485e-05
beta_control,3000,0.3,0.3,mean_b,0.19994675525306566,7.591518317619362e-05
beta_control,3000,0.3,0.3,var_a,0.008009688711130607,1.043058103991435e-05
beta_control,3000,0.3,0.3,var_b,0.008790445234786599,1.1251965955676784e-05
beta_control,3000,0.3,0.3,cal_resid_a,0.0001277987300745469,0.0003062292774216323
beta_control,3000,0.3,0.3,cal_resid_b,0.00017057808026769433,0.0002946639979402097
beta_control,3000,0.3,0.3,cal_score_resid_a,2.4026759874640627e-05,7.509606957923911e-05
beta_control,3000,0.3,0.3,cal_score_resid_b,9.918749795327768e-05,7.293641771404137e-05
beta_control,3000,0.6,0.6,corr_all,0.6152709235275494,0.0005048772220399354
beta_control,3000,0.6,0.6,corr_y0,0.5933129547535707,0.0006022980904767668
beta_control,3000,0.6,0.6,corr_y1,0.5956550034649689,0.001165668583248553
beta_control,3000,0.6,0.6,mean_a,0.1999895346032588,7.168333335319485e-05
beta_control,3000,0.6,0.6,mean_b,0.19995201945085223,7.50674075723888e-05
beta_control,3000,0.6,0.6,var_a,0.008009688711130607,1.043058103991435e-05
beta_control,3000,0.6,0.6,var_b,0.0087951085495663,1.1394865560659731e-05
beta_control,3000,0.6,0.6,cal_resid_a,0.0001277987300745469,0.0003062292774216323
beta_control,3000,0.6,0.6,cal_resid_b,0.00016531388248111457,0.0002970488362496229
beta_control,3000,0.6,0.6,cal_score_resid_a,2.4026759874640627e-05,7.509606957923911e-05
beta_control,3000,0.6,0.6,cal_score_resid_b,8.809186918794516e-05,7.358861034881904e-05
beta_control,3000,0.9,0.9,corr_all,0.9030379096510129,0.0001576585702362834
beta_control,3000,0.9,0.9,corr_y0,0.8974915211825487,0.0001842413471975206
beta_control,3000,0.9,0.9,corr_y1,0.898386658466498,0.0003698179271736395
beta_control,3000,0.9,0.9,mean_a,0.1999895346032588,7.168333335319485e-05
beta_control,3000,0.9,0.9,mean_b,0.19997180248428675,7.495433885716646e-05
beta_control,3000,0.9,0.9,var_a,0.008009688711130607,1.043058103991435e-05
beta_control,3000,0.9,0.9,var_b,0.008804090194096236,1.1412754402114004e-05
beta_control,3000,0.9,0.9,cal_resid_a,0.0001277987300745469,0.0003062292774216323
beta_control,3000,0.9,0.9,cal_resid_b,0.00014553084904661985,0.0003014633995076192
beta_control,3000,0.9,0.9,cal_score_resid_a,2.4026759874640627e-05,7.509606957923911e-05
beta_control,3000,0.9,0.9,cal_score_resid_b,5.7034349959139334e-05,7.484154088158954e-05
beta_control,3000,0.0,0.9,corr_all,0.24857366497170238,0.0009393591905245802
beta_control,3000,0.0,0.9,corr_y0,-0.0002819401837546625,0.0008926876709543131
beta_control,3000,0.0,0.9,corr_y1,0.898386658466498,0.0003698179271736395
beta_control,3000,0.0,0.9,mean_a,0.1999895346032588,7.168333335319485e-05
beta_control,3000,0.0,0.9,mean_b,0.19993431531571929,7.684506019954122e-05
beta_control,3000,0.0,0.9,var_a,0.008009688711130607,1.043058103991435e-05
beta_control,3000,0.0,0.9,var_b,0.008787290412414462,1.118250842051396e-05
beta_control,3000,0.0,0.9,cal_resid_a,0.0001277987300745469,0.0003062292774216323
beta_control,3000,0.0,0.9,cal_resid_b,0.00018301801761406555,0.00029396569245140403
beta_control,3000,0.0,0.9,cal_score_resid_a,2.4026759874640627e-05,7.509606957923911e-05
beta_control,3000,0.0,0.9,cal_score_resid_b,8.868226151862161e-05,7.254289079874343e-05
beta_control,3000,0.9,0.0,corr_all,0.7071282558892603,0.000584544687290532
beta_control,3000,0.9,0.0,corr_y0,0.8974915211825487,0.0001842413471975206
beta_control,3000,0.9,0.0,corr_y1,9.72741715727019e-05,0.0017038685810025556
beta_control,3000,0.9,0.0,mean_a,0.1999895346032588,7.168333335319485e-05
beta_control,3000,0.9,0.0,mean_b,0.1999905436278777,7.447679571164415e-05
beta_control,3000,0.9,0.0,var_a,0.008009688711130607,1.043058103991435e-05
beta_control,3000,0.9,0.0,var_b,0.008805886996511475,1.1368660797300394e-05
beta_control,3000,0.9,0.0,cal_resid_a,0.0001277987300745469,0.0003062292774216323
beta_control,3000,0.9,0.0,cal_resid_b,0.00012678970545565316,0.00030073167679429253
beta_control,3000,0.9,0.0,cal_score_resid_a,2.4026759874640627e-05,7.509606957923911e-05
beta_control,3000,0.9,0.0,cal_score_resid_b,6.651854792260701e-05,7.536447309030111e-05
beta_control,10000,-0.5,-0.5,corr_all,-0.40274020083580353,0.0003522085362977979
beta_control,10000,-0.5,-0.5,corr_y0,-0.4785878581994473,0.0003577261630127465
beta_control,10000,-0.5,-0.5,corr_y1,-0.4861811697502317,0.0007637953470940559
beta_control,10000,-0.5,-0.5,mean_a,0.19999379193141073,4.061694251331596e-05
beta_control,10000,-0.5,-0.5,mean_b,0.19995097359433484,4.2619107734809294e-05
beta_control,10000,-0.5,-0.5,var_a,0.007995677418198153,5.55546760328742e-06
beta_control,10000,-0.5,-0.5,var_b,0.008798696430268847,6.025921581846293e-06
beta_control,10000,-0.5,-0.5,cal_resid_a,-0.0002123919314107395,0.0001716723504554575
beta_control,10000,-0.5,-0.5,cal_resid_b,-0.0001695735943348447,0.00017205656357500472
beta_control,10000,-0.5,-0.5,cal_score_resid_a,-5.39246437005381e-05,4.27207082582905e-05
beta_control,10000,-0.5,-0.5,cal_score_resid_b,-3.3528526618635474e-05,4.283231666149398e-05
beta_control,10000,0.0,0.0,corr_all,0.052542783859640174,0.00044811862849215676
beta_control,10000,0.0,0.0,corr_y0,-9.338817090771853e-05,0.0004965954324099525
beta_control,10000,0.0,0.0,corr_y1,0.000999502456879741,0.001054648261851725
beta_control,10000,0.0,0.0,mean_a,0.19999379193141073,4.061694251331596e-05
beta_control,10000,0.0,0.0,mean_b,0.19995150099572204,4.2816512000025714e-05
beta_control,10000,0.0,0.0,var_a,0.007995677418198153,5.55546760328742e-06
beta_control,10000,0.0,0.0,var_b,0.008799645499223517,5.9921308735993294e-06
beta_control,10000,0.0,0.0,cal_resid_a,-0.0002123919314107395,0.0001716723504554575
beta_control,10000,0.0,0.0,cal_resid_b,-0.00017010099572201072,0.00017096233895467564
beta_control,10000,0.0,0.0,cal_score_resid_a,-5.39246437005381e-05,4.27207082582905e-05
beta_control,10000,0.0,0.0,cal_score_resid_b,-3.5253366892728346e-05,4.296754719888382e-05
beta_control,10000,0.3,0.3,corr_all,0.3314709966295485,0.00040773853391620144
beta_control,10000,0.3,0.3,corr_y0,0.2938617072937867,0.00046457889714420967
beta_control,10000,0.3,0.3,corr_y1,0.29674116424485664,0.0009632219677599282
beta_control,10000,0.3,0.3,mean_a,0.19999379193141073,4.061694251331596e-05
beta_control,10000,0.3,0.3,mean_b,0.19995521126056093,4.2909694646169814e-05
beta_control,10000,0.3,0.3,var_a,0.007995677418198153,5.55546760328742e-06
beta_control,10000,0.3,0.3,var_b,0.008799540015612695,6.0855237370881546e-06
beta_control,10000,0.3,0.3,cal_resid_a,-0.0002123919314107395,0.0001716723504554575
beta_control,10000,0.3,0.3,cal_resid_b,-0.0001738112605609116,0.00017049835978616548
beta_control,10000,0.3,0.3,cal_score_resid_a,-5.39246437005381e-05,4.27207082582905e-05
beta_control,10000,0.3,0.3,cal_score_resid_b,-3.76804417739019e-05,4.293722983491515e-05
beta_control,10000,0.6,0.6,corr_all,0.6148635423377936,0.00028615636741260883
beta_control,10000,0.6,0.6,corr_y0,0.5930065392123754,0.00033402441884732015
beta_control,10000,0.6,0.6,corr_y1,0.5956133320382414,0.0006762446669380552
beta_control,10000,0.6,0.6,mean_a,0.19999379193141073,4.061694251331596e-05
beta_control,10000,0.6,0.6,mean_b,0.19996218130304227,4.30914359648577e-05
beta_control,10000,0.6,0.6,var_a,0.007995677418198153,5.55546760328742e-06
beta_control,10000,0.6,0.6,var_b,0.008798854167493562,6.258051161291434e-06
beta_control,10000,0.6,0.6,cal_resid_a,-0.0002123919314107395,0.0001716723504554575
beta_control,10000,0.6,0.6,cal_resid_b,-0.00018078130304226967,0.00017026158110559328
beta_control,10000,0.6,0.6,cal_score_resid_a,-5.39246437005381e-05,4.27207082582905e-05
beta_control,10000,0.6,0.6,cal_score_resid_b,-4.162792689290867e-05,4.2928390142021547e-05
beta_control,10000,0.9,0.9,corr_all,0.902848642815625,8.496787266125827e-05
beta_control,10000,0.9,0.9,corr_y0,0.8973469468404599,0.00010141655760414154
beta_control,10000,0.9,0.9,corr_y1,0.8981869441833726,0.00020231746129329453
beta_control,10000,0.9,0.9,mean_a,0.19999379193141073,4.061694251331596e-05
beta_control,10000,0.9,0.9,mean_b,0.19997647665422483,4.321367246239056e-05
beta_control,10000,0.9,0.9,var_a,0.007995677418198153,5.55546760328742e-06
beta_control,10000,0.9,0.9,var_b,0.00879727872918083,6.281871960217509e-06
beta_control,10000,0.9,0.9,cal_resid_a,-0.0002123919314107395,0.0001716723504554575
beta_control,10000,0.9,0.9,cal_resid_b,-0.00019507665422482397,0.00017048445618618726
beta_control,10000,0.9,0.9,cal_score_resid_a,-5.39246437005381e-05,4.27207082582905e-05
beta_control,10000,0.9,0.9,cal_score_resid_b,-4.8593044580716526e-05,4.3082502833835894e-05
beta_control,10000,0.0,0.9,corr_all,0.2476517584307821,0.000521966713552308
beta_control,10000,0.0,0.9,corr_y0,-9.338817090771853e-05,0.0004965954324099525
beta_control,10000,0.0,0.9,corr_y1,0.8981869441833726,0.00020231746129329453
beta_control,10000,0.0,0.9,mean_a,0.19999379193141073,4.061694251331596e-05
beta_control,10000,0.0,0.9,mean_b,0.19994580006231297,4.233535660294385e-05
beta_control,10000,0.0,0.9,var_a,0.007995677418198153,5.55546760328742e-06
beta_control,10000,0.0,0.9,var_b,0.008796889800436108,6.31343807752492e-06
beta_control,10000,0.0,0.9,cal_resid_a,-0.0002123919314107395,0.0001716723504554575
beta_control,10000,0.0,0.9,cal_resid_b,-0.00016440006231297307,0.00016994705472407054
beta_control,10000,0.0,0.9,cal_score_resid_a,-5.39246437005381e-05,4.27207082582905e-05
beta_control,10000,0.0,0.9,cal_score_resid_b,-3.589836896127711e-05,4.368717219799113e-05
beta_control,10000,0.9,0.0,corr_all,0.7076165061856545,0.00035080968273528757
beta_control,10000,0.9,0.0,corr_y0,0.8973469468404599,0.00010141655760414154
beta_control,10000,0.9,0.0,corr_y1,0.000999502456879741,0.001054648261851725
beta_control,10000,0.9,0.0,mean_a,0.19999379193141073,4.061694251331596e-05
beta_control,10000,0.9,0.0,mean_b,0.1999821775876339,4.299410276012975e-05
beta_control,10000,0.9,0.0,var_a,0.007995677418198153,5.55546760328742e-06
beta_control,10000,0.9,0.0,var_b,0.008800063968246273,6.0751366434852005e-06
beta_control,10000,0.9,0.0,cal_resid_a,-0.0002123919314107395,0.0001716723504554575
beta_control,10000,0.9,0.0,cal_resid_b,-0.00020077758763386143,0.00017132183117127565
beta_control,10000,0.9,0.0,cal_score_resid_a,-5.39246437005381e-05,4.27207082582905e-05
beta_control,10000,0.9,0.0,cal_score_resid_b,-4.794804251216776e-05,4.249192983073832e-05
low_endpoint,500,-0.5,-0.5,corr_all,-0.41242863922943046,0.001673350994669565
low_endpoint,500,-0.5,-0.5,corr_y0,-0.4899284687531452,0.00173185002330376
low_endpoint,500,-0.5,-0.5,corr_y1,-0.4908906300995162,0.0034212593110888694
low_endpoint,500,-0.5,-0.5,mean_a,0.20004546970712242,0.00016574041751480303
low_endpoint,500,-0.5,-0.5,mean_b,0.20000571231203762,0.0001797911877218497
low_endpoint,500,-0.5,-0.5,var_a,0.007993443703019019,2.1490310288507998e-05
low_endpoint,500,-0.5,-0.5,var_b,0.008833032557799483,2.3552153317288787e-05
low_endpoint,500,-0.5,-0.5,cal_resid_a,-0.00058946970712242,0.0007506291714215053
low_endpoint,500,-0.5,-0.5,cal_resid_b,-0.0005497123120376208,0.0007519891210654433
low_endpoint,500,-0.5,-0.5,cal_score_resid_a,-0.00020028265475854746,0.00018537808808568004
low_endpoint,500,-0.5,-0.5,cal_score_resid_b,-0.00013718374068467717,0.00018849762295884085
low_endpoint,500,0.0,0.0,corr_all,0.04862359697844062,0.002051608714196737
low_endpoint,500,0.0,0.0,corr_y0,-0.004611144988392017,0.0023503595923996686
low_endpoint,500,0.0,0.0,corr_y1,0.0018055735132600037,0.004445057974410424
low_endpoint,500,0.0,0.0,mean_a,0.20004546970712242,0.00016574041751480303
low_endpoint,500,0.0,0.0,mean_b,0.20001902004872882,0.00018057215623263863
low_endpoint,500,0.0,0.0,var_a,0.007993443703019019,2.1490310288507998e-05
low_endpoint,500,0.0,0.0,var_b,0.008808489055800311,2.2913972132248777e-05
low_endpoint,500,0.0,0.0,cal_resid_a,-0.00058946970712242,0.0007506291714215053
low_endpoint,500,0.0,0.0,cal_resid_b,-0.0005630200487287977,0.0007538949506527099
low_endpoint,500,0.0,0.0,cal_score_resid_a,-0.00020028265475854746,0.00018537808808568004
low_endpoint,500,0.0,0.0,cal_score_resid_b,-0.00013691714058021106,0.000189418712328415
low_endpoint,500,0.3,0.3,corr_all,0.3279267991934737,0.0018115773758898188
low_endpoint,500,0.3,0.3,corr_y0,0.28978985327253115,0.002115941564313889
low_endpoint,500,0.3,0.3,corr_y1,0.2982009599686526,0.0039536723456931044
low_endpoint,500,0.3,0.3,mean_a,0.20004546970712242,0.00016574041751480303
low_endpoint,500,0.3,0.3,mean_b,0.20003242979919925,0.00017902909696841231
low_endpoint,500,0.3,0.3,var_a,0.007993443703019019,2.1490310288507998e-05
low_endpoint,500,0.3,0.3,var_b,0.008789916394642506,2.3110329298193477e-05
low_endpoint,500,0.3,0.3,cal_resid_a,-0.00058946970712242,0.0007506291714215053
low_endpoint,500,0.3,0.3,cal_resid_b,-0.0005764297991992502,0.0007538954553200945
low_endpoint,500,0.3,0.3,cal_score_resid_a,-0.00020028265475854746,0.00018537808808568004
low_endpoint,500,0.3,0.3,cal_score_resid_b,-0.0001389126785348937,0.0001895641586670393
low_endpoint,500,0.6,0.6,corr_all,0.6096981806159406,0.0012380405941043657
low_endpoint,500,0.6,0.6,corr_y0,0.5873720640484275,0.0014570553815769344
low_endpoint,500,0.6,0.6,corr_y1,0.5954678647846533,0.002769497040063774
low_endpoint,500,0.6,0.6,mean_a,0.20004546970712242,0.00016574041751480303
low_endpoint,500,0.6,0.6,mean_b,0.20003617187872375,0.00017561218058327008
low_endpoint,500,0.6,0.6,var_a,0.007993443703019019,2.1490310288507998e-05
low_endpoint,500,0.6,0.6,var_b,0.008775278577208181,2.3157915353135695e-05
low_endpoint,500,0.6,0.6,cal_resid_a,-0.00058946970712242,0.0007506291714215053
low_endpoint,500,0.6,0.6,cal_resid_b,-0.0005801718787237435,0.0007530764168589996
low_endpoint,500,0.6,0.6,cal_score_resid_a,-0.00020028265475854746,0.00018537808808568004
low_endpoint,500,0.6,0.6,cal_score_resid_b,-0.00014547464796761452,0.00018973288418027288
low_endpoint,500,0.9,0.9,corr_all,0.893096947605519,0.00037684175502110303
low_endpoint,500,0.9,0.9,corr_y0,0.8868469944147033,0.000447522229630289
low_endpoint,500,0.9,0.9,corr_y1,0.8943037829490725,0.000859584346640909
low_endpoint,500,0.9,0.9,mean_a,0.20004546970712242,0.00016574041751480303
low_endpoint,500,0.9,0.9,mean_b,0.200039867188949,0.00017459614098012052
low_endpoint,500,0.9,0.9,var_a,0.007993443703019019,2.1490310288507998e-05
low_endpoint,500,0.9,0.9,var_b,0.008775492255683187,2.268867542746115e-05
low_endpoint,500,0.9,0.9,cal_resid_a,-0.00058946970712242,0.0007506291714215053
low_endpoint,500,0.9,0.9,cal_resid_b,-0.0005838671889490174,0.0007514080266907105
low_endpoint,500,0.9,0.9,cal_score_resid_a,-0.00020028265475854746,0.00018537808808568004
low_endpoint,500,0.9,0.9,cal_score_resid_b,-0.0001736342917827287,0.00018951391814301744
low_endpoint,500,0.0,0.9,corr_all,0.21671073957139514,0.002275122896068752
low_endpoint,500,0.0,0.9,corr_y0,-0.004611144988392017,0.0023503595923996686
low_endpoint,500,0.0,0.9,corr_y1,0.8943037829490725,0.000859584346640909
low_endpoint,500,0.0,0.9,mean_a,0.20004546970712242,0.00016574041751480303
low_endpoint,500,0.0,0.9,mean_b,0.19995658705803823,0.00018721850128224774
low_endpoint,500,0.0,0.9,var_a,0.007993443703019019,2.1490310288507998e-05
low_endpoint,500,0.0,0.9,var_b,0.008794485847503503,2.308203395388354e-05
low_endpoint,500,0.0,0.9,cal_resid_a,-0.00058946970712242,0.0007506291714215053
low_endpoint,500,0.0,0.9,cal_resid_b,-0.0005005870580382283,0.0007542024137392295
low_endpoint,500,0.0,0.9,cal_score_resid_a,-0.00020028265475854746,0.00018537808808568004
low_endpoint,500,0.0,0.9,cal_score_resid_b,-0.00016159503696333544,0.00018876016872231095
low_endpoint,500,0.9,0.0,corr_all,0.7241224759454581,0.0013319912500768213
low_endpoint,500,0.9,0.0,corr_y0,0.8868469944147033,0.000447522229630289
low_endpoint,500,0.9,0.0,corr_y1,0.0018055735132600037,0.004445057974410424
low_endpoint,500,0.9,0.0,mean_a,0.20004546970712242,0.00016574041751480303
low_endpoint,500,0.9,0.0,mean_b,0.2001023001796396,0.00017065674550888007
low_endpoint,500,0.9,0.0,var_a,0.007993443703019019,2.1490310288507998e-05
low_endpoint,500,0.9,0.0,var_b,0.008788943961521483,2.291320067782911e-05
low_endpoint,500,0.9,0.0,cal_resid_a,-0.00058946970712242,0.0007506291714215053
low_endpoint,500,0.9,0.0,cal_resid_b,-0.0006463001796395873,0.0007518209323124743
low_endpoint,500,0.9,0.0,cal_score_resid_a,-0.00020028265475854746,0.00018537808808568004
low_endpoint,500,0.9,0.0,cal_score_resid_b,-0.00014895639539960442,0.00018983263625765777
low_endpoint,3000,-0.5,-0.5,corr_all,-0.41154648745893146,0.000656824723015595
low_endpoint,3000,-0.5,-0.5,corr_y0,-0.48939133497928416,0.0006860598916373664
low_endpoint,3000,-0.5,-0.5,corr_y1,-0.4947627443150005,0.0013456491894048288
low_endpoint,3000,-0.5,-0.5,mean_a,0.2000492934618051,7.552395293686112e-05
low_endpoint,3000,-0.5,-0.5,mean_b,0.2000491387950876,7.564515795891365e-05
low_endpoint,3000,-0.5,-0.5,var_a,0.008015039835425586,8.775782256727107e-06
low_endpoint,3000,-0.5,-0.5,var_b,0.00882834600415413,9.91439388155455e-06
low_endpoint,3000,-0.5,-0.5,cal_resid_a,-0.00012396012847176358,0.00031298118105409646
low_endpoint,3000,-0.5,-0.5,cal_resid_b,-0.00012380546175425232,0.0003168691541186541
low_endpoint,3000,-0.5,-0.5,cal_score_resid_a,-5.034667230377351e-05,7.624369482342847e-05
low_endpoint,3000,-0.5,-0.5,cal_score_resid_b,1.210857798057314e-06,7.77227036198115e-05
low_endpoint,3000,0.0,0.0,corr_all,0.050824077039617624,0.0008064565532149512
low_endpoint,3000,0.0,0.0,corr_y0,-0.002235642742118212,0.0008959584772216909
low_endpoint,3000,0.0,0.0,corr_y1,-0.0009438297171605182,0.0019063152751317173
low_endpoint,3000,0.0,0.0,mean_a,0.2000492934618051,7.552395293686112e-05
low_endpoint,3000,0.0,0.0,mean_b,0.20005333367220254,7.455337180363552e-05
low_endpoint,3000,0.0,0.0,var_a,0.008015039835425586,8.775782256727107e-06
low_endpoint,3000,0.0,0.0,var_b,0.008809929628803562,9.884587833844192e-06
low_endpoint,3000,0.0,0.0,cal_resid_a,-0.00012396012847176358,0.00031298118105409646
low_endpoint,3000,0.0,0.0,cal_resid_b,-0.0001280003388692131,0.000316695109201677
low_endpoint,3000,0.0,0.0,cal_score_resid_a,-5.034667230377351e-05,7.624369482342847e-05
low_endpoint,3000,0.0,0.0,cal_score_resid_b,2.4318837822154224e-05,7.6801371700107e-05
low_endpoint,3000,0.3,0.3,corr_all,0.33054981182247956,0.0007139007876064124
low_endpoint,3000,0.3,0.3,corr_y0,0.2928176601760124,0.0008004551439663183
low_endpoint,3000,0.3,0.3,corr_y1,0.2968834328964762,0.0017834569211190128
low_endpoint,3000,0.3,0.3,mean_a,0.2000492934618051,7.552395293686112e-05
low_endpoint,3000,0.3,0.3,mean_b,0.2000559955271285,7.480309916759347e-05
low_endpoint,3000,0.3,0.3,var_a,0.008015039835425586,8.775782256727107e-06
low_endpoint,3000,0.3,0.3,var_b,0.008802760090907994,9.86189278546635e-06
low_endpoint,3000,0.3,0.3,cal_resid_a,-0.00012396012847176358,0.00031298118105409646
low_endpoint,3000,0.3,0.3,cal_resid_b,-0.0001306621937951697,0.00031647330233431996
low_endpoint,3000,0.3,0.3,cal_score_resid_a,-5.034667230377351e-05,7.624369482342847e-05
low_endpoint,3000,0.3,0.3,cal_score_resid_b,2.5931854159075555e-05,7.680324724430704e-05
low_endpoint,3000,0.6,0.6,corr_all,0.6117897491081714,0.0005010988342645836
low_endpoint,3000,0.6,0.6,corr_y0,0.5896510607188092,0.0005677402025460571
low_endpoint,3000,0.6,0.6,corr_y1,0.595863846739237,0.0012639871350165408
low_endpoint,3000,0.6,0.6,mean_a,0.2000492934618051,7.552395293686112e-05
low_endpoint,3000,0.6,0.6,mean_b,0.20005669954773836,7.574984655490264e-05
low_endpoint,3000,0.6,0.6,var_a,0.008015039835425586,8.775782256727107e-06
low_endpoint,3000,0.6,0.6,var_b,0.008802888243818792,9.686423186672294e-06
low_endpoint,3000,0.6,0.6,cal_resid_a,-0.00012396012847176358,0.00031298118105409646
low_endpoint,3000,0.6,0.6,cal_resid_b,-0.00013136621440502962,0.0003157627691297297
low_endpoint,3000,0.6,0.6,cal_score_resid_a,-5.034667230377351e-05,7.624369482342847e-05
low_endpoint,3000,0.6,0.6,cal_score_resid_b,1.4271809265941797e-05,7.709979856132578e-05
low_endpoint,3000,0.9,0.9,corr_all,0.8936308620048364,0.0001555449844134341
low_endpoint,3000,0.9,0.9,corr_y0,0.8872633010056101,0.00018209656604162
low_endpoint,3000,0.9,0.9,corr_y1,0.8950388351125343,0.0003662662407063264
low_endpoint,3000,0.9,0.9,mean_a,0.2000492934618051,7.552395293686112e-05
low_endpoint,3000,0.9,0.9,mean_b,0.20005269756199387,7.766059119800734e-05
low_endpoint,3000,0.9,0.9,var_a,0.008015039835425586,8.775782256727107e-06
low_endpoint,3000,0.9,0.9,var_b,0.008812548890001907,9.436500121501384e-06
low_endpoint,3000,0.9,0.9,cal_resid_a,-0.00012396012847176358,0.00031298118105409646
low_endpoint,3000,0.9,0.9,cal_resid_b,-0.00012736422866054372,0.0003140368496779443
low_endpoint,3000,0.9,0.9,cal_score_resid_a,-5.034667230377351e-05,7.624369482342847e-05
low_endpoint,3000,0.9,0.9,cal_score_resid_b,-2.0775313134562212e-05,7.756387086636646e-05
low_endpoint,3000,0.0,0.9,corr_all,0.22068801884967187,0.0009066156606691941
low_endpoint,3000,0.0,0.9,corr_y0,-0.002235642742118212,0.0008959584772216909
low_endpoint,3000,0.0,0.9,corr_y1,0.8950388351125343,0.0003662662407063264
low_endpoint,3000,0.0,0.9,mean_a,0.2000492934618051,7.552395293686112e-05
low_endpoint,3000,0.0,0.9,mean_b,0.20001084027903995,7.352392329541844e-05
low_endpoint,3000,0.0,0.9,var_a,0.008015039835425586,8.775782256727107e-06
low_endpoint,3000,0.0,0.9,var_b,0.008807559275106971,9.837425828227991e-06
low_endpoint,3000,0.0,0.9,cal_resid_a,-0.00012396012847176358,0.00031298118105409646
low_endpoint,3000,0.0,0.9,cal_resid_b,-8.550694570661068e-05,0.0003154500894366739
low_endpoint,3000,0.0,0.9,cal_score_resid_a,-5.034667230377351e-05,7.624369482342847e-05
low_endpoint,3000,0.0,0.9,cal_score_resid_b,1.2719491274469641e-06,7.748666505324754e-05
low_endpoint,3000,0.9,0.0,corr_all,0.7236775993944475,0.0005809231870385775
low_endpoint,3000,0.9,0.0,corr_y0,0.8872633010056101,0.00018209656604162
low_endpoint,3000,0.9,0.0,corr_y1,-0.0009438297171605182,0.0019063152751317173
low_endpoint,3000,0.9,0.0,mean_a,0.2000492934618051,7.552395293686112e-05
low_endpoint,3000,0.9,0.0,mean_b,0.2000951909551565,7.869218476877367e-05
low_endpoint,3000,0.9,0.0,var_a,0.008015039835425586,8.775782256727107e-06
low_endpoint,3000,0.9,0.0,var_b,0.008814911267953146,9.411222937131978e-06
low_endpoint,3000,0.9,0.0,cal_resid_a,-0.00012396012847176358,0.00031298118105409646
low_endpoint,3000,0.9,0.0,cal_resid_b,-0.00016985762182314596,0.0003153014918934298
low_endpoint,3000,0.9,0.0,cal_score_resid_a,-5.034667230377351e-05,7.624369482342847e-05
low_endpoint,3000,0.9,0.0,cal_score_resid_b,2.271575560145008e-06,7.685009581964162e-05
low_endpoint,10000,-0.5,-0.5,corr_all,-0.41008884107911037,0.0003594479887420882
low_endpoint,10000,-0.5,-0.5,corr_y0,-0.48691812385587374,0.0003609996058688036
low_endpoint,10000,-0.5,-0.5,corr_y1,-0.49526661844674336,0.0007634091449579444
low_endpoint,10000,-0.5,-0.5,mean_a,0.2000274474643465,3.994095960043136e-05
low_endpoint,10000,-0.5,-0.5,mean_b,0.2000037684982612,4.281288063583068e-05
low_endpoint,10000,-0.5,-0.5,var_a,0.008008449008530425,5.1757211549389205e-06
low_endpoint,10000,-0.5,-0.5,var_b,0.008791658083108472,5.458072625820059e-06
low_endpoint,10000,-0.5,-0.5,cal_resid_a,-6.284746434647131e-05,0.0001770524556961983
low_endpoint,10000,-0.5,-0.5,cal_resid_b,-3.9168498261199195e-05,0.0001786792111074599
low_endpoint,10000,-0.5,-0.5,cal_score_resid_a,-1.9343830857590817e-06,4.192579525001292e-05
low_endpoint,10000,-0.5,-0.5,cal_score_resid_b,-3.3057035516604176e-05,4.438850161561304e-05
low_endpoint,10000,0.0,0.0,corr_all,0.05305989611187358,0.00043783832471026396
low_endpoint,10000,0.0,0.0,corr_y0,0.0010227765605725697,0.00048767537501106183
low_endpoint,10000,0.0,0.0,corr_y1,-0.0004507729185941232,0.0010147043543686477
low_endpoint,10000,0.0,0.0,mean_a,0.2000274474643465,3.994095960043136e-05
low_endpoint,10000,0.0,0.0,mean_b,0.20003121555719874,4.1808704186735436e-05
low_endpoint,10000,0.0,0.0,var_a,0.008008449008530425,5.1757211549389205e-06
low_endpoint,10000,0.0,0.0,var_b,0.008795672641181152,5.369952757370689e-06
low_endpoint,10000,0.0,0.0,cal_resid_a,-6.284746434647131e-05,0.0001770524556961983
low_endpoint,10000,0.0,0.0,cal_resid_b,-6.661555719876339e-05,0.00017669144286260253
low_endpoint,10000,0.0,0.0,cal_score_resid_a,-1.9343830857590817e-06,4.192579525001292e-05
low_endpoint,10000,0.0,0.0,cal_score_resid_b,-3.856015219376306e-05,4.2954114520653197e-05
low_endpoint,10000,0.3,0.3,corr_all,0.3322849900583204,0.00039045078757447865
low_endpoint,10000,0.3,0.3,corr_y0,0.2951733950194249,0.0004497901950626233
low_endpoint,10000,0.3,0.3,corr_y1,0.29784824131912724,0.0008998341032085956
low_endpoint,10000,0.3,0.3,mean_a,0.2000274474643465,3.994095960043136e-05
low_endpoint,10000,0.3,0.3,mean_b,0.2000438363895251,4.125363038159045e-05
low_endpoint,10000,0.3,0.3,var_a,0.008008449008530425,5.1757211549389205e-06
low_endpoint,10000,0.3,0.3,var_b,0.008800299788049649,5.337162350969147e-06
low_endpoint,10000,0.3,0.3,cal_resid_a,-6.284746434647131e-05,0.0001770524556961983
low_endpoint,10000,0.3,0.3,cal_resid_b,-7.923638952508394e-05,0.00017569221276224144
low_endpoint,10000,0.3,0.3,cal_score_resid_a,-1.9343830857590817e-06,4.192579525001292e-05
low_endpoint,10000,0.3,0.3,cal_score_resid_b,-3.901814893625305e-05,4.2273586313341803e-05
low_endpoint,10000,0.6,0.6,corr_all,0.6126225819264726,0.0002725208141955165
low_endpoint,10000,0.6,0.6,corr_y0,0.590691290281024,0.0003210282150815087
low_endpoint,10000,0.6,0.6,corr_y1,0.596614009932056,0.0006196014749956939
low_endpoint,10000,0.6,0.6,mean_a,0.2000274474643465,3.994095960043136e-05
low_endpoint,10000,0.6,0.6,mean_b,0.20005116463833936,4.1005134289142094e-05
low_endpoint,10000,0.6,0.6,var_a,0.008008449008530425,5.1757211549389205e-06
low_endpoint,10000,0.6,0.6,var_b,0.008806101762421189,5.3520306206979495e-06
low_endpoint,10000,0.6,0.6,cal_resid_a,-6.284746434647131e-05,0.0001770524556961983
low_endpoint,10000,0.6,0.6,cal_resid_b,-8.65646383393454e-05,0.00017504352660310997
low_endpoint,10000,0.6,0.6,cal_score_resid_a,-1.9343830857590817e-06,4.192579525001292e-05
low_endpoint,10000,0.6,0.6,cal_score_resid_b,-3.506288802906004e-05,4.181254755421329e-05
low_endpoint,10000,0.9,0.9,corr_all,0.8937233706813229,8.745773067108603e-05
low_endpoint,10000,0.9,0.9,corr_y0,0.8873251023467139,0.00010211711947595598
low_endpoint,10000,0.9,0.9,corr_y1,0.8951763699938489,0.0001874569346426834
low_endpoint,10000,0.9,0.9,mean_a,0.2000274474643465,3.994095960043136e-05
low_endpoint,10000,0.9,0.9,mean_b,0.20005045455601095,4.109475283248825e-05
low_endpoint,10000,0.9,0.9,var_a,0.008008449008530425,5.1757211549389205e-06
low_endpoint,10000,0.9,0.9,var_b,0.008811148324928823,5.421738724702611e-06
low_endpoint,10000,0.9,0.9,cal_resid_a,-6.284746434647131e-05,0.0001770524556961983
low_endpoint,10000,0.9,0.9,cal_resid_b,-8.585455601096062e-05,0.0001754041610748533
low_endpoint,10000,0.9,0.9,cal_score_resid_a,-1.9343830857590817e-06,4.192579525001292e-05
low_endpoint,10000,0.9,0.9,cal_score_resid_b,-2.276296142245991e-05,4.1836897145646886e-05
low_endpoint,10000,0.0,0.9,corr_all,0.22290148340450405,0.0004966882351834618
low_endpoint,10000,0.0,0.9,corr_y0,0.0010227765605725697,0.00048767537501106183
low_endpoint,10000,0.0,0.9,corr_y1,0.8951763699938489,0.0001874569346426834
low_endpoint,10000,0.0,0.9,mean_a,0.2000274474643465,3.994095960043136e-05
low_endpoint,10000,0.0,0.9,mean_b,0.20007015606716516,4.092661890699495e-05
low_endpoint,10000,0.0,0.9,var_a,0.008008449008530425,5.1757211549389205e-06
low_endpoint,10000,0.0,0.9,var_b,0.008803182673013308,5.29286876658957e-06
low_endpoint,10000,0.0,0.9,cal_resid_a,-6.284746434647131e-05,0.0001770524556961983
low_endpoint,10000,0.0,0.9,cal_resid_b,-0.00010555606716515627,0.00017645738901018692
low_endpoint,10000,0.0,0.9,cal_score_resid_a,-1.9343830857590817e-06,4.192579525001292e-05
low_endpoint,10000,0.0,0.9,cal_score_resid_b,-2.2673408683133757e-05,4.294150350218383e-05
low_endpoint,10000,0.9,0.0,corr_all,0.724231571459694,0.00032326635266277437
low_endpoint,10000,0.9,0.0,corr_y0,0.8873251023467139,0.00010211711947595598
low_endpoint,10000,0.9,0.0,corr_y1,-0.0004507729185941232,0.0010147043543686477
low_endpoint,10000,0.9,0.0,mean_a,0.2000274474643465,3.994095960043136e-05
low_endpoint,10000,0.9,0.0,mean_b,0.20001151404604456,4.0423198658050726e-05
low_endpoint,10000,0.9,0.0,var_a,0.008008449008530425,5.1757211549389205e-06
low_endpoint,10000,0.9,0.0,var_b,0.00880370049266517,5.452577022931656e-06
low_endpoint,10000,0.9,0.0,cal_resid_a,-6.284746434647131e-05,0.0001770524556961983
low_endpoint,10000,0.9,0.0,cal_resid_b,-4.6914046044567544e-05,0.00017527564644216362
low_endpoint,10000,0.9,0.0,cal_score_resid_a,-1.9343830857590817e-06,4.192579525001292e-05
low_endpoint,10000,0.9,0.0,cal_score_resid_b,-3.864970493308924e-05,4.23286516264842e-05
high_auc,500,-0.5,-0.5,corr_all,0.37384246475860106,0.0020122694873657082
high_auc,500,-0.5,-0.5,corr_y0,-0.34371984419941076,0.0017210610101044553
high_auc,500,-0.5,-0.5,corr_y1,-0.35871506493719096,0.003871944129258957
high_auc,500,-0.5,-0.5,mean_a,0.19997602091612146,0.0005907441175517016
high_auc,500,-0.5,-0.5,mean_b,0.20036646407758305,0.0005720934770256367
high_auc,500,-0.5,-0.5,var_a,0.08424405352806662,0.000364786806592071
high_auc,500,-0.5,-0.5,var_b,0.08730447278554554,0.00036194924286899475
high_auc,500,-0.5,-0.5,cal_resid_a,-0.0005840209161214389,0.0005258096806450756
high_auc,500,-0.5,-0.5,cal_resid_b,-0.0009744640775830254,0.0005568644791901216
high_auc,500,-0.5,-0.5,cal_score_resid_a,-0.00011477514635664021,0.0001384668151471179
high_auc,500,-0.5,-0.5,cal_score_resid_b,-0.00021944023264599332,0.00014018815549655253
high_auc,500,0.0,0.0,corr_all,0.5382852113190952,0.0019285330581547226
high_auc,500,0.0,0.0,corr_y0,-0.000400543091690702,0.0023201781272369046
high_auc,500,0.0,0.0,corr_y1,0.0031975224545723107,0.00436794917423545
high_auc,500,0.0,0.0,mean_a,0.19997602091612146,0.0005907441175517016
high_auc,500,0.0,0.0,mean_b,0.20018170495739132,0.0006025176298539526
high_auc,500,0.0,0.0,var_a,0.08424405352806662,0.000364786806592071
high_auc,500,0.0,0.0,var_b,0.08715524239770285,0.00038582932261618596
high_auc,500,0.0,0.0,cal_resid_a,-0.0005840209161214389,0.0005258096806450756
high_auc,500,0.0,0.0,cal_resid_b,-0.000789704957391343,0.000551887869198088
high_auc,500,0.0,0.0,cal_score_resid_a,-0.00011477514635664021,0.0001384668151471179
high_auc,500,0.0,0.0,cal_score_resid_b,-0.00014691275514400472,0.00013968523613866514
high_auc,500,0.3,0.3,corr_all,0.6390207598901029,0.0018258824791975007
high_auc,500,0.3,0.3,corr_y0,0.21788451011969942,0.0022701892210413104
high_auc,500,0.3,0.3,corr_y1,0.2206953784181683,0.004383378906928654
high_auc,500,0.3,0.3,mean_a,0.19997602091612146,0.0005907441175517016
high_auc,500,0.3,0.3,mean_b,0.20042061438879605,0.0006105957322577379
high_auc,500,0.3,0.3,var_a,0.08424405352806662,0.000364786806592071
high_auc,500,0.3,0.3,var_b,0.08717912723732639,0.0003980596630586694
high_auc,500,0.3,0.3,cal_resid_a,-0.0005840209161214389,0.0005258096806450756
high_auc,500,0.3,0.3,cal_resid_b,-0.0010286143887960682,0.0005351973202237909
high_auc,500,0.3,0.3,cal_score_resid_a,-0.00011477514635664021,0.0001384668151471179
high_auc,500,0.3,0.3,cal_score_resid_b,-0.00017576884740947254,0.00013093113396085533
high_auc,500,0.6,0.6,corr_all,0.7452732800506338,0.0016190153320680193
high_auc,500,0.6,0.6,corr_y0,0.4557963996025824,0.001825899540538034
high_auc,500,0.6,0.6,corr_y1,0.4484850540280304,0.0041358605513298315
high_auc,500,0.6,0.6,mean_a,0.19997602091612146,0.0005907441175517016
high_auc,500,0.6,0.6,mean_b,0.20036800427239185,0.0006307380248256366
high_auc,500,0.6,0.6,var_a,0.08424405352806662,0.000364786806592071
high_auc,500,0.6,0.6,var_b,0.08709652643910491,0.00040257308298576836
high_auc,500,0.6,0.6,cal_resid_a,-0.0005840209161214389,0.0005258096806450756
high_auc,500,0.6,0.6,cal_resid_b,-0.0009760042723918613,0.0005314895486002987
high_auc,500,0.6,0.6,cal_score_resid_a,-0.00011477514635664021,0.0001384668151471179
high_auc,500,0.6,0.6,cal_score_resid_b,-0.00014633555952049898,0.00012822315239701974
high_auc,500,0.9,0.9,corr_all,0.8800360456864146,0.00099353000610105
high_auc,500,0.9,0.9,corr_y0,0.729365697658526,0.0011684974111366266
high_auc,500,0.9,0.9,corr_y1,0.7472427442465396,0.00264780154793539
high_auc,500,0.9,0.9,mean_a,0.19997602091612146,0.0005907441175517016
high_auc,500,0.9,0.9,mean_b,0.2003083928823064,0.0006111252522447845
high_auc,500,0.9,0.9,var_a,0.08424405352806662,0.000364786806592071
high_auc,500,0.9,0.9,var_b,0.08702900483334597,0.00039291642432199685
high_auc,500,0.9,0.9,cal_resid_a,-0.0005840209161214389,0.0005258096806450756
high_auc,500,0.9,0.9,cal_resid_b,-0.0009163928823064038,0.0005115809910144724
high_auc,500,0.9,0.9,cal_score_resid_a,-0.00011477514635664021,0.0001384668151471179
high_auc,500,0.9,0.9,cal_score_resid_b,-0.00015087183911086346,0.00012403803934006965
high_auc,500,0.0,0.9,corr_all,0.7934061268437231,0.0012910206872251038
high_auc,500,0.0,0.9,corr_y0,-0.000400543091690702,0.0023201781272369046
high_auc,500,0.0,0.9,corr_y1,0.7472427442465396,0.00264780154793539
high_auc,500,0.0,0.9,mean_a,0.19997602091612146,0.0005907441175517016
high_auc,500,0.0,0.9,mean_b,0.20010745841175553,0.0006029256060667718
high_auc,500,0.0,0.9,var_a,0.08424405352806662,0.000364786806592071
high_auc,500,0.0,0.9,var_b,0.08708736588428789,0.0003913609582819018
high_auc,500,0.0,0.9,cal_resid_a,-0.0005840209161214389,0.0005258096806450756
high_auc,500,0.0,0.9,cal_resid_b,-0.0007154584117555034,0.0005215695304194846
high_auc,500,0.0,0.9,cal_score_resid_a,-0.00011477514635664021,0.0001384668151471179
high_auc,500,0.0,0.9,cal_score_resid_b,-0.00012380810402015438,0.00012916859034138036
high_auc,500,0.9,0.0,corr_all,0.6246801252143,0.001812103413918786
high_auc,500,0.9,0.0,corr_y0,0.729365697658526,0.0011684974111366266
high_auc,500,0.9,0.0,corr_y1,0.0031975224545723107,0.00436794917423545
high_auc,500,0.9,0.0,mean_a,0.19997602091612146,0.0005907441175517016
high_auc,500,0.9,0.0,mean_b,0.20038263942794224,0.0006128461668695486
high_auc,500,0.9,0.0,var_a,0.08424405352806662,0.000364786806592071
high_auc,500,0.9,0.0,var_b,0.08709555503628195,0.00038314808209177894
high_auc,500,0.9,0.0,cal_resid_a,-0.0005840209161214389,0.0005258096806450756
high_auc,500,0.9,0.0,cal_resid_b,-0.0009906394279422428,0.0005448474079547046
high_auc,500,0.9,0.0,cal_score_resid_a,-0.00011477514635664021,0.0001384668151471179
high_auc,500,0.9,0.0,cal_score_resid_b,-0.00017397649023471372,0.00013167751173531126
high_auc,3000,-0.5,-0.5,corr_all,0.37085298493333196,0.0008977993289237009
high_auc,3000,-0.5,-0.5,corr_y0,-0.3387184697552525,0.000695980866112161
high_auc,3000,-0.5,-0.5,corr_y1,-0.36011938499873586,0.0016755867619710689
high_auc,3000,-0.5,-0.5,mean_a,0.19989164527631695,0.00024361704865343787
high_auc,3000,-0.5,-0.5,mean_b,0.19950317744940343,0.0002523318046627244
high_auc,3000,-0.5,-0.5,var_a,0.08436083379687084,0.0001548262675682254
high_auc,3000,-0.5,-0.5,var_b,0.08663409533493395,0.00016718574188449004
high_auc,3000,-0.5,-0.5,cal_resid_a,-0.0004936452763169643,0.0002292065049737266
high_auc,3000,-0.5,-0.5,cal_resid_b,-0.00010517744940343223,0.00023589443892329883
high_auc,3000,-0.5,-0.5,cal_score_resid_a,-0.00010973326557324261,5.8320457068008574e-05
high_auc,3000,-0.5,-0.5,cal_score_resid_b,-4.181941080914332e-05,5.614489375609088e-05
high_auc,3000,0.0,0.0,corr_all,0.5362202728709491,0.0008483895764518457
high_auc,3000,0.0,0.0,corr_y0,0.001918140624044698,0.0008563455028423757
high_auc,3000,0.0,0.0,corr_y1,0.0004471393715692809,0.0018139809007556426
high_auc,3000,0.0,0.0,mean_a,0.19989164527631695,0.00024361704865343787
high_auc,3000,0.0,0.0,mean_b,0.19962415983504048,0.00024900782380373024
high_auc,3000,0.0,0.0,var_a,0.08436083379687084,0.0001548262675682254
high_auc,3000,0.0,0.0,var_b,0.08673579010852943,0.0001616864093924484
high_auc,3000,0.0,0.0,cal_resid_a,-0.0004936452763169643,0.0002292065049737266
high_auc,3000,0.0,0.0,cal_resid_b,-0.00022615983504046107,0.00022171296110918445
high_auc,3000,0.0,0.0,cal_score_resid_a,-0.00010973326557324261,5.8320457068008574e-05
high_auc,3000,0.0,0.0,cal_score_resid_b,-3.296067528925111e-05,5.48213133323408e-05
high_auc,3000,0.3,0.3,corr_all,0.6363085074453658,0.0007552399397963435
high_auc,3000,0.3,0.3,corr_y0,0.22167045757685652,0.0008566528396923558
high_auc,3000,0.3,0.3,corr_y1,0.2146598397013546,0.0017275605817123456
high_auc,3000,0.3,0.3,mean_a,0.19989164527631695,0.00024361704865343787
high_auc,3000,0.3,0.3,mean_b,0.19973585873237765,0.0002431398620877627
high_auc,3000,0.3,0.3,var_a,0.08436083379687084,0.0001548262675682254
high_auc,3000,0.3,0.3,var_b,0.0868224890194393,0.0001572424495891323
high_auc,3000,0.3,0.3,cal_resid_a,-0.0004936452763169643,0.0002292065049737266
high_auc,3000,0.3,0.3,cal_resid_b,-0.0003378587323776379,0.00022007221845493232
high_auc,3000,0.3,0.3,cal_score_resid_a,-0.00010973326557324261,5.8320457068008574e-05
high_auc,3000,0.3,0.3,cal_score_resid_b,-7.20542150916951e-05,5.5961079286360146e-05
high_auc,3000,0.6,0.6,corr_all,0.7448243646783186,0.000625290698831167
high_auc,3000,0.6,0.6,corr_y0,0.45865241467404505,0.0007199577629180547
high_auc,3000,0.6,0.6,corr_y1,0.4476948410293837,0.0015716863535756526
high_auc,3000,0.6,0.6,mean_a,0.19989164527631695,0.00024361704865343787
high_auc,3000,0.6,0.6,mean_b,0.19977072615141764,0.00024055898577232966
high_auc,3000,0.6,0.6,var_a,0.08436083379687084,0.0001548262675682254
high_auc,3000,0.6,0.6,var_b,0.08683151207068622,0.00015445799135590537
high_auc,3000,0.6,0.6,cal_resid_a,-0.0004936452763169643,0.0002292065049737266
high_auc,3000,0.6,0.6,cal_resid_b,-0.0003727261514176306,0.0002266024367620891
high_auc,3000,0.6,0.6,cal_score_resid_a,-0.00010973326557324261,5.8320457068008574e-05
high_auc,3000,0.6,0.6,cal_score_resid_b,-6.842410035353014e-05,5.803187298941256e-05
high_auc,3000,0.9,0.9,corr_all,0.8812316768825027,0.00039179119211513907
high_auc,3000,0.9,0.9,corr_y0,0.7287108068187113,0.00047106492794341085
high_auc,3000,0.9,0.9,corr_y1,0.7507521536702937,0.0010663692379823972
high_auc,3000,0.9,0.9,mean_a,0.19989164527631695,0.00024361704865343787
high_auc,3000,0.9,0.9,mean_b,0.1998052421578936,0.00024630245033384297
high_auc,3000,0.9,0.9,var_a,0.08436083379687084,0.0001548262675682254
high_auc,3000,0.9,0.9,var_b,0.08681501108460173,0.00015852874066682804
high_auc,3000,0.9,0.9,cal_resid_a,-0.0004936452763169643,0.0002292065049737266
high_auc,3000,0.9,0.9,cal_resid_b,-0.00040724215789361175,0.00022442481037041542
high_auc,3000,0.9,0.9,cal_score_resid_a,-0.00010973326557324261,5.8320457068008574e-05
high_auc,3000,0.9,0.9,cal_score_resid_b,-0.00010409106093482567,5.543633023303846e-05
high_auc,3000,0.0,0.9,corr_all,0.7952754093229882,0.0004870439005318798
high_auc,3000,0.0,0.9,corr_y0,0.001918140624044698,0.0008563455028423757
high_auc,3000,0.0,0.9,corr_y1,0.7507521536702937,0.0010663692379823972
high_auc,3000,0.0,0.9,mean_a,0.19989164527631695,0.00024361704865343787
high_auc,3000,0.0,0.9,mean_b,0.19970391136975763,0.00024822800291375525
high_auc,3000,0.0,0.9,var_a,0.08436083379687084,0.0001548262675682254
high_auc,3000,0.0,0.9,var_b,0.08681054653494692,0.00015972090212548949
high_auc,3000,0.0,0.9,cal_resid_a,-0.0004936452763169643,0.0002292065049737266
high_auc,3000,0.0,0.9,cal_resid_b,-0.000305911369757669,0.0002287080646105324
high_auc,3000,0.0,0.9,cal_score_resid_a,-0.00010973326557324261,5.8320457068008574e-05
high_auc,3000,0.0,0.9,cal_score_resid_b,-5.961910383620619e-05,5.667059761763309e-05
high_auc,3000,0.9,0.0,corr_all,0.6222109822777809,0.0007914482167917046
high_auc,3000,0.9,0.0,corr_y0,0.7287108068187113,0.00047106492794341085
high_auc,3000,0.9,0.0,corr_y1,0.0004471393715692809,0.0018139809007556426
high_auc,3000,0.9,0.0,mean_a,0.19989164527631695,0.00024361704865343787
high_auc,3000,0.9,0.0,mean_b,0.1997254906231764,0.00024833735684927377
high_auc,3000,0.9,0.0,var_a,0.08436083379687084,0.0001548262675682254
high_auc,3000,0.9,0.0,var_b,0.0867399620441061,0.000160367809598572
high_auc,3000,0.9,0.0,cal_resid_a,-0.0004936452763169643,0.0002292065049737266
high_auc,3000,0.9,0.0,cal_resid_b,-0.00032749062317640376,0.00021871109870606552
high_auc,3000,0.9,0.0,cal_score_resid_a,-0.00010973326557324261,5.8320457068008574e-05
high_auc,3000,0.9,0.0,cal_score_resid_b,-7.743263238787057e-05,5.4022787414548345e-05
high_auc,10000,-0.5,-0.5,corr_all,0.3714162454396214,0.00046861776150348825
high_auc,10000,-0.5,-0.5,corr_y0,-0.3400363109267886,0.00037434972871848
high_auc,10000,-0.5,-0.5,corr_y1,-0.3614153255730458,0.0008633200693948984
high_auc,10000,-0.5,-0.5,mean_a,0.19995354626058656,0.00013222455265699126
high_auc,10000,-0.5,-0.5,mean_b,0.2000791218881595,0.00013468087540994717
high_auc,10000,-0.5,-0.5,var_a,0.08453284767546447,8.181442214080262e-05
high_auc,10000,-0.5,-0.5,var_b,0.08701119345001519,8.670224916690996e-05
high_auc,10000,-0.5,-0.5,cal_resid_a,-1.546260586571091e-06,0.00012719223921517657
high_auc,10000,-0.5,-0.5,cal_resid_b,-0.00012712188815950165,0.00012247335808516417
high_auc,10000,-0.5,-0.5,cal_score_resid_a,7.879323048673309e-07,3.265743589788185e-05
high_auc,10000,-0.5,-0.5,cal_score_resid_b,-6.5333368923253345e-06,3.0147590063827197e-05
high_auc,10000,0.0,0.0,corr_all,0.535764872858223,0.0004566053222222813
high_auc,10000,0.0,0.0,corr_y0,-0.0004028571682332819,0.0005130235345932884
high_auc,10000,0.0,0.0,corr_y1,-0.0013866113597074978,0.0010021164953505084
high_auc,10000,0.0,0.0,mean_a,0.19995354626058656,0.00013222455265699126
high_auc,10000,0.0,0.0,mean_b,0.20009764462745228,0.00013483683291200076
high_auc,10000,0.0,0.0,var_a,0.08453284767546447,8.181442214080262e-05
high_auc,10000,0.0,0.0,var_b,0.08706612446577787,8.549410891878997e-05
high_auc,10000,0.0,0.0,cal_resid_a,-1.546260586571091e-06,0.00012719223921517657
high_auc,10000,0.0,0.0,cal_resid_b,-0.00014564462745225907,0.00012914435290253744
high_auc,10000,0.0,0.0,cal_score_resid_a,7.879323048673309e-07,3.265743589788185e-05
high_auc,10000,0.0,0.0,cal_score_resid_b,-3.4227804760227244e-05,3.158528082838425e-05
high_auc,10000,0.3,0.3,corr_all,0.6358161425974879,0.00042229342727908507
high_auc,10000,0.3,0.3,corr_y0,0.2201241150746835,0.0005022393789994565
high_auc,10000,0.3,0.3,corr_y1,0.21284741627021994,0.0009885525987154574
high_auc,10000,0.3,0.3,mean_a,0.19995354626058656,0.00013222455265699126
high_auc,10000,0.3,0.3,mean_b,0.20010957597638288,0.00013081251756417544
high_auc,10000,0.3,0.3,var_a,0.08453284767546447,8.181442214080262e-05
high_auc,10000,0.3,0.3,var_b,0.0870968919847029,8.198110922040381e-05
high_auc,10000,0.3,0.3,cal_resid_a,-1.546260586571091e-06,0.00012719223921517657
high_auc,10000,0.3,0.3,cal_resid_b,-0.0001575759763828679,0.0001259573912340595
high_auc,10000,0.3,0.3,cal_score_resid_a,7.879323048673309e-07,3.265743589788185e-05
high_auc,10000,0.3,0.3,cal_score_resid_b,-3.0196562578459963e-05,3.08924055103705e-05
high_auc,10000,0.6,0.6,corr_all,0.7446616499296095,0.00035397689656571196
high_auc,10000,0.6,0.6,corr_y0,0.45737286540297817,0.0004104106181052015
high_auc,10000,0.6,0.6,corr_y1,0.4472348854250205,0.0008714102208117849
high_auc,10000,0.6,0.6,mean_a,0.19995354626058656,0.00013222455265699126
high_auc,10000,0.6,0.6,mean_b,0.2000284387267557,0.00012903023512275262
high_auc,10000,0.6,0.6,var_a,0.08453284767546447,8.181442214080262e-05
high_auc,10000,0.6,0.6,var_b,0.08707994758274773,8.209018217843146e-05
high_auc,10000,0.6,0.6,cal_resid_a,-1.546260586571091e-06,0.00012719223921517657
high_auc,10000,0.6,0.6,cal_resid_b,-7.643872675568488e-05,0.00012467722932354763
high_auc,10000,0.6,0.6,cal_score_resid_a,7.879323048673309e-07,3.265743589788185e-05
high_auc,10000,0.6,0.6,cal_score_resid_b,-4.722389070251377e-06,3.073207033836032e-05
high_auc,10000,0.9,0.9,corr_all,0.8808918972385379,0.00022985919916880104
high_auc,10000,0.9,0.9,corr_y0,0.727906797860994,0.00025856366836670444
high_auc,10000,0.9,0.9,corr_y1,0.7497735894366822,0.0006183060117462405
high_auc,10000,0.9,0.9,mean_a,0.19995354626058656,0.00013222455265699126
high_auc,10000,0.9,0.9,mean_b,0.19993097150836703,0.00013207212259302447
high_auc,10000,0.9,0.9,var_a,0.08453284767546447,8.181442214080262e-05
high_auc,10000,0.9,0.9,var_b,0.08702586868696922,8.258159485074142e-05
high_auc,10000,0.9,0.9,cal_resid_a,-1.546260586571091e-06,0.00012719223921517657
high_auc,10000,0.9,0.9,cal_resid_b,2.102849163296583e-05,0.0001232904605359324
high_auc,10000,0.9,0.9,cal_score_resid_a,7.879323048673309e-07,3.265743589788185e-05
high_auc,10000,0.9,0.9,cal_score_resid_b,-2.067312528519865e-06,3.1297776721485403e-05
high_auc,10000,0.0,0.9,corr_all,0.7950498869981039,0.0002891411425003838
high_auc,10000,0.0,0.9,corr_y0,-0.0004028571682332819,0.0005130235345932884
high_auc,10000,0.0,0.9,corr_y1,0.7497735894366822,0.0006183060117462405
high_auc,10000,0.0,0.9,mean_a,0.19995354626058656,0.00013222455265699126
high_auc,10000,0.0,0.9,mean_b,0.2000225070986548,0.00012957263502732364
high_auc,10000,0.0,0.9,var_a,0.08453284767546447,8.181442214080262e-05
high_auc,10000,0.0,0.9,var_b,0.08700139132979907,8.260156493302461e-05
high_auc,10000,0.0,0.9,cal_resid_a,-1.546260586571091e-06,0.00012719223921517657
high_auc,10000,0.0,0.9,cal_resid_b,-7.050709865478632e-05,0.00012601009606238604
high_auc,10000,0.0,0.9,cal_score_resid_a,7.879323048673309e-07,3.265743589788185e-05
high_auc,10000,0.0,0.9,cal_score_resid_b,-1.387359817899678e-05,3.103858606291405e-05
high_auc,10000,0.9,0.0,corr_all,0.621607068844675,0.00042855713159925605
high_auc,10000,0.9,0.0,corr_y0,0.727906797860994,0.00025856366836670444
high_auc,10000,0.9,0.0,corr_y1,-0.0013866113597074978,0.0010021164953505084
high_auc,10000,0.9,0.0,mean_a,0.19995354626058656,0.00013222455265699126
high_auc,10000,0.9,0.0,mean_b,0.20000610903716448,0.00013436937925034257
high_auc,10000,0.9,0.0,var_a,0.08453284767546447,8.181442214080262e-05
high_auc,10000,0.9,0.0,var_b,0.08709100470826883,8.553136885746368e-05
high_auc,10000,0.9,0.0,cal_resid_a,-1.546260586571091e-06,0.00012719223921517657
high_auc,10000,0.9,0.0,cal_resid_b,-5.410903716450695e-05,0.00012337113920283944
high_auc,10000,0.9,0.0,cal_score_resid_a,7.879323048673309e-07,3.265743589788185e-05
high_auc,10000,0.9,0.0,cal_score_resid_b,-2.2421519109750314e-05,3.0445067108356084e-05
