case,threshold,primary,true_nb_a,true_nb_b,true_delta,beta_delta,mean_a,mean_b,var_a,var_b,baseline_corr_theory
beta_control,0.058823529411764705,False,0.15038318843481208,0.1505280169993555,-0.00014482856454342552,-0.00014482856454342552,0.2,0.2,0.007999999999999993,0.008799999999999995,0.05244044240850754
beta_control,0.1111111111111111,False,0.1053103763449198,0.10619677249709364,-0.0008863961521738406,-0.0008863961521738684,0.2,0.2,0.007999999999999993,0.008799999999999995,0.05244044240850754
beta_control,0.2,True,0.04472236955895437,0.0469155015575012,-0.0021931319985468364,-0.0021931319985468226,0.2,0.2,0.007999999999999993,0.008799999999999995,0.05244044240850754
beta_control,0.3333333333333333,False,0.006735408966020986,0.008055898463264493,-0.001320489497243507,-0.0013204894972434966,0.2,0.2,0.007999999999999993,0.008799999999999995,0.05244044240850754
beta_control,0.5,False,0.000195152924003115,0.00031328711069720204,-0.00011813418669408705,-0.00011813418669408444,0.2,0.2,0.007999999999999993,0.008799999999999995,0.05244044240850754
low_endpoint,0.058823529411764705,False,0.1515688848599912,0.15037221805429135,0.001196666805699853,-0.00014482856454342552,0.2,0.19999999999999998,0.007999999999999993,0.008800000000000002,0.05244044240850756
low_endpoint,0.1111111111111111,True,0.10877146174061897,0.10601199958084982,0.0027594621597691465,-0.0008863961521738406,0.2,0.19999999999999998,0.007999999999999993,0.008800000000000002,0.05244044240850756
low_endpoint,0.2,False,0.04466811880923214,0.048475056684246995,-0.0038069378750148555,-0.0021931319985468364,0.2,0.19999999999999998,0.007999999999999993,0.008800000000000002,0.05244044240850756
low_endpoint,0.3333333333333333,False,0.004425398665251153,0.006962101767354853,-0.0025367031021037,-0.0013204894972435122,0.2,0.19999999999999998,0.007999999999999993,0.008800000000000002,0.05244044240850756
low_endpoint,0.5,False,9.827569369017222e-05,0.0001647871410072784,-6.651144731710618e-05,-0.00011813418669408791,0.2,0.19999999999999998,0.007999999999999993,0.008800000000000002,0.05244044240850756
high_auc,0.1,False,0.15609451744213487,0.15984661472359088,-0.003752097281456007,-0.0012551884257410995,0.2,0.19999999999999998,0.084500999000999,0.08700099900099902,0.5358867989745673
high_auc,0.15,False,0.14347833209691727,0.137084842159454,0.006393489937463276,-0.0017180536787057554,0.2,0.19999999999999998,0.084500999000999,0.08700099900099902,0.5358867989745673
high_auc,0.2,True,0.13058951398859694,0.11419673587134035,0.01639277811725659,-0.002119147658380449,0.2,0.19999999999999998,0.084500999000999,0.08700099900099902,0.5358867989745673
high_auc,0.25,False,0.11598243336190632,0.11120516483459374,0.004777268527312584,-0.0024706256119810532,0.2,0.19999999999999998,0.084500999000999,0.08700099900099902,0.5358867989745673
high_auc,0.3,False,0.10148890420922382,0.11089320429626083,-0.009404300087037007,-0.0027795528524994506,0.2,0.19999999999999998,0.084500999000999,0.08700099900099902,0.5358867989745673
high_auc,0.4,False,0.09953323313294841,0.11011371746341685,-0.010580484330468432,-0.0032850877535024747,0.2,0.19999999999999998,0.084500999000999,0.08700099900099902,0.5358867989745673
