case,n,rho0,rho1,threshold,primary,method,true_delta,valid_reps,failed_reps,strict_wrong_rate,wrong_low,wrong_high,tie_rate,selection_error_rate,loss_low,loss_high,mean_loss,loss_mcse,bias,bias_mcse,rmse,estimate_sd
beta_control,500,-0.5,-0.5,0.2,True,beta_estimated_mean,-0.0021931319985468364,500,0,0.36,0.3191414324050707,0.40299338292416403,0.0,0.36,0.0006999192874696329,0.0008838176832936224,0.0007895275194768612,4.712547449167582e-05,0.0003579667767559573,0.00023394785969945637,0.005238244853114578,0.00523123317478568
beta_control,500,-0.5,-0.5,0.2,True,risk_only,-0.0021931319985468364,500,0,0.366,0.32494760488221347,0.40909571836148256,0.0,0.366,0.0007126529901183365,0.000897200910407072,0.0008026863114681422,4.7293305585700105e-05,0.00032848575457541723,0.00023604167902714643,0.005282993879960324,0.005278052398278859
beta_control,500,-0.5,-0.5,0.2,True,outcome_based,-0.0021931319985468364,500,0,0.412,0.369688475931219,0.4556534079900142,0.008,0.42,0.000827927838037129,0.001016978430347661,0.0009211154393896713,4.84566225829067e-05,-0.0010258680014531706,0.0007588285178081292,0.016981959373299882,0.016967921490843866
beta_control,500,-0.5,-0.5,0.2,True,beta_known_mean,-0.0021931319985468364,500,0,0.18,0.148804907912759,0.21607466998263444,0.0,0.18,0.00032634880508428706,0.0004738802728143632,0.0003947637597384306,3.7718783489771623e-05,8.114028264146003e-05,9.730925135145388e-05,0.0021752378845447612,0.0021759010086146416
beta_control,500,0.0,0.0,0.2,True,beta_estimated_mean,-0.0021931319985468364,500,0,0.342,0.3017655066658599,0.38464378491999074,0.0,0.342,0.000661811588726596,0.0008435745927501988,0.000750051143503018,4.6573673949949995e-05,0.0002305371937884364,0.00020128861684196432,0.004502353154243374,0.004500950303555413
beta_control,500,0.0,0.0,0.2,True,risk_only,-0.0021931319985468364,500,0,0.338,0.29791302434501227,0.3805572619645308,0.0,0.338,0.0006533625864749091,0.0008346123084937835,0.0007412786155088308,4.64410300266944e-05,0.00022753765235191144,0.00020584176236745227,0.004603783022620921,0.004602761732619813
beta_control,500,0.0,0.0,0.2,True,outcome_based,-0.0021931319985468364,500,0,0.418,0.3755530480719333,0.4616973437637613,0.012,0.43,0.0008494036364203273,0.0010390308482347186,0.0009430467593751397,4.8605582733188126e-05,-0.00022586800145317238,0.0006748189677821458,0.015076005948330024,0.015089410844671185
beta_control,500,0.0,0.0,0.2,True,beta_known_mean,-0.0021931319985468364,500,0,0.174,0.14328947208106416,0.20968159789986787,0.0,0.174,0.00031425272627586535,0.00045985942186063135,0.0003816049677471496,3.722023805087678e-05,3.5678790641000586e-05,0.00010067285256170853,0.002249144187088601,0.002251113418167941
beta_control,500,0.3,0.3,0.2,True,beta_estimated_mean,-0.0021931319985468364,500,0,0.3,0.2614819321406983,0.3415678040439227,0.0,0.3,0.0005734643924196179,0.0007491032807221023,0.0006579395995640509,4.499084458725314e-05,0.000151259205820813,0.00017347662893829784,0.003878125268793633,0.0038790553481354117
beta_control,500,0.3,0.3,0.2,True,risk_only,-0.0021931319985468364,500,0,0.314,0.27486785583609774,0.35596839881559983,0.0,0.314,0.0006028214900061047,0.0007806856859139738,0.0006886434475437067,4.5566049805699126e-05,0.0001421875179081362,0.0001788235152465575,0.0039971445111744,0.003998615360667726
beta_control,500,0.3,0.3,0.2,True,outcome_based,-0.0021931319985468364,500,0,0.42,0.37750935127740226,0.4637105431964461,0.012,0.432,0.0008537035044961614,0.0010434366234129357,0.0009474330233722334,4.863294170168872e-05,-0.0006488680014531746,0.0005942038610249148,0.013289359114844895,0.013286802257445475
beta_control,500,0.3,0.3,0.2,True,beta_known_mean,-0.0021931319985468364,500,0,0.136,0.10871544340723721,0.16883507644877283,0.0,0.136,0.00023842731767261964,0.00037027760863690505,0.00029826595180236975,3.365432032434247e-05,1.3288014153726047e-05,9.266431543804777e-05,0.0020700066603191298,0.00207203708407958
beta_control,500,0.6,0.6,0.2,True,beta_estimated_mean,-0.0021931319985468364,500,0,0.26,0.22348572318538285,0.3001739602361623,0.0,0.26,0.0004901336907362437,0.0006583211173244532,0.0005702143196221773,4.306426432560373e-05,6.966837400730333e-05,0.0001352177150317975,0.00302133829305634,0.0030235600257329438
beta_control,500,0.6,0.6,0.2,True,risk_only,-0.0021931319985468364,500,0,0.254,0.21782025491518664,0.2939309205918972,0.0,0.254,0.0004777085709861246,0.000644629307312419,0.0005570555276308965,4.273667898846463e-05,5.832685751376987e-05,0.00014008961404891068,0.003129908449863899,0.0031324989995507387
beta_control,500,0.6,0.6,0.2,True,outcome_based,-0.0021931319985468364,500,0,0.4,0.35797899079473766,0.44354587729757294,0.022,0.422,0.0008322198493433405,0.0010213920622955009,0.000925501703386765,4.848804156924746e-05,-0.0005528680014531722,0.000522067118436228,0.01167519366122172,0.011673775656408395
beta_control,500,0.6,0.6,0.2,True,beta_known_mean,-0.0021931319985468364,500,0,0.11,0.0854914151566031,0.14045557040340767,0.0,0.11,0.00018749395818099828,0.00030803760582586137,0.000241244519840152,3.071891304069859e-05,-8.239658299340493e-06,7.560973221544401e-05,0.0016890135769758558,0.001690685009942886
beta_control,500,0.9,0.9,0.2,True,beta_estimated_mean,-0.0021931319985468364,500,0,0.072,0.0524580314181262,0.09806840401696253,0.0,0.072,0.00011504738728386786,0.00021507695489601962,0.00015790550389537222,2.5377844675208746e-05,-8.009450059502154e-06,7.055459938088832e-05,0.0015760907165183362,0.0015776488034093088
beta_control,500,0.9,0.9,0.2,True,risk_only,-0.0021931319985468364,500,0,0.102,0.07843435210316954,0.13163462290422606,0.0,0.102,0.0001720168873827505,0.0002886921036079045,0.0002236994638517773,2.9713427600440107e-05,-9.670372885311279e-06,7.374461374882024e-05,0.0016473582720635252,0.001648979693168277
beta_control,500,0.9,0.9,0.2,True,outcome_based,-0.0021931319985468364,500,0,0.35,0.3094801731446609,0.39280712899380477,0.016,0.366,0.0007126529901183365,0.000897200910407072,0.000802686311468142,4.72933055857001e-05,-0.00036986800145317577,0.0003501861257178693,0.007831304702187201,0.007830399818824432
beta_control,500,0.9,0.9,0.2,True,beta_known_mean,-0.0021931319985468364,500,0,0.008,0.00311531518006224,0.020387035834105168,0.0,0.008,6.8322974069531974e-06,4.471146064329704e-05,1.7545055988374692e-05,8.74611791520693e-06,-2.444394135064075e-05,4.063541054976324e-05,0.0009080553754877016,0.0009086354028288271
beta_control,500,0.0,0.9,0.2,True,beta_estimated_mean,-0.0021931319985468364,500,0,0.302,0.26339155087985655,0.3436276879429182,0.0,0.302,0.0005776524383814905,0.0007536208780142808,0.0006623258635611446,4.507603230070435e-05,0.00017082936722528748,0.00016692121961980492,0.0037326487591024158,0.0037324719395705544
beta_control,500,0.0,0.9,0.2,True,risk_only,-0.0021931319985468364,500,0,0.31,0.2710389112735686,0.3518583381018213,0.0,0.31,0.0005944241091653602,0.0007716717802466158,0.0006798709195495193,4.540669486397074e-05,0.0001720655373498365,0.0001727913417742336,0.0038636994703808623,0.003863731861305855
beta_control,500,0.0,0.9,0.2,True,outcome_based,-0.0021931319985468364,500,0,0.376,0.3346400158192325,0.4192508206152326,0.034,0.41,0.000806491547705817,0.0009948865044087172,0.0008991841194042029,4.8287245569539327e-05,-0.0003538680014531753,0.0004448667157583047,0.009943868138830735,0.009947522173626462
beta_control,500,0.0,0.9,0.2,True,beta_known_mean,-0.0021931319985468364,500,0,0.106,0.08195705027297034,0.13605093001073285,0.0,0.106,0.000179742629460163,0.0002983776480385943,0.00023247199184596464,3.0222903931042064e-05,-1.2145612395871724e-05,8.09779373025161e-05,0.0018089508712112155,0.0018107217248614197
beta_control,500,0.9,0.0,0.2,True,beta_estimated_mean,-0.0021931319985468364,500,0,0.226,0.191509780865554,0.2646683577073766,0.0,0.226,0.00042000622845093916,0.0005804526442908879,0.000495647831671585,4.106191489600777e-05,5.0266440683603395e-05,0.00013296572118227427,0.002970654530033849,0.00297320391240849
beta_control,500,0.9,0.0,0.2,True,risk_only,-0.0021931319985468364,500,0,0.236,0.20088129547155886,0.27514435629214073,0.0,0.236,0.00044055919700821745,0.0006034278920038654,0.0005175791516570533,4.168858739195924e-05,4.580174211676345e-05,0.00013385065936192243,0.002990348024290819,0.0029929917316642717
beta_control,500,0.9,0.0,0.2,True,outcome_based,-0.0021931319985468364,500,0,0.39,0.3482413304011046,0.43343602450043706,0.022,0.412,0.0008107756260587684,0.000999308069309817,0.0009035703834012966,4.832276425375051e-05,-0.00024186800145317299,0.0006090965006418861,0.013608334766977492,0.013619811802925017
beta_control,500,0.9,0.0,0.2,True,beta_known_mean,-0.0021931319985468364,500,0,0.078,0.05758139347616159,0.10485354987338852,0.0,0.078,0.00012628359655348604,0.00022995767538855496,0.00017106429588665322,2.6328569325104377e-05,2.3444355511078178e-05,7.064422713586349e-05,0.0015782466362357444,0.0015796529409372604
beta_control,3000,-0.5,-0.5,0.2,True,beta_estimated_mean,-0.0021931319985468364,500,0,0.142,0.114129360445696,0.1753296673247754,0.0,0.142,0.00025030075236714153,0.00038452110370453663,0.0003114247437936508,3.426906969393399e-05,4.5785224605778776e-05,9.711960795588782e-05,0.0021699707816685856,0.002171660453374946
beta_control,3000,-0.5,-0.5,0.2,True,risk_only,-0.0021931319985468364,500,0,0.16,0.13047637235016407,0.19470817916369149,0.0,0.16,0.00028615190725545653,0.0004270207381026822,0.0003509011197674938,3.5992675669802514e-05,4.089451138292238e-05,9.914603183570053e-05,0.0022151321043710585,0.0022169726688398466
beta_control,3000,-0.5,-0.5,0.2,True,outcome_based,-0.0021931319985468364,500,0,0.36,0.3191414324050707,0.40299338292416403,0.01,0.37,0.0007211506285178928,0.0009061145585156183,0.0008114588394623294,4.7400796061970805e-05,-0.0003367013347865401,0.00032847405498530135,0.007345275691442218,0.0073449031579213755
beta_control,3000,-0.5,-0.5,0.2,True,beta_known_mean,-0.0021931319985468364,500,0,0.002,0.00035313639455927456,0.011240706705146758,0.0,0.002,7.74474726759406e-07,2.4652353561337336e-05,4.386263997093673e-06,4.386263997093673e-06,4.6035129888182826e-05,3.759387835910822e-05,0.0008410444569304618,0.0008406246754882424
beta_control,3000,0.0,0.0,0.2,True,beta_estimated_mean,-0.0021931319985468364,500,0,0.114,0.08903690099400285,0.1448490898423155,0.0,0.114,0.00019526967662139428,0.00031767317389356766,0.00025001704783433936,3.120209718749058e-05,7.633220565947583e-05,8.44684476706276e-05,0.0018884255380903243,0.0018887719094540707
beta_control,3000,0.0,0.0,0.2,True,risk_only,-0.0021931319985468364,500,0,0.116,0.09081365651103794,0.1470418369634342,0.0,0.116,0.00019916633599939858,0.00032248215776961456,0.000254403311831433,3.1439065300035346e-05,8.382210331090521e-05,8.584034418187712e-05,0.0019193592485373249,0.0019194484480265584
beta_control,3000,0.0,0.0,0.2,True,outcome_based,-0.0021931319985468364,500,0,0.344,0.3036929655617379,0.38668582866226636,0.006,0.35,0.0006787308706393711,0.000861477883853628,0.0007675961994913926,4.682795573227488e-05,-0.00039853466811985965,0.0002836501136897621,0.006348784607529593,0.006342609360358518
beta_control,3000,0.0,0.0,0.2,True,beta_known_mean,-0.0021931319985468364,500,0,0.01,0.004278753896590496,0.023193099755730702,0.0,0.01,9.383872084519578e-06,5.0865529219781816e-05,2.1931319985468363e-05,9.76859480977207e-06,5.640277735874838e-05,4.01266399895103e-05,0.0008981340348081774,0.0008972589472520648
beta_control,3000,0.3,0.3,0.2,True,beta_estimated_mean,-0.0021931319985468364,500,0,0.078,0.05758139347616159,0.10485354987338852,0.0,0.078,0.00012628359655348604,0.00022995767538855496,0.00017106429588665322,2.6328569325104377e-05,7.667572789558392e-05,7.34670601112908e-05,0.0016429200281891172,0.001642773405159095
beta_control,3000,0.3,0.3,0.2,True,risk_only,-0.0021931319985468364,500,0,0.088,0.06620598447492893,0.11607647206539012,0.0,0.088,0.0001451984630472617,0.0002545710251650351,0.00019299561587212162,2.7813346985686213e-05,8.552047790398171e-05,7.457890547949041e-05,0.0016681601572564276,0.0016676350233967212
beta_control,3000,0.3,0.3,0.2,True,outcome_based,-0.0021931319985468364,500,0,0.33,0.2902178997291812,0.3723743760277467,0.004,0.334,0.0006449207567116599,0.0008256428517489302,0.0007325060875146433,4.630467566891072e-05,-0.00043220133478652506,0.00025841962012742117,0.005788813982770977,0.005778438373245866
beta_control,3000,0.3,0.3,0.2,True,beta_known_mean,-0.0021931319985468364,500,0,0.008,0.00311531518006224,0.020387035834105168,0.0,0.008,6.8322974069531974e-06,4.471146064329704e-05,1.7545055988374692e-05,8.74611791520693e-06,5.286097960753756e-05,3.827698277014209e-05,0.0008566754699114247,0.0008558993544762594
beta_control,3000,0.6,0.6,0.2,True,beta_estimated_mean,-0.0021931319985468364,500,0,0.038,0.024460118055830385,0.05858477253064388,0.0,0.038,5.364426759647485e-05,0.00012848413926454282,8.333901594477978e-05,1.8771277627323048e-05,6.149787094969936e-05,5.758450032920302e-05,0.0012878095171783648,0.0012876285718645697
beta_control,3000,0.6,0.6,0.2,True,risk_only,-0.0021931319985468364,500,0,0.046,0.030845108370816204,0.06807779276827323,0.0,0.046,6.764739416668189e-05,0.00014930358571054044,0.00010088407193315448,2.0566841531994658e-05,7.077923206890556e-05,5.846414659490436e-05,0.0013079066716667619,0.00130729806032719
beta_control,3000,0.6,0.6,0.2,True,outcome_based,-0.0021931319985468364,500,0,0.29,0.2519474198773656,0.33125480311648636,0.014,0.304,0.0005818424437713777,0.0007581365158784449,0.0006667121275582384,4.516020557751666e-05,-0.00047970133478652903,0.00021691511512033683,0.004869203711826278,0.0048503694275626565
beta_control,3000,0.6,0.6,0.2,True,beta_known_mean,-0.0021931319985468364,500,0,0.002,0.00035313639455927456,0.011240706705146758,0.0,0.002,7.74474726759406e-07,2.4652353561337336e-05,4.386263997093673e-06,4.386263997093671e-06,4.0479599039120645e-05,3.2194940040411754e-05,0.0007203187946159786,0.0007199007446189052
beta_control,3000,0.9,0.9,0.2,True,beta_estimated_mean,-0.0021931319985468364,500,0,0.002,0.00035313639455927456,0.011240706705146758,0.0,0.002,7.74474726759406e-07,2.4652353561337336e-05,4.386263997093673e-06,4.386263997093671e-06,2.6209068185172284e-05,2.9655553734341423e-05,0.0006629731495566395,0.0006631183406038516
beta_control,3000,0.9,0.9,0.2,True,risk_only,-0.0021931319985468364,500,0,0.002,0.00035313639455927456,0.011240706705146758,0.0,0.002,7.74474726759406e-07,2.4652353561337336e-05,4.386263997093673e-06,4.386263997093671e-06,2.3814205035122076e-05,3.0336303106663404e-05,0.0006780799865539119,0.0006783403593253743
beta_control,3000,0.9,0.9,0.2,True,outcome_based,-0.0021931319985468364,500,0,0.206,0.17285664127336728,0.24362647091802545,0.006,0.212,0.00039134138665950294,0.000548177983303966,0.00046494398369192934,4.012781733209834e-05,-0.00039753466811984683,0.00014821115937132138,0.003334567610004419,0.003314102273783296
beta_control,3000,0.9,0.9,0.2,True,beta_known_mean,-0.0021931319985468364,500,0,0.0,4.336808689942018e-19,0.007624340461552241,0.0,0.0,9.511193909487825e-22,1.6721185034045575e-05,0.0,0.0,1.642498331425819e-05,1.7335435712264807e-05,0.0003875924772393972,0.00038763212672201597
beta_control,3000,0.0,0.9,0.2,True,beta_estimated_mean,-0.0021931319985468364,500,0,0.068,0.04906650742490687,0.0935209227338743,0.0,0.068,0.00010760932749049919,0.000205103728181286,0.00014913297590118488,2.4715927417532534e-05,9.195895743535764e-05,6.752896408113042e-05,0.0015112831580475013,0.0015099935413554926
beta_control,3000,0.0,0.9,0.2,True,risk_only,-0.0021931319985468364,500,0,0.08,0.059298129409852594,0.1071063165778513,0.0,0.08,0.00013004862506271896,0.00023489829013337318,0.0001754505598837469,2.663504321782484e-05,8.946515860320793e-05,6.918056813840358e-05,0.001547964330200181,0.0015469245307952648
beta_control,3000,0.0,0.9,0.2,True,outcome_based,-0.0021931319985468364,500,0,0.244,0.208398855460222,0.2835048068560928,0.006,0.25,0.00046943660745849474,0.0006354899843319464,0.0005482829996367091,4.251235216165295e-05,-0.00046120133478651704,0.00018535466794251257,0.004166116510891208,0.004144656374663592
beta_control,3000,0.0,0.9,0.2,True,beta_known_mean,-0.0021931319985468364,500,0,0.0,4.336808689942018e-19,0.007624340461552241,0.0,0.0,9.511193909487825e-22,1.6721185034045575e-05,0.0,0.0,6.125614483204429e-05,3.194323272024316e-05,0.0007161822418022326,0.0007142723978355923
beta_control,3000,0.9,0.0,0.2,True,beta_estimated_mean,-0.0021931319985468364,500,0,0.054,0.03737435018105752,0.07742656151064709,0.0,0.054,8.1966883306972e-05,0.00016980666958645501,0.00011842912792152916,2.2189981836782338e-05,1.0776676036220539e-05,5.853320930705602e-05,0.0013075772619797353,0.0013088423495180063
beta_control,3000,0.9,0.0,0.2,True,risk_only,-0.0021931319985468364,500,0,0.046,0.030845108370816204,0.06807779276827323,0.0,0.046,6.764739416668189e-05,0.00014930358571054044,0.00010088407193315448,2.0566841531994658e-05,1.8171149742819455e-05,5.7811432382705885e-05,0.0012915374117844682,0.00129270292684363
beta_control,3000,0.9,0.0,0.2,True,outcome_based,-0.0021931319985468364,500,0,0.322,0.2825360924255015,0.36417817277881126,0.008,0.33,0.0006364861624471246,0.0008166661595053633,0.0007237335595204561,4.616457799855097e-05,-0.0003348680014531932,0.0002667425134287259,0.005967978656552317,0.005964543925157817
beta_control,3000,0.9,0.0,0.2,True,beta_known_mean,-0.0021931319985468364,500,0,0.0,4.336808689942018e-19,0.007624340461552241,0.0,0.0,9.511193909487825e-22,1.6721185034045575e-05,0.0,0.0,1.158740013256429e-05,3.0425587087549332e-05,0.0006797549016397267,0.0006803368098310015
beta_control,10000,-0.5,-0.5,0.2,True,beta_estimated_mean,-0.0021931319985468364,500,0,0.04,0.026040797389777257,0.060973595834850805,0.0,0.04,5.7110906023195434e-05,0.0001337231440918734,8.772527994187345e-05,1.9238894398525044e-05,1.5604414911633322e-05,5.361392363028392e-05,0.001197745986624317,0.0011988437777779716
beta_control,10000,-0.5,-0.5,0.2,True,risk_only,-0.0021931319985468364,500,0,0.038,0.024460118055830385,0.05858477253064388,0.0,0.038,5.364426759647485e-05,0.00012848413926454282,8.333901594477978e-05,1.8771277627323048e-05,9.188674150184179e-06,5.413168006909314e-05,0.001209245048158918,0.001210421163707628
beta_control,10000,-0.5,-0.5,0.2,True,outcome_based,-0.0021931319985468364,500,0,0.296,0.2576653952306019,0.33744533567771146,0.002,0.298,0.0005692783169361678,0.0007445837129515011,0.0006535533355669572,4.490463666375936e-05,-0.00017916800145330165,0.00017984860706419164,0.00402150673041173,0.004021537110541814
beta_control,10000,-0.5,-0.5,0.2,True,beta_known_mean,-0.0021931319985468364,500,0,0.0,4.336808689942018e-19,0.007624340461552241,0.0,0.0,9.511193909487825e-22,1.6721185034045575e-05,0.0,0.0,-8.622665857865627e-06,2.1394970033383705e-05,0.0004780052060265248,0.00047840607371216914
beta_control,10000,0.0,0.0,0.2,True,beta_estimated_mean,-0.0021931319985468364,500,0,0.022,0.012328008269927582,0.03896086121131637,0.0,0.022,2.7036949415128204e-05,8.544631141348018e-05,4.8248903968030404e-05,1.4401086747359702e-05,1.2717345488246837e-05,4.643119669979522e-05,0.0010372723308451016,0.0010382331209740601
beta_control,10000,0.0,0.0,0.2,True,risk_only,-0.0021931319985468364,500,0,0.026,0.015256383923327248,0.04397149083422428,0.0,0.026,3.3459263764364516e-05,9.64352835723462e-05,5.7021431962217747e-05,1.5623583436310033e-05,1.4203395565284729e-05,4.7442189777192656e-05,0.0010598734172071259,0.001060839613432484
beta_control,10000,0.0,0.0,0.2,True,outcome_based,-0.0021931319985468364,500,0,0.226,0.191509780865554,0.2646683577073766,0.01,0.236,0.00044055919700821745,0.0006034278920038654,0.0005175791516570533,4.168858739195924e-05,-0.0001876180014533022,0.00015262416140405662,0.0034145239348949957,0.0034127799990837037
beta_control,10000,0.0,0.0,0.2,True,beta_known_mean,-0.0021931319985468364,500,0,0.0,4.336808689942018e-19,0.007624340461552241,0.0,0.0,9.511193909487825e-22,1.6721185034045575e-05,0.0,0.0,-1.1182656394200269e-05,2.1638179110141742e-05,0.0004834896468489428,0.0004838443939959285
beta_control,10000,0.3,0.3,0.2,True,beta_estimated_mean,-0.0021931319985468364,500,0,0.01,0.004278753896590496,0.023193099755730702,0.0,0.01,9.383872084519578e-06,5.0865529219781816e-05,2.1931319985468363e-05,9.76859480977207e-06,1.0923709866507314e-05,4.004143037970899e-05,0.0008945245020215688,0.0008953536024535452
beta_control,10000,0.3,0.3,0.2,True,risk_only,-0.0021931319985468364,500,0,0.01,0.004278753896590496,0.023193099755730702,0.0,0.01,9.383872084519578e-06,5.0865529219781816e-05,2.1931319985468363e-05,9.76859480977207e-06,1.6554312005275366e-05,4.111107913647734e-05,0.0009185011367989992,0.0009192716757753669
beta_control,10000,0.3,0.3,0.2,True,outcome_based,-0.0021931319985468364,500,0,0.236,0.20088129547155886,0.27514435629214073,0.002,0.238,0.0004446772929593669,0.0006080154393067671,0.0005219654156541472,4.181002842725633e-05,-0.00017751800145328738,0.00013761508084492237,0.0030792093089527504,0.003077166754983756
beta_control,10000,0.3,0.3,0.2,True,beta_known_mean,-0.0021931319985468364,500,0,0.0,4.336808689942018e-19,0.007624340461552241,0.0,0.0,9.511193909487825e-22,1.6721185034045575e-05,0.0,0.0,-1.0858272733995409e-05,2.0088463366396378e-05,0.00044887363025451543,0.0004491916965077657
beta_control,10000,0.6,0.6,0.2,True,beta_estimated_mean,-0.0021931319985468364,500,0,0.0,4.336808689942018e-19,0.007624340461552241,0.0,0.0,9.511193909487825e-22,1.6721185034045575e-05,0.0,0.0,8.863143333356651e-06,3.131464533114646e-05,0.0006995723367924713,0.0007002167565173991
beta_control,10000,0.6,0.6,0.2,True,risk_only,-0.0021931319985468364,500,0,0.0,4.336808689942018e-19,0.007624340461552241,0.0,0.0,9.511193909487825e-22,1.6721185034045575e-05,0.0,0.0,1.5037735814355274e-05,3.219324418191267e-05,0.0007192998081506716,0.0007198628240700633
beta_control,10000,0.6,0.6,0.2,True,outcome_based,-0.0021931319985468364,500,0,0.18,0.148804907912759,0.21607466998263444,0.006,0.186,0.00033847481577054244,0.0004878711918902613,0.0004079225517297116,3.820174252700334e-05,-0.00010581800145328455,0.00011727716385266356,0.002621909627911018,0.0026223971058293685
beta_control,10000,0.6,0.6,0.2,True,beta_known_mean,-0.0021931319985468364,500,0,0.0,4.336808689942018e-19,0.007624340461552241,0.0,0.0,9.511193909487825e-22,1.6721185034045575e-05,0.0,0.0,-8.940039121445684e-06,1.6866153180991516e-05,0.00037686737552977895,0.0003771386503162135
beta_control,10000,0.9,0.9,0.2,True,beta_estimated_mean,-0.0021931319985468364,500,0,0.0,4.336808689942018e-19,0.007624340461552241,0.0,0.0,9.511193909487825e-22,1.6721185034045575e-05,0.0,0.0,4.9532459027765566e-06,1.6420364740979012e-05,0.00036683660583445053,0.000367170517761698
beta_control,10000,0.9,0.9,0.2,True,risk_only,-0.0021931319985468364,500,0,0.0,4.336808689942018e-19,0.007624340461552241,0.0,0.0,9.511193909487825e-22,1.6721185034045575e-05,0.0,0.0,4.5525250146788015e-06,1.705925842224343e-05,0.0003811021597216868,0.00038145661477872116
beta_control,10000,0.9,0.9,0.2,True,outcome_based,-0.0021931319985468364,500,0,0.114,0.08903690099400285,0.1448490898423155,0.004,0.118,0.00020306868923809015,0.0003272854477849741,0.00025878957582852667,3.167304332570231e-05,-3.4018001453269774e-05,8.52237021833047e-05,0.0019040572081540392,0.0019056599137606657
beta_control,10000,0.9,0.9,0.2,True,beta_known_mean,-0.0021931319985468364,500,0,0.0,4.336808689942018e-19,0.007624340461552241,0.0,0.0,9.511193909487825e-22,1.6721185034045575e-05,0.0,0.0,-4.705873323511175e-06,9.42336270218685e-06,0.00021055457199406307,0.00021071279578725903
beta_control,10000,0.0,0.9,0.2,True,beta_estimated_mean,-0.0021931319985468364,500,0,0.01,0.004278753896590496,0.023193099755730702,0.0,0.01,9.383872084519578e-06,5.0865529219781816e-05,2.1931319985468363e-05,9.76859480977207e-06,2.3556799268220283e-05,3.8069396695459526e-05,0.000850732111892539,0.0008512575887345336
beta_control,10000,0.0,0.9,0.2,True,risk_only,-0.0021931319985468364,500,0,0.012,0.005510995174027703,0.025930361116447292,0.0,0.012,1.2086339859997347e-05,5.686870469835522e-05,2.6317583982562038e-05,1.0690144950278198e-05,2.1217854835886132e-05,3.928934139850227e-05,0.0008779138447366808,0.0008785363815824774
beta_control,10000,0.0,0.9,0.2,True,outcome_based,-0.0021931319985468364,500,0,0.168,0.13778823297684417,0.20327432908962656,0.002,0.17,0.0003062058925514213,0.0004504949690769732,0.0003728324397529622,3.6878903973536144e-05,-8.701800145327992e-05,0.00010147350985062028,0.002268416156722017,0.002269016659414815
beta_control,10000,0.0,0.9,0.2,True,beta_known_mean,-0.0021931319985468364,500,0,0.0,4.336808689942018e-19,0.007624340461552241,0.0,0.0,9.511193909487825e-22,1.6721185034045575e-05,0.0,0.0,-3.65093418123473e-06,1.756606256818829e-05,0.0003924130984574789,0.0003927890999948355
beta_control,10000,0.9,0.0,0.2,True,beta_estimated_mean,-0.0021931319985468364,500,0,0.0,4.336808689942018e-19,0.007624340461552241,0.0,0.0,9.511193909487825e-22,1.6721185034045575e-05,0.0,0.0,-5.840318445707635e-06,3.066413694917191e-05,0.0006850098301801914,0.000685670946897114
beta_control,10000,0.9,0.0,0.2,True,risk_only,-0.0021931319985468364,500,0,0.0,4.336808689942018e-19,0.007624340461552241,0.0,0.0,9.511193909487825e-22,1.6721185034045575e-05,0.0,0.0,-2.461934255923004e-06,3.067448199415328e-05,0.000685220446337883,0.0006859022691352004
beta_control,10000,0.9,0.0,0.2,True,outcome_based,-0.0021931319985468364,500,0,0.236,0.20088129547155886,0.27514435629214073,0.004,0.24,0.0004487978389533567,0.0006126005365668287,0.0005263516796512408,4.1930198234310694e-05,-0.00013461800145329257,0.00014063607070652362,0.0031444547530242294,0.003144718141882537
beta_control,10000,0.9,0.0,0.2,True,beta_known_mean,-0.0021931319985468364,500,0,0.0,4.336808689942018e-19,0.007624340461552241,0.0,0.0,9.511193909487825e-22,1.6721185034045575e-05,0.0,0.0,-1.226353522974459e-05,1.6077193918889683e-05,0.0003593466297112265,0.00035949698490083575
low_endpoint,500,-0.5,-0.5,0.1111111111111111,True,beta_estimated_mean,0.0027594621597691465,500,0,0.548,0.50417540112498,0.591092662190711,0.0,0.548,0.0013912529412908132,0.0016310978342324739,0.0015121852635534925,6.147997282182586e-05,-0.00364624087826193,0.00029108925844715936,0.007454986101769982,0.006508953694078532
low_endpoint,500,-0.5,-0.5,0.1111111111111111,True,risk_only,0.0027594621597691465,500,0,0.358,0.317207603401289,0.40095770928979185,0.0,0.358,0.0008753223783769158,0.0011064276264528986,0.0009878874531973544,5.922201739841012e-05,3.3548319446605884e-05,0.00029330755109080903,0.006552080275275524,0.0065585562255304165
low_endpoint,500,-0.5,-0.5,0.1111111111111111,True,outcome_based,0.0027594621597691465,500,0,0.398,0.35602997790389446,0.4415253875502624,0.012,0.398,0.000982451251769242,0.0012183725995223566,0.0010982659395881202,6.046637760637204e-05,-0.0005344621597692013,0.0003459734748366946,0.007746920342963587,0.007736202081466621
low_endpoint,500,-0.5,-0.5,0.1111111111111111,True,beta_known_mean,0.0027594621597691465,500,0,0.9,0.8705780903680599,0.9233224372626984,0.0,0.9,0.002402327297494746,0.002547873326892238,0.002483515943792232,3.7059147519138844e-05,-0.003689029790290749,3.2192504659343245e-05,0.0037584681872296437,0.000719846287842702
low_endpoint,500,0.0,0.0,0.1111111111111111,True,beta_estimated_mean,0.0027594621597691465,500,0,0.55,0.5061772177351765,0.5930603482186684,0.0,0.55,0.0013967768784774479,0.0016365275893689287,0.0015177041878730306,6.145564368570685e-05,-0.003632698382745796,0.00024392054385494622,0.006548711030846896,0.005454229171683784
low_endpoint,500,0.0,0.0,0.1111111111111111,True,risk_only,0.0027594621597691465,500,0,0.318,0.27870026117642177,0.36007499875158333,0.0,0.318,0.0007690628246341141,0.000993613333733917,0.0008775089668065885,5.752808501071341e-05,3.07565367740385e-05,0.0002481938762092107,0.00554431653662046,0.00554978378802963
low_endpoint,500,0.0,0.0,0.1111111111111111,True,outcome_based,0.0027594621597691465,500,0,0.36,0.3191414324050707,0.40299338292416403,0.006,0.36,0.0008806587063363155,0.0011120449908165885,0.0009934063775168928,5.929463603062216e-05,-0.0003699621597692062,0.0003407279274451652,0.00762027143543187,0.007618908076000056
low_endpoint,500,0.0,0.0,0.1111111111111111,True,beta_known_mean,0.0027594621597691465,500,0,0.856,0.8225095437017246,0.8840619258896502,0.0,0.856,0.0022696839618938963,0.002439535431385125,0.0023620996087623898,4.3370287250283645e-05,-0.003661622089705245,3.456381588986504e-05,0.0037421398096387027,0.0007728704189152563
low_endpoint,500,0.3,0.3,0.1111111111111111,True,beta_estimated_mean,0.0027594621597691465,500,0,0.562,0.5182029258694332,0.6048516559133346,0.0,0.562,0.0014299613650183571,0.0016690652567665548,0.0015508177337902604,6.128855515751864e-05,-0.003624961981468408,0.0002072932292690736,0.005880698966499724,0.004635217519210977
low_endpoint,500,0.3,0.3,0.1111111111111111,True,risk_only,0.0027594621597691465,500,0,0.27,0.2329485392031058,0.3105586574092084,0.0,0.27,0.00064281267910447,0.0008569748635094207,0.0007450547831376696,5.484253010676291e-05,3.1752324603772196e-05,0.00021330755964248915,0.004765035739156018,0.004769702034751965
low_endpoint,500,0.3,0.3,0.1111111111111111,True,outcome_based,0.0027594621597691465,500,0,0.36,0.3191414324050707,0.40299338292416403,0.01,0.36,0.0008806587063363155,0.0011120449908165885,0.0009934063775168928,5.9294636030622164e-05,-0.0003829621597692014,0.0003133930054288058,0.007011136339126001,0.007007680638117704
low_endpoint,500,0.3,0.3,0.1111111111111111,True,beta_known_mean,0.0027594621597691465,500,0,0.876,0.8442125871122163,0.9020539088606966,0.0,0.876,0.002329572688936975,0.0024891836275729388,0.002417288851957772,4.0713371292782274e-05,-0.003640959119941871,3.325921518544028e-05,0.0037159877334389632,0.0007436986603293774
low_endpoint,500,0.6,0.6,0.1111111111111111,True,beta_estimated_mean,0.0027594621597691465,500,0,0.592,0.5483795122858897,0.6342176090691847,0.0,0.592,0.0015132325133455724,0.0017500994932856766,0.0016336015985833347,6.071068109210668e-05,-0.0036112399801428267,0.00015848582442225178,0.005057154803744846,0.003543850768782513
low_endpoint,500,0.6,0.6,0.1111111111111111,True,risk_only,0.0027594621597691465,500,0,0.224,0.1896389712599083,0.26256966467486853,0.0,0.224,0.0005233015652092657,0.0007245510539735733,0.0006181195237882889,5.150258647551042e-05,3.75820785638103e-05,0.00016440155745750938,0.00367264490357591,0.003676130580818285
low_endpoint,500,0.6,0.6,0.1111111111111111,True,outcome_based,0.0027594621597691465,500,0,0.33,0.2902178997291812,0.3723743760277467,0.018,0.33,0.000800845312390352,0.0010275529999162142,0.0009106225127238183,5.808560825026519e-05,-0.00014246215976921006,0.0002757329856196287,0.006161055629270409,0.006165576994844618
low_endpoint,500,0.6,0.6,0.1111111111111111,True,beta_known_mean,0.0027594621597691465,500,0,0.902,0.8727939491335183,0.9250760811353939,0.0,0.902,0.002408441875909421,0.002552712440800652,0.00248903486811177,3.672742468369208e-05,-0.0036246712673032202,2.870321341871854e-05,0.0036809448721535102,0.0006418233637693879
low_endpoint,500,0.9,0.9,0.1111111111111111,True,beta_estimated_mean,0.0027594621597691465,500,0,0.678,0.6358218272211889,0.7174639075744986,0.0,0.678,0.0017545262725721469,0.0019798145039519374,0.0018709153443234813,5.7718754765131524e-05,-0.003613116351584437,8.210823289973538e-05,0.004052005548260702,0.0018359959027619299
low_endpoint,500,0.9,0.9,0.1111111111111111,True,risk_only,0.0027594621597691465,500,0,0.07,0.0507597429450181,0.09579718985191686,0.0,0.07,0.00014006958989638634,0.00026434872040858546,0.00019316235118384026,3.1518436404821276e-05,4.1906476338604365e-05,8.547398249665954e-05,0.001909803967163884,0.0019112563517015794
low_endpoint,500,0.9,0.9,0.1111111111111111,True,outcome_based,0.0027594621597691465,500,0,0.284,0.2462377719556586,0.32505594312373204,0.022,0.284,0.0006794838140175043,0.0008969795748580105,0.0007836872533744377,5.5704444972880625e-05,-0.0001144621597692033,0.00020415265517064642,0.004561861087979142,0.004564992147486393
low_endpoint,500,0.9,0.9,0.1111111111111111,True,beta_known_mean,0.0027594621597691465,500,0,0.99,0.9768069002442693,0.9957212461034096,0.0,0.99,0.0026954616786254567,0.0027476551003005408,0.002731867538171455,1.2291128737141371e-05,-0.003624842402479234,1.68750169007592e-05,0.0036443903158575757,0.000377336849115554
low_endpoint,500,0.0,0.9,0.1111111111111111,True,beta_estimated_mean,0.0027594621597691465,500,0,0.55,0.5061772177351765,0.5930603482186684,0.0,0.55,0.0013967768784774479,0.0016365275893689287,0.0015177041878730306,6.145564368570685e-05,-0.003559221792912843,0.00021819726146708106,0.006035351868955185,0.004879039091446887
low_endpoint,500,0.0,0.9,0.1111111111111111,True,risk_only,0.0027594621597691465,500,0,0.286,0.24814005321609287,0.3271231645014515,0.0,0.286,0.0006847330871729106,0.0009026839940256932,0.0007892061776939759,5.58221157122305e-05,0.00010142018317258866,0.0002232350993856412,0.004987725628261401,0.004991688571902153
low_endpoint,500,0.0,0.9,0.1111111111111111,True,outcome_based,0.0027594621597691465,500,0,0.302,0.26339155087985655,0.3436276879429182,0.018,0.302,0.000726819017855874,0.0009482276019274434,0.0008333575722502823,5.671596854577973e-05,-0.0001339621597692147,0.00022683729812276817,0.005068931900336519,0.005072236184348951
low_endpoint,500,0.0,0.9,0.1111111111111111,True,beta_known_mean,0.0027594621597691465,500,0,0.904,0.8750130375724849,0.9268264953345811,0.0,0.904,0.0024145653664859306,0.002557542642547232,0.0024945537924313086,3.639100101245027e-05,-0.0036460758890754525,2.9845031208428765e-05,0.0037065268927832648,0.0006673551857264942
low_endpoint,500,0.9,0.0,0.1111111111111111,True,beta_estimated_mean,0.0027594621597691465,500,0,0.61,0.566563975499563,0.6517586695988955,0.0,0.61,0.001563411851479418,0.0017985033860596338,0.0016832719174591792,6.025198942697021e-05,-0.003685959569798792,0.00014104669201452249,0.004849070884714188,0.0031538999134594907
low_endpoint,500,0.9,0.0,0.1111111111111111,True,risk_only,0.0027594621597691465,500,0,0.204,0.1709982729111479,0.241515336642091,0.0,0.204,0.0004718632634841902,0.0006664524324677569,0.0005629302805929058,4.977895642897915e-05,-2.8757170059947074e-05,0.00014310574669111365,0.003196869576336268,0.0031999417757219576
low_endpoint,500,0.9,0.0,0.1111111111111111,True,outcome_based,0.0027594621597691465,500,0,0.374,0.33269999999487937,0.41722133380143184,0.016,0.374,0.0009180730605410648,0.0011513064828734632,0.0010320388477536606,5.9771910556830756e-05,-0.0003504621597692022,0.0003313064531998421,0.007409118889950938,0.007408237507391996
low_endpoint,500,0.9,0.0,0.1111111111111111,True,beta_known_mean,0.0027594621597691465,500,0,0.946,0.9225734384893529,0.9626256498189425,0.0,0.946,0.002545806493119478,0.002656329054698557,0.0026104512031416126,2.7920077425863088e-05,-0.0036398634690077377,2.4695258490012303e-05,0.0036814296289851057,0.0005522027670559632
low_endpoint,3000,-0.5,-0.5,0.1111111111111111,True,beta_estimated_mean,0.0027594621597691465,500,0,0.606,0.5625178093072173,0.6478658305149335,0.0,0.606,0.0015522466089795026,0.0017877612439133703,0.0016722340688201027,6.036130119447595e-05,-0.003657736057075826,0.00012817621416649931,0.004645123772342639,0.00286610727974864
low_endpoint,3000,-0.5,-0.5,0.1111111111111111,True,risk_only,0.0027594621597691465,500,0,0.19,0.1580273788297291,0.2266997122564333,0.0,0.19,0.00043607057208814134,0.0006255692776021814,0.0005242978103561378,4.8461123690907684e-05,-2.506128483400874e-05,0.00012783044582115774,0.002855625830625691,0.0028583756645021263
low_endpoint,3000,-0.5,-0.5,0.1111111111111111,True,outcome_based,0.0027594621597691465,500,0,0.206,0.17285664127336728,0.24362647091802545,0.0,0.206,0.0004769913606586467,0.0006722780276163896,0.0005684492049124442,4.995949405643601e-05,-5.2628826435282186e-05,0.0001531011389599837,0.003420425296661693,0.0034234455414716503
low_endpoint,3000,-0.5,-0.5,0.1111111111111111,True,beta_known_mean,0.0027594621597691465,500,0,0.998,0.9887592932948532,0.9996468636054407,0.0,0.998,0.002728443854967231,0.002758487693251123,0.0027539432354496077,5.518924319538295e-06,-0.0036607576112094894,1.3808720038843296e-05,0.0036737305265676025,0.0003087723668911715
low_endpoint,3000,0.0,0.0,0.1111111111111111,True,beta_estimated_mean,0.0027594621597691465,500,0,0.662,0.6194427380354692,0.7020869756549879,0.0,0.662,0.0017093287957526697,0.0019373824421867012,0.001826763949767175,5.843344819385211e-05,-0.003641206308711543,0.00010467541872432545,0.00432734307420524,0.0023406135184084608
low_endpoint,3000,0.0,0.0,0.1111111111111111,True,risk_only,0.0027594621597691465,500,0,0.122,0.0961592783150937,0.15360472307383977,0.0,0.122,0.00026534788982121094,0.00042386642088407955,0.00033665438349183587,4.042977677633276e-05,-6.770615694193238e-06,0.000105021176278557,0.0023460051422014867,0.0023483448923584185
low_endpoint,3000,0.0,0.0,0.1111111111111111,True,outcome_based,0.0027594621597691465,500,0,0.198,0.1654311225691935,0.2351739790695841,0.0,0.198,0.00045650092277782115,0.0006489536962048586,0.000546373507634291,4.922593223041122e-05,-2.7545493101948787e-05,0.00014204292106445815,0.003173118068245752,0.0031761762722276525
low_endpoint,3000,0.0,0.0,0.1111111111111111,True,beta_known_mean,0.0027594621597691465,500,0,0.996,0.9855342847848231,0.9989023694773173,0.0,0.996,0.002719544566018869,0.002756433289876396,0.0027484243111300702,7.797113121565255e-06,-0.0036402413860553685,1.4677543923722615e-05,0.0036549770267774715,0.0003281998595618276
low_endpoint,3000,0.3,0.3,0.1111111111111111,True,beta_estimated_mean,0.0027594621597691465,500,0,0.678,0.6358218272211889,0.7174639075744986,0.0,0.678,0.0017545262725721469,0.0019798145039519374,0.001870915344323481,5.7718754765131524e-05,-0.0036358836685922535,8.760935225618183e-05,0.004129125083393211,0.001959004671095471
low_endpoint,3000,0.3,0.3,0.1111111111111111,True,risk_only,0.0027594621597691465,500,0,0.1,0.07667756273730172,0.1294219096319401,0.0,0.1,0.00021158883287690885,0.00035713486227440075,0.00027594621597691463,3.7059147519138844e-05,3.816736359940898e-07,8.807660143849132e-05,0.001967482279064093,0.001969452680436224
low_endpoint,3000,0.3,0.3,0.1111111111111111,True,outcome_based,0.0027594621597691465,500,0,0.164,0.13412892031587176,0.1989946364742914,0.0,0.164,0.00037012368014233924,0.0005491181693478243,0.00045255179420214,4.5740323615061444e-05,-3.545493101962699e-06,0.00013335470034833802,0.002978920466698273,0.0029819017509799873
low_endpoint,3000,0.3,0.3,0.1111111111111111,True,beta_known_mean,0.0027594621597691465,500,0,0.998,0.9887592932948532,0.9996468636054407,0.0,0.998,0.002728443854967231,0.002758487693251123,0.0027539432354496077,5.518924319538294e-06,-0.0036322553247202134,1.3944897527422137e-05,0.003645588343095864,0.00031181738810584644
low_endpoint,3000,0.6,0.6,0.1111111111111111,True,beta_estimated_mean,0.0027594621597691465,500,0,0.704,0.6625546643222885,0.742334604769398,0.0,0.704,0.0018282945249759042,0.002048444251748339,0.001942661360477479,5.63905532245253e-05,-0.003636895982856015,6.642874675084928e-05,0.003927975153837352,0.001485391933950173
low_endpoint,3000,0.6,0.6,0.1111111111111111,True,risk_only,0.0027594621597691465,500,0,0.036,0.02289106098029272,0.056184326968027755,0.0,0.036,6.316701657208579e-05,0.00015503852424036979,9.934063775168928e-05,2.3012507207263314e-05,3.64305218934724e-06,6.719819875709431e-05,0.0015010984751214801,0.0015025974038640477
low_endpoint,3000,0.6,0.6,0.1111111111111111,True,outcome_based,0.0027594621597691465,500,0,0.15,0.12137595769138819,0.18396108063169836,0.01,0.15,0.0003349323623551266,0.0005076336408734125,0.000413919323965372,4.4109208271790236e-05,-5.79549310194713e-06,0.0001231954504671967,0.002751984007335842,0.0027547340176336007
low_endpoint,3000,0.6,0.6,0.1111111111111111,True,beta_known_mean,0.0027594621597691465,500,0,1.0,0.9923756595384479,1.0,0.0,1.0,0.0027384230807722966,0.0027594621597691465,0.0027594621597691465,0.0,-0.0036323870520051306,1.1800158996086603e-05,0.0036419388144213315,0.0002638595766055532
low_endpoint,3000,0.9,0.9,0.1111111111111111,True,beta_estimated_mean,0.0027594621597691465,500,0,0.874,0.8420322822801359,0.900264711054623,0.0,0.874,0.0023235562202560877,0.002484246403930737,0.0024117699276382343,4.099351504329316e-05,-0.0036441262058721146,3.4071333733750846e-05,0.0037227574242407746,0.0007618581831274862
low_endpoint,3000,0.9,0.9,0.1111111111111111,True,risk_only,0.0027594621597691465,500,0,0.0,4.336808689942018e-19,0.007624340461552241,0.0,0.0,1.1967259474053003e-21,2.103907899685024e-05,0.0,0.0,4.398563783859083e-06,3.5083010258409684e-05,0.0007837074289238354,0.0007844799579312652
low_endpoint,3000,0.9,0.9,0.1111111111111111,True,outcome_based,0.0027594621597691465,500,0,0.07,0.0507597429450181,0.09579718985191686,0.002,0.07,0.00014006958989638634,0.00026434872040858546,0.00019316235118384026,3.1518436404821276e-05,2.454506898057596e-06,8.726106568449707e-05,0.0019492660986168036,0.0019512167465960968
low_endpoint,3000,0.9,0.9,0.1111111111111111,True,beta_known_mean,0.0027594621597691465,500,0,1.0,0.9923756595384479,1.0,0.0,1.0,0.0027384230807722966,0.0027594621597691465,0.0027594621597691465,0.0,-0.0036431321643580145,6.933079199964131e-06,0.0036464225883719513,0.00015502836384509656
low_endpoint,3000,0.0,0.9,0.1111111111111111,True,beta_estimated_mean,0.0027594621597691465,500,0,0.638,0.5949717262107974,0.6789239558218143,0.0,0.638,0.0016418019646112245,0.0018734649654510763,0.0017605368579327156,5.9366137662906974e-05,-0.003598088492036987,9.28530333422242e-05,0.004153126775232637,0.0020762569447026783
low_endpoint,3000,0.0,0.9,0.1111111111111111,True,risk_only,0.0027594621597691465,500,0,0.1,0.07667756273730172,0.1294219096319401,0.0,0.1,0.00021158883287690885,0.00035713486227440075,0.00027594621597691463,3.7059147519138844e-05,4.159833456175899e-05,9.380997558528475e-05,0.002095968957206871,0.0020976548237629233
low_endpoint,3000,0.0,0.9,0.1111111111111111,True,outcome_based,0.0027594621597691465,500,0,0.126,0.09973528894537706,0.15796771771986404,0.008,0.126,0.0002752157558384101,0.00043590593951305887,0.0003476922321309125,4.099351504329317e-05,3.1121173564733375e-05,0.00010081431492530488,0.0022522362327871965,0.0022542766127805337
low_endpoint,3000,0.0,0.9,0.1111111111111111,True,beta_known_mean,0.0027594621597691465,500,0,0.996,0.9855342847848231,0.9989023694773173,0.0,0.996,0.002719544566018869,0.002756433289876396,0.0027484243111300702,7.797113121565255e-06,-0.003637596962792399,1.2481393951435235e-05,0.003648266502875986,0.00027909245329363894
low_endpoint,3000,0.9,0.0,0.1111111111111111,True,beta_estimated_mean,0.0027594621597691465,500,0,0.778,0.739530218085007,0.8122306486183701,0.0,0.778,0.002040705652811401,0.0022413197398671422,0.002146861560300396,5.133817853004179e-05,-0.0036873993617913916,5.885700899519498e-05,0.003914782709137498,0.0013160827306557257
low_endpoint,3000,0.9,0.0,0.1111111111111111,True,risk_only,0.0027594621597691465,500,0,0.022,0.012328008269927582,0.03896086121131637,0.0,0.022,3.4018672326186266e-05,0.00010751102222464502,6.070816751492122e-05,1.8119864178363713e-05,-4.3970386472092726e-05,5.8961462914411495e-05,0.0013178330680633488,0.00131841839129457
low_endpoint,3000,0.9,0.0,0.1111111111111111,True,outcome_based,0.0027594621597691465,500,0,0.184,0.1524894793781606,0.22032910379354043,0.006,0.184,0.0004207889481069318,0.0006079898246141235,0.0005077410373975229,4.7866112926988804e-05,-5.6212159768638386e-05,0.00013530094505634574,0.0030229168575637106,0.0030254211056595323
low_endpoint,3000,0.9,0.0,0.1111111111111111,True,beta_known_mean,0.0027594621597691465,500,0,1.0,0.9923756595384479,1.0,0.0,1.0,0.0027384230807722966,0.0027594621597691465,0.0027594621597691465,0.0,-0.003645761146187139,1.0290292532847567e-05,0.003653000616634651,0.00023009793611805643
low_endpoint,10000,-0.5,-0.5,0.1111111111111111,True,beta_estimated_mean,0.0027594621597691465,500,0,0.694,0.652255219632054,0.7327865362688636,0.0,0.694,0.0017998735970865668,0.0020220967180222304,0.0019150667388797876,5.6926517782743036e-05,-0.0036037075173044135,6.99785035763139e-05,0.003928142864090313,0.0015647669096035001
low_endpoint,10000,-0.5,-0.5,0.1111111111111111,True,risk_only,0.0027594621597691465,500,0,0.03,0.018263213197913384,0.04890366683594573,0.0,0.03,5.039664573543845e-05,0.00013494781810774958,8.27838647930744e-05,2.107272330446745e-05,3.741685081663218e-05,7.013750853504652e-05,0.0015671999879955944,0.001568322368568357
low_endpoint,10000,-0.5,-0.5,0.1111111111111111,True,outcome_based,0.0027594621597691465,500,0,0.058,0.0406837291117572,0.08205618785625499,0.0,0.058,0.00011226521100219243,0.0002264309453642442,0.0001600488052666105,2.8874443206846727e-05,8.513784023127527e-05,7.484840510989958e-05,0.0016741529326317745,0.0016736612183317807
low_endpoint,10000,-0.5,-0.5,0.1111111111111111,True,beta_known_mean,0.0027594621597691465,500,0,1.0,0.9923756595384479,1.0,0.0,1.0,0.0027384230807722966,0.0027594621597691465,0.0027594621597691465,0.0,-0.0036272114575554505,7.626358353712687e-06,0.0036312099178303385,0.00017053055699674954
low_endpoint,10000,0.0,0.0,0.1111111111111111,True,beta_estimated_mean,0.0027594621597691465,500,0,0.738,0.6977470833575388,0.7746237305827623,0.0,0.738,0.0019254066736144166,0.0021375448726023427,0.00203648307390963,5.4319153926157864e-05,-0.0036344204009495073,5.729258496179416e-05,0.0038531739327921045,0.0012811011458125393
low_endpoint,10000,0.0,0.0,0.1111111111111111,True,risk_only,0.0027594621597691465,500,0,0.022,0.012328008269927582,0.03896086121131637,0.0,0.022,3.4018672326186266e-05,0.00010751102222464502,6.070816751492122e-05,1.8119864178363713e-05,1.394024989432835e-06,5.8017880083446275e-05,0.0012960220189429154,0.0012973192377701704
low_endpoint,10000,0.0,0.0,0.1111111111111111,True,outcome_based,0.0027594621597691465,500,0,0.052,0.035730265115705276,0.07510114393784553,0.002,0.052,9.859631454530827e-05,0.00020723876485186077,0.0001434920323079956,2.7427107622896177e-05,5.346284023127595e-05,7.36808268292041e-05,0.0016467730663819288,0.0016475533742849066
low_endpoint,10000,0.0,0.0,0.1111111111111111,True,beta_known_mean,0.0027594621597691465,500,0,1.0,0.9923756595384479,1.0,0.0,1.0,0.0027384230807722966,0.0027594621597691465,0.0027594621597691465,0.0,-0.0036316805930301566,8.046003540794823e-06,0.003636125448620844,0.00017991410864421224
low_endpoint,10000,0.3,0.3,0.1111111111111111,True,beta_estimated_mean,0.0027594621597691465,500,0,0.788,0.7500478841824445,0.8215604957117015,0.0,0.788,0.002069728754416367,0.0022670650998776226,0.0021744561818980873,5.0489981248472074e-05,-0.0036516092522013597,4.778339759423452e-05,0.003804417619097734,0.001068469252166083
low_endpoint,10000,0.3,0.3,0.1111111111111111,True,risk_only,0.0027594621597691465,500,0,0.006,0.0020425962719602363,0.01749025210405338,0.0,0.006,5.636467120159801e-06,4.826368884595799e-05,1.6556772958614878e-05,9.539881663683336e-06,-1.4777832622856952e-05,4.8790908144281725e-05,0.0010900065093343958,0.0010909978729456205
low_endpoint,10000,0.3,0.3,0.1111111111111111,True,outcome_based,0.0027594621597691465,500,0,0.044,0.02923395562860718,0.06571944287232845,0.0,0.044,8.066999433751177e-05,0.0001813503157673005,0.00012141633502984244,2.533549854125465e-05,4.068784023126976e-05,7.200393453261378e-05,0.0016089606048138572,0.0016100569226236894
low_endpoint,10000,0.3,0.3,0.1111111111111111,True,beta_known_mean,0.0027594621597691465,500,0,1.0,0.9923756595384479,1.0,0.0,1.0,0.0027384230807722966,0.0027594621597691465,0.0027594621597691465,0.0,-0.003636833071852457,7.57063949756723e-06,0.0036407629377835688,0.0001692846454970518
low_endpoint,10000,0.6,0.6,0.1111111111111111,True,beta_estimated_mean,0.0027594621597691465,500,0,0.864,0.8311649235512272,0.8912845565927628,0.0,0.864,0.002293568155067027,0.0024594660075043513,0.002384175306040542,4.234483994091863e-05,-0.0036650263897820686,3.605584440393244e-05,0.003752483227374054,0.0008062331907334833
low_endpoint,10000,0.6,0.6,0.1111111111111111,True,risk_only,0.0027594621597691465,500,0,0.0,4.336808689942018e-19,0.007624340461552241,0.0,0.0,1.1967259474053003e-21,2.103907899685024e-05,0.0,0.0,-2.805204004231171e-05,3.731626902310469e-05,0.0008340541828437118,0.0008344171420233175
low_endpoint,10000,0.6,0.6,0.1111111111111111,True,outcome_based,0.0027594621597691465,500,0,0.034,0.02133451980853219,0.053771365501634506,0.0,0.034,5.887180010848987e-05,0.00014838004838087652,9.382171343215098e-05,2.238732437617791e-05,-3.476215976873079e-05,6.448674787352143e-05,0.0014409442018176984,0.0014419675189308394
low_endpoint,10000,0.6,0.6,0.1111111111111111,True,beta_known_mean,0.0027594621597691465,500,0,1.0,0.9923756595384479,1.0,0.0,1.0,0.0027384230807722966,0.0027594621597691465,0.0027594621597691465,0.0,-0.003643295875442301,6.3891998853439336e-06,0.0036460903652717038,0.00014286685265462896
low_endpoint,10000,0.9,0.9,0.1111111111111111,True,beta_estimated_mean,0.0027594621597691465,500,0,0.99,0.9768069002442693,0.9957212461034096,0.0,0.99,0.0026954616786254567,0.0027476551003005408,0.002731867538171455,1.2291128737141371e-05,-0.0036699403598278507,1.849217513378302e-05,0.0036931152912874853,0.000413497606509701
low_endpoint,10000,0.9,0.9,0.1111111111111111,True,risk_only,0.0027594621597691465,500,0,0.0,4.336808689942018e-19,0.007624340461552241,0.0,0.0,1.1967259474053003e-21,2.103907899685024e-05,0.0,0.0,-2.4404644973601232e-05,1.9460568470849868e-05,0.00043540066097262284,0.0004351515398160944
low_endpoint,10000,0.9,0.9,0.1111111111111111,True,outcome_based,0.0027594621597691465,500,0,0.004,0.0010976305226827934,0.014465715215177033,0.0,0.004,3.028869892750798e-06,3.991759375027782e-05,1.1037848639076587e-05,7.797113121565255e-06,-2.9387159768715613e-05,4.8133307015399785e-05,0.0010756181534514935,0.0010762934646830144
low_endpoint,10000,0.9,0.9,0.1111111111111111,True,beta_known_mean,0.0027594621597691465,500,0,1.0,0.9923756595384479,1.0,0.0,1.0,0.0027384230807722966,0.0027594621597691465,0.0027594621597691465,0.0,-0.0036489201659207827,3.7584424835276616e-06,0.0036498859155218045,8.404132882690985e-05
low_endpoint,10000,0.0,0.9,0.1111111111111111,True,beta_estimated_mean,0.0027594621597691465,500,0,0.778,0.739530218085007,0.8122306486183701,0.0,0.778,0.002040705652811401,0.0022413197398671422,0.0021468615603003963,5.133817853004179e-05,-0.0036798793334505914,5.025517159160845e-05,0.0038473078200653597,0.001123739798997528
low_endpoint,10000,0.0,0.9,0.1111111111111111,True,risk_only,0.0027594621597691465,500,0,0.014,0.00679778979084349,0.02861306913778529,0.0,0.014,1.8758243697897632e-05,7.895668156057692e-05,3.8632470236768055e-05,1.4513649991387208e-05,-4.3301011303548407e-05,5.0924741118481094e-05,0.001138396362131435,0.0011387118287750238
low_endpoint,10000,0.0,0.9,0.1111111111111111,True,outcome_based,0.0027594621597691465,500,0,0.01,0.004278753896590496,0.023193099755730702,0.0,0.01,1.1807059468606262e-05,6.400048114368991e-05,2.7594621597691465e-05,1.2291128737141371e-05,-2.273715976872695e-05,5.303667553357229e-05,0.0011849677486368173,0.0011859361179366757
low_endpoint,10000,0.0,0.9,0.1111111111111111,True,beta_known_mean,0.0027594621597691465,500,0,1.0,0.9923756595384479,1.0,0.0,1.0,0.0027384230807722966,0.0027594621597691465,0.0027594621597691465,0.0,-0.0036400427331886613,6.739036937211949e-06,0.003643154264403484,0.000150689446944879
low_endpoint,10000,0.9,0.0,0.1111111111111111,True,beta_estimated_mean,0.0027594621597691465,500,0,0.896,0.8661557291243417,0.919805793230109,0.0,0.896,0.0023901239589858756,0.0025381692807549296,0.0024724780951531555,3.77089851622401e-05,-0.0036244254534230263,3.135688138077558e-05,0.0036914907040889048,0.0007011611832981167
low_endpoint,10000,0.9,0.0,0.1111111111111111,True,risk_only,0.0027594621597691465,500,0,0.0,4.336808689942018e-19,0.007624340461552241,0.0,0.0,1.1967259474053003e-21,2.103907899685024e-05,0.0,0.0,2.0290391319376988e-05,3.173912539291479e-05,0.0007092886353613532,0.0007097084192494721
low_endpoint,10000,0.9,0.0,0.1111111111111111,True,outcome_based,0.0027594621597691465,500,0,0.042,0.027632310108451703,0.06335158575433016,0.0,0.042,7.625031413127896e-05,0.0001748163036504442,0.00011589741071030415,2.4778874149770604e-05,4.681284023128676e-05,7.296183064598388e-05,0.0016305159854738997,0.0016314761308724734
low_endpoint,10000,0.9,0.0,0.1111111111111111,True,beta_known_mean,0.0027594621597691465,500,0,1.0,0.9923756595384479,1.0,0.0,1.0,0.0027384230807722966,0.0027594621597691465,0.0027594621597691465,0.0,-0.0036406243570125158,5.730988451615237e-06,0.0036428745488913607,0.00012814879756077935
high_auc,500,-0.5,-0.5,0.2,True,beta_estimated_mean,0.01639277811725659,500,0,0.578,0.534276977868969,0.6205336250190289,0.0,0.578,0.008758283951364418,0.010172270029233843,0.00947502575177431,0.00036242857580467367,-0.01920089523886216,0.0006820190502125851,0.02451090003274757,0.015250409582251828
high_auc,500,-0.5,-0.5,0.2,True,risk_only,0.01639277811725659,500,0,0.14,0.11232266018786358,0.17316686494445405,0.0,0.14,0.001841280445999658,0.0028386859942953735,0.0022949889364159226,0.00025463349510534934,-0.000844750173527586,0.0006640432139209903,0.014857635896837001,0.014848457663247692
high_auc,500,-0.5,-0.5,0.2,True,outcome_based,0.01639277811725659,500,0,0.104,0.08019420676989107,0.1338442708756583,0.004,0.104,0.0013146058378682207,0.002194079434730655,0.0017048489241946853,0.00022401286591414507,-0.0004327781172567213,0.0005516333916629693,0.01233015396898085,0.012334897624171653
high_auc,500,-0.5,-0.5,0.2,True,beta_known_mean,0.01639277811725659,500,0,0.622,0.5787204544668169,0.6634192064605645,0.0,0.622,0.009486836001992424,0.010875283850234474,0.0101963079889336,0.00035583067135728114,-0.018998387134789744,0.00036809786602678187,0.02070147910587807,0.008230918508084948
high_auc,500,0.0,0.0,0.2,True,beta_estimated_mean,0.01639277811725659,500,0,0.588,0.5443465920099858,0.630311524068781,0.0,0.588,0.008923352901704497,0.010332556958809363,0.009638953532946875,0.00036119319445847455,-0.01897691456951442,0.0006212391361800092,0.023509708221821232,0.013891329387817496
high_auc,500,0.0,0.0,0.2,True,risk_only,0.01639277811725659,500,0,0.11,0.0854914151566031,0.14045557040340767,0.0,0.11,0.0014014417995924617,0.0023024570009557736,0.0018032055928982249,0.00022961149890345632,-0.0005875106556771433,0.000603981021828948,0.013504699665693225,0.013505426219293121
high_auc,500,0.0,0.0,0.2,True,outcome_based,0.01639277811725659,500,0,0.102,0.07843435210316954,0.13163462290422606,0.002,0.102,0.001285756930798036,0.0021578571658177202,0.0016720633679601722,0.00022209590032881024,-0.0013777781172567157,0.0005183414953595935,0.011660555198633963,0.011590468191829429
high_auc,500,0.0,0.0,0.2,True,beta_known_mean,0.01639277811725659,500,0,0.632,0.588871722496907,0.6731154516212433,0.0,0.632,0.009653243486418493,0.011034232245724005,0.010360235770106165,0.00035390340102033996,-0.01884942706383898,0.000337499332659301,0.02030122889403931,0.00754671450187012
high_auc,500,0.3,0.3,0.2,True,beta_estimated_mean,0.01639277811725659,500,0,0.594,0.5503970661272916,0.6361695578659367,0.0,0.594,0.009022536981413693,0.010428586407049526,0.009737310201650414,0.00036037821268096703,-0.019126553149415408,0.0005444671703046539,0.02266607245747819,0.01217465604318161
high_auc,500,0.3,0.3,0.2,True,risk_only,0.01639277811725659,500,0,0.082,0.06101908946846894,0.10935485915738875,0.0,0.082,0.0010002723945736398,0.0017926299422109189,0.0013442078056150404,0.0002013402272939121,-0.0006523727619284707,0.0005323388452505684,0.01190943024059916,0.01190345845044012
high_auc,500,0.3,0.3,0.2,True,outcome_based,0.01639277811725659,500,0,0.078,0.05758139347616159,0.10485354987338852,0.008,0.078,0.0009439190069371631,0.0017188409778811557,0.001278636693146014,0.00019679544841679392,-0.0009707781172567194,0.00048007997830688473,0.010768023316883318,0.010734914661308187
high_auc,500,0.3,0.3,0.2,True,beta_known_mean,0.01639277811725659,500,0,0.66,0.6173990695060175,0.700161141546286,0.0,0.66,0.010120885956212824,0.01147758623969335,0.01081923355738935,0.00034762717093372283,-0.01885822980946507,0.00029989852769818755,0.02001280729626535,0.00670593494285251
high_auc,500,0.6,0.6,0.2,True,beta_estimated_mean,0.01639277811725659,500,0,0.596,0.5524153513244502,0.6381207753069317,0.0,0.596,0.009055622282828059,0.010460572281618279,0.009770095757884928,0.00036009417835449994,-0.019038680706973066,0.00047700010652836913,0.021817616386179267,0.010666046634720747
high_auc,500,0.6,0.6,0.2,True,risk_only,0.01639277811725659,500,0,0.072,0.0524580314181262,0.09806840401696253,0.0,0.072,0.0008599328695054179,0.0016076135873635416,0.0011802800244424744,0.00018968916468801148,-0.00048280097977332326,0.0004683329921743802,0.010472901067708752,0.010472244066077913
high_auc,500,0.6,0.6,0.2,True,outcome_based,0.01639277811725659,500,0,0.046,0.030845108370816204,0.06807779276827323,0.004,0.046,0.000505637017525524,0.0011159841515628783,0.0007540677933938031,0.0001537288544557095,-0.00033577811725672436,0.00042619453958390834,0.009526384305917283,0.00952999962148844
high_auc,500,0.6,0.6,0.2,True,beta_known_mean,0.01639277811725659,500,0,0.664,0.62148722415566,0.704011992172951,0.0,0.664,0.010187902168293446,0.011540712379578969,0.010884804669858375,0.00034662187416649486,-0.018785944043619596,0.00025992271439722247,0.019662757754759556,0.005812048582884527
high_auc,500,0.9,0.9,0.2,True,beta_estimated_mean,0.01639277811725659,500,0,0.614,0.5706131270887722,0.6556485232859939,0.0,0.614,0.009353934383160178,0.010747900765134238,0.010065165763995547,0.0003572564888836249,-0.01894197142559342,0.00033338023074519794,0.02035333702948012,0.00745460858300828
high_auc,500,0.9,0.9,0.2,True,risk_only,0.01639277811725659,500,0,0.024,0.013781314655496986,0.041477057463900756,0.0,0.024,0.00022591403331165855,0.0006799241999624264,0.00039342667481415816,0.00011231372141641138,-0.0004455799676863197,0.00033566393941786017,0.007511392104006838,0.007505673861337065
high_auc,500,0.9,0.9,0.2,True,outcome_based,0.01639277811725659,500,0,0.012,0.005510995174027703,0.025930361116447292,0.004,0.012,9.0340521093108e-05,0.00042507065628225835,0.00019671333740707908,7.990452664378425e-05,-0.0006917781172567243,0.0003326311545389852,0.007462550231892208,0.007437858729834086
high_auc,500,0.9,0.9,0.2,True,beta_known_mean,0.01639277811725659,500,0,0.712,0.6708105507601558,0.749956728884146,0.0,0.712,0.010996448517325924,0.012293874254141362,0.011671658019486691,0.00033230626447150474,-0.01873859538552332,0.00018281506384704155,0.019178430839343594,0.004087869100729492
high_auc,500,0.0,0.9,0.2,True,beta_estimated_mean,0.01639277811725659,500,0,0.604,0.5604958406867544,0.6459182964972427,0.0,0.604,0.009188083952023163,0.010588395316355656,0.009901237982822981,0.0003588957785372397,-0.01887550020521224,0.00036027690901977523,0.020519610964446086,0.008056036592917246
high_auc,500,0.0,0.9,0.2,True,risk_only,0.01639277811725659,500,0,0.022,0.012328008269927582,0.03896086121131637,0.0,0.022,0.00020209030419662713,0.000638676753094338,0.000360641118579645,0.00010764232150789553,-0.0004818772056319012,0.000347635013640699,0.00778051456480117,0.0077733552185966955
high_auc,500,0.0,0.9,0.2,True,outcome_based,0.01639277811725659,500,0,0.036,0.02289106098029272,0.056184326968027755,0.002,0.036,0.0003752480835185287,0.0009210172056542746,0.0005901400122212372,0.00013670740989686007,-0.0005377781172567256,0.00040174837088283475,0.008990477201094449,0.008983366671438158
high_auc,500,0.0,0.9,0.2,True,beta_known_mean,0.01639277811725659,500,0,0.722,0.6811514003636959,0.7594633924713748,0.0,0.722,0.011165963770420678,0.012449714880962207,0.011835585800659259,0.0003287708348837013,-0.018788936747969758,0.0001878514900212999,0.0192518297075503,0.0042004870136225
high_auc,500,0.9,0.0,0.2,True,beta_estimated_mean,0.01639277811725659,500,0,0.59,0.5463626881245969,0.6322649305923236,0.0,0.59,0.008956402317974378,0.010364578718522598,0.009671739089181388,0.0003609277066038098,-0.019047356190675244,0.0006036178594637648,0.023336981027245136,0.013497305661938928
high_auc,500,0.9,0.0,0.2,True,risk_only,0.01639277811725659,500,0,0.112,0.08726280019410226,0.1426536880040623,0.0,0.112,0.0014304797214724136,0.0023384902550589413,0.001835991149132738,0.0002314290017094591,-0.0005512134177315608,0.0005912198727327868,0.013218349528252741,0.013220078250792857
high_auc,500,0.9,0.0,0.2,True,outcome_based,0.01639277811725659,500,0,0.088,0.06620598447492893,0.11607647206539012,0.012,0.088,0.0010853000135320444,0.001902815851201873,0.00144256447431858,0.00020789356324048207,-0.0015317781172567162,0.00048016191949994564,0.010834829172649878,0.010736746922086603
high_auc,500,0.9,0.0,0.2,True,beta_known_mean,0.01639277811725659,500,0,0.63,0.5868399352542358,0.6711777362257606,0.0,0.63,0.00961993684896791,0.011002467707191464,0.010327450213871651,0.0003543018536686692,-0.018802550510008197,0.00033089382207112896,0.02020326151150711,0.007399010794857647
high_auc,3000,-0.5,-0.5,0.2,True,beta_estimated_mean,0.01639277811725659,500,0,0.586,0.5423312223504144,0.6283573910901985,0.0,0.586,0.008890315394050892,0.010300523290479847,0.009606167976712363,0.00036145252781628775,-0.018107320485551484,0.0003135277859252978,0.01941459738875712,0.007010694421639677
high_auc,3000,-0.5,-0.5,0.2,True,risk_only,0.01639277811725659,500,0,0.002,0.00035313639455927456,0.011240706705146758,0.0,0.002,5.788886561138165e-06,0.0001842664108986292,3.278555623451318e-05,3.2785556234513173e-05,0.0004164316493609838,0.00030868842829758983,0.006908140101014369,0.006902483095409806
high_auc,3000,-0.5,-0.5,0.2,True,outcome_based,0.01639277811725659,500,0,0.004,0.0010976305226827934,0.014465715215177033,0.0,0.004,1.799321361306741e-05,0.00023713325982981976,6.557111246902636e-05,4.631929628187476e-05,9.972188274389482e-05,0.0002561514920823555,0.005722859802145293,0.005727721488341459
high_auc,3000,-0.5,-0.5,0.2,True,beta_known_mean,0.01639277811725659,500,0,0.678,0.6358218272211889,0.7174639075744986,0.0,0.678,0.010422886135745605,0.011761226644008646,0.011114303563499968,0.00034288230288626357,-0.018318883961778797,0.00017041287238722246,0.018710230960511227,0.0038105476689882637
high_auc,3000,0.0,0.0,0.2,True,beta_estimated_mean,0.01639277811725659,500,0,0.634,0.5909042816385175,0.6750523951177865,0.0,0.634,0.009686562777437114,0.0110659841306885,0.010393021326340677,0.0003534984056644491,-0.018260787417286345,0.0002603352018270631,0.019164440804186843,0.005821272082214406
high_auc,3000,0.0,0.0,0.2,True,risk_only,0.01639277811725659,500,0,0.0,4.336808689942018e-19,0.007624340461552241,0.0,0.0,7.109234259120973e-21,0.00012498412147664758,0.0,0.0,0.00024453311438738147,0.0002562902215189645,0.00573030981618845,0.005730823572848842
high_auc,3000,0.0,0.0,0.2,True,outcome_based,0.01639277811725659,500,0,0.0,4.336808689942018e-19,0.007624340461552241,0.0,0.0,7.109234259120973e-21,0.00012498412147664758,0.0,0.0,4.538854941056064e-05,0.00022512532186164892,0.005029123579862579,0.005033955231391665
high_auc,3000,0.0,0.0,0.2,True,beta_known_mean,0.01639277811725659,500,0,0.73,0.6894413425907917,0.7670514607968943,0.0,0.73,0.011301858953954334,0.01257410440136103,0.01196672802559731,0.0003257958889729221,-0.01840687777502643,0.000141473967046462,0.018676203474404046,0.0031634540736245422
high_auc,3000,0.3,0.3,0.2,True,beta_estimated_mean,0.01639277811725659,500,0,0.658,0.6153562150800094,0.6982344933341402,0.0,0.658,0.010087397896881418,0.011446003123041636,0.010786448001154835,0.00034811944911334935,-0.018395489471729285,0.00022254578902150313,0.019055388224381402,0.004976275123584073
high_auc,3000,0.3,0.3,0.2,True,risk_only,0.01639277811725659,500,0,0.0,4.336808689942018e-19,0.007624340461552241,0.0,0.0,7.109234259120973e-21,0.00012498412147664758,0.0,0.0,8.845365220798945e-05,0.00021945283328519424,0.0049030029085247,0.004907114530806229
high_auc,3000,0.3,0.3,0.2,True,outcome_based,0.01639277811725659,500,0,0.0,4.336808689942018e-19,0.007624340461552241,0.0,0.0,7.109234259120973e-21,0.00012498412147664758,0.0,0.0,-4.4478392277230715e-07,0.0002066599709088402,0.004616434082956027,0.0046210574318029584
high_auc,3000,0.3,0.3,0.2,True,beta_known_mean,0.01639277811725659,500,0,0.77,0.7311377813252322,0.8047450748255296,0.0,0.77,0.0119853794224078,0.01319200745256996,0.012622439150287575,0.0003088243730014983,-0.01848179442355916,0.00012140408898999547,0.01867970724004057,0.0027146779572806362
high_auc,3000,0.6,0.6,0.2,True,beta_estimated_mean,0.01639277811725659,500,0,0.672,0.6296734167218158,0.7117038101594103,0.0,0.672,0.01032209660665557,0.01166680264514932,0.011015946894796428,0.0003445274630030756,-0.018422534086308836,0.00019182010273810716,0.018914292033185526,0.004289227891734012
high_auc,3000,0.6,0.6,0.2,True,risk_only,0.01639277811725659,500,0,0.0,4.336808689942018e-19,0.007624340461552241,0.0,0.0,7.109234259120973e-21,0.00012498412147664758,0.0,0.0,5.0890956306855694e-05,0.00019018349525980926,0.004248682273621261,0.0042526322359944255
high_auc,3000,0.6,0.6,0.2,True,outcome_based,0.01639277811725659,500,0,0.0,4.336808689942018e-19,0.007624340461552241,0.0,0.0,7.109234259120973e-21,0.00012498412147664758,0.0,0.0,-7.4447839227752835e-06,0.00017292872848290747,0.003862942356162011,0.003866803921503852
high_auc,3000,0.6,0.6,0.2,True,beta_known_mean,0.01639277811725659,500,0,0.808,0.771179624871567,0.8401237814041169,0.0,0.808,0.01264177647906877,0.013771962739588266,0.013245364718743324,0.0002890404219117685,-0.018490510624534474,0.00010517005693805247,0.018639160197104446,0.002351673965110087
high_auc,3000,0.9,0.9,0.2,True,beta_estimated_mean,0.01639277811725659,500,0,0.762,0.7227638647789387,0.797240980819208,0.0,0.762,0.011848107666491988,0.013068994504553294,0.012491296925349522,0.0003125131180149376,-0.018427923932298945,0.0001293272829498534,0.018653000508392123,0.002891845960212217
high_auc,3000,0.9,0.9,0.2,True,risk_only,0.01639277811725659,500,0,0.0,4.336808689942018e-19,0.007624340461552241,0.0,0.0,7.109234259120973e-21,0.00012498412147664758,0.0,0.0,0.00010313476770740754,0.00013220381020679625,0.002955009754548057,0.0029561670650687694
high_auc,3000,0.9,0.9,0.2,True,outcome_based,0.01639277811725659,500,0,0.0,4.336808689942018e-19,0.007624340461552241,0.0,0.0,7.109234259120973e-21,0.00012498412147664758,0.0,0.0,-0.00010877811725611422,0.00012767040341544157,0.002854014523616921,0.0028547970075174867
high_auc,3000,0.9,0.9,0.2,True,beta_known_mean,0.01639277811725659,500,0,0.902,0.8727939491335183,0.9250760811353939,0.0,0.902,0.0143075175502299,0.015164566939633766,0.014786285861765443,0.00021818183718394786,-0.018475021052331897,7.204242294207477e-05,0.0185449795935473,0.0016109175496226958
high_auc,3000,0.0,0.9,0.2,True,beta_estimated_mean,0.01639277811725659,500,0,0.726,0.685294423777199,0.7632593743341793,0.0,0.726,0.011233879433972832,0.012511941569376291,0.011901156913128284,0.0003272999052019734,-0.01836839296978425,0.00014042159829068902,0.018634303171849727,0.003139922392871489
high_auc,3000,0.0,0.9,0.2,True,risk_only,0.01639277811725659,500,0,0.0,4.336808689942018e-19,0.007624340461552241,0.0,0.0,7.109234259120973e-21,0.00012498412147664758,0.0,0.0,0.00013182766350353125,0.00013710383100291122,0.003065503435037473,0.0030657348609815266
high_auc,3000,0.0,0.9,0.2,True,outcome_based,0.01639277811725659,500,0,0.0,4.336808689942018e-19,0.007624340461552241,0.0,0.0,7.109234259120973e-21,0.00012498412147664758,0.0,0.0,-0.00020327811725611222,0.0001545422506163374,0.0034581920563368142,0.0034556697777393917
high_auc,3000,0.0,0.9,0.2,True,beta_known_mean,0.01639277811725659,500,0,0.898,0.868365377095774,0.9215656478968306,0.0,0.898,0.01423492095143887,0.015107021186458557,0.014720714749296418,0.00022209590032881024,-0.01847078168174661,7.301844519283111e-05,0.018542661376150862,0.0016327420706251311
high_auc,3000,0.9,0.0,0.2,True,beta_estimated_mean,0.01639277811725659,500,0,0.634,0.5909042816385175,0.6750523951177865,0.0,0.634,0.009686562777437114,0.0110659841306885,0.010393021326340677,0.0003534984056644491,-0.01832044231235344,0.00025523602986136446,0.01918713570492028,0.005707251130771772
high_auc,3000,0.9,0.0,0.2,True,risk_only,0.01639277811725659,500,0,0.0,4.336808689942018e-19,0.007624340461552241,0.0,0.0,7.109234259120973e-21,0.00012498412147664758,0.0,0.0,0.00021584021859125392,0.0002539578519521008,0.005677093243329369,0.005678670203847251
high_auc,3000,0.9,0.0,0.2,True,outcome_based,0.01639277811725659,500,0,0.0,4.336808689942018e-19,0.007624340461552241,0.0,0.0,7.109234259120973e-21,0.00012498412147664758,0.0,0.0,0.00013988854941056372,0.00020804644027064604,0.004649510311806035,0.004652059829220143
high_auc,3000,0.9,0.0,0.2,True,beta_known_mean,0.01639277811725659,500,0,0.726,0.685294423777199,0.7632593743341793,0.0,0.726,0.011233879433972832,0.012511941569376291,0.011901156913128284,0.0003272999052019734,-0.018410902217415405,0.000140873267756316,0.018677904431863724,0.0031500220291565185
high_auc,10000,-0.5,-0.5,0.2,True,beta_estimated_mean,0.01639277811725659,500,0,0.716,0.674944056876268,0.7537622280443413,0.0,0.716,0.011064208165933674,0.01235625695749985,0.011737229131955719,0.00033091615456750983,-0.018562849700066542,0.0001665373554498241,0.018931957101066196,0.003723888475788518
high_auc,10000,-0.5,-0.5,0.2,True,risk_only,0.01639277811725659,500,0,0.0,4.336808689942018e-19,0.007624340461552241,0.0,0.0,7.109234259120973e-21,0.00012498412147664758,0.0,0.0,-3.554339495564393e-05,0.00016237629655775236,0.003627385851153242,0.0036308443703779937
high_auc,10000,-0.5,-0.5,0.2,True,outcome_based,0.01639277811725659,500,0,0.0,4.336808689942018e-19,0.007624340461552241,0.0,0.0,7.109234259120973e-21,0.00012498412147664758,0.0,0.0,-3.852811725863592e-05,0.00013298121816168076,0.0029708252394440838,0.002973550435402478
high_auc,10000,-0.5,-0.5,0.2,True,beta_known_mean,0.01639277811725659,500,0,0.85,0.8160389193683016,0.8786240423086119,0.0,0.85,0.01337714494025041,0.014403088974052142,0.013933861399668101,0.0002620338392999771,-0.01849266031320595,8.976466485068502e-05,0.0186010557574683,0.0020071989258361772
high_auc,10000,0.0,0.0,0.2,True,beta_estimated_mean,0.01639277811725659,500,0,0.746,0.7060690794081029,0.7821797450848135,0.0,0.746,0.011574433754192655,0.012822099008987668,0.012229012475473417,0.0003194394576297825,-0.01861957877801173,0.0001471959099033344,0.018907680058135843,0.0032914006055379027
high_auc,10000,0.0,0.0,0.2,True,risk_only,0.01639277811725659,500,0,0.0,4.336808689942018e-19,0.007624340461552241,0.0,0.0,7.109234259120973e-21,0.00012498412147664758,0.0,0.0,-0.00010022399252649971,0.0001429705901667481,0.0031952932706309526,0.0031969195839611176
high_auc,10000,0.0,0.0,0.2,True,outcome_based,0.01639277811725659,500,0,0.0,4.336808689942018e-19,0.007624340461552241,0.0,0.0,7.109234259120973e-21,0.00012498412147664758,0.0,0.0,-9.90281172586212e-05,0.00012017002973741764,0.00268622109207463,0.002687083553510371
high_auc,10000,0.0,0.0,0.2,True,beta_known_mean,0.01639277811725659,500,0,0.892,0.8617453267151934,0.9162771903629497,0.0,0.892,0.014126399934424954,0.015020328675523114,0.014622358080592878,0.00022777003718220336,-0.018539154059686938,7.793476348793416e-05,0.01862071623491983,0.001742674289693894
high_auc,10000,0.3,0.3,0.2,True,beta_estimated_mean,0.01639277811725659,500,0,0.784,0.7458371194720326,0.8178322551458059,0.0,0.784,0.012226342411118824,0.013406542695740776,0.012851938043929166,0.00030198626774000564,-0.018652039873365233,0.0001282934480770435,0.018870923046807632,0.0028687287096810896
high_auc,10000,0.3,0.3,0.2,True,risk_only,0.01639277811725659,500,0,0.0,4.336808689942018e-19,0.007624340461552241,0.0,0.0,7.109234259120973e-21,0.00012498412147664758,0.0,0.0,-0.00014285642049563496,0.0001258614117369036,0.0028151579607751335,0.002814346723878064
high_auc,10000,0.3,0.3,0.2,True,outcome_based,0.01639277811725659,500,0,0.0,4.336808689942018e-19,0.007624340461552241,0.0,0.0,7.109234259120973e-21,0.00012498412147664758,0.0,0.0,-6.982811725862337e-05,0.00010929359209736377,0.0024424322945495965,0.002443879014348392
high_auc,10000,0.3,0.3,0.2,True,beta_known_mean,0.01639277811725659,500,0,0.914,0.8861601885014425,0.9355268575963924,0.0,0.914,0.014526627346450422,0.015335884199311964,0.014982999199172523,0.00020574278356069346,-0.01856576359514787,6.824649633460949e-05,0.018628250385305405,0.0015260380503037707
high_auc,10000,0.6,0.6,0.2,True,beta_estimated_mean,0.01639277811725659,500,0,0.814,0.7775459059402153,0.8456660082499298,0.0,0.814,0.012746137512059212,0.013862815234547179,0.013343721387446864,0.00028554263462147783,-0.01859249421519528,0.00010780429862620157,0.018747802611943924,0.002410577399948739
high_auc,10000,0.6,0.6,0.2,True,risk_only,0.01639277811725659,500,0,0.0,4.336808689942018e-19,0.007624340461552241,0.0,0.0,7.109234259120973e-21,0.00012498412147664758,0.0,0.0,-9.95439375785159e-05,0.00010701426029149507,0.002392589161655387,0.0023929116057363944
high_auc,10000,0.6,0.6,0.2,True,outcome_based,0.01639277811725659,500,0,0.0,4.336808689942018e-19,0.007624340461552241,0.0,0.0,7.109234259120973e-21,0.00012498412147664758,0.0,0.0,-0.00015442811725861438,9.575766348041649e-05,0.0021446313368267186,0.002141206449087604
high_auc,10000,0.6,0.6,0.2,True,beta_known_mean,0.01639277811725659,500,0,0.956,0.9342805571276716,0.9707660443713928,0.0,0.956,0.01531545387226079,0.015913552369147106,0.0156714958800973,0.0001505073025214488,-0.01855150667938242,5.838858230956637e-05,0.018597300990215945,0.0013056083915403208
high_auc,10000,0.9,0.9,0.2,True,beta_estimated_mean,0.01639277811725659,500,0,0.904,0.8750130375724849,0.9268264953345811,0.0,0.904,0.01434389457463245,0.015193261091214338,0.014819071417999957,0.00021618328881591327,-0.01849326739927689,7.260975618755604e-05,0.018564260159545057,0.0016236035066506127
high_auc,10000,0.9,0.9,0.2,True,risk_only,0.01639277811725659,500,0,0.0,4.336808689942018e-19,0.007624340461552241,0.0,0.0,7.109234259120973e-21,0.00012498412147664758,0.0,0.0,-1.0847121601234217e-05,7.313969107819702e-05,0.0016338529466090469,0.0016354532110418344
high_auc,10000,0.9,0.9,0.2,True,outcome_based,0.01639277811725659,500,0,0.0,4.336808689942018e-19,0.007624340461552241,0.0,0.0,7.109234259120973e-21,0.00012498412147664758,0.0,0.0,-7.802811725862102e-05,7.294253630223856e-05,0.0016312800417409685,0.0016310446962305154
high_auc,10000,0.9,0.9,0.2,True,beta_known_mean,0.01639277811725659,500,0,0.998,0.9887592932948532,0.9996468636054407,0.0,0.998,0.01620851170635796,0.016386989230695453,0.016359992561022076,3.2785556234513173e-05,-0.018505907492320166,3.9985342312636764e-05,0.018527450636464833,0.0008940994351465445
high_auc,10000,0.0,0.9,0.2,True,beta_estimated_mean,0.01639277811725659,500,0,0.884,0.8529581630365658,0.9091863434889621,0.0,0.884,0.013982353909961194,0.014904089996054392,0.014491215855654825,0.00023499434690611674,-0.018523102065067115,7.887887895213684e-05,0.018606719942206945,0.0017637853532595535
high_auc,10000,0.0,0.9,0.2,True,risk_only,0.01639277811725659,500,0,0.0,4.336808689942018e-19,0.007624340461552241,0.0,0.0,7.109234259120973e-21,0.00012498412147664758,0.0,0.0,-3.6607905219586956e-06,7.621583430793097e-05,0.0017025367096233158,0.001704237864743943
high_auc,10000,0.0,0.9,0.2,True,outcome_based,0.01639277811725659,500,0,0.0,4.336808689942018e-19,0.007624340461552241,0.0,0.0,7.109234259120973e-21,0.00012498412147664758,0.0,0.0,-2.142811725863017e-05,8.937621086809037e-05,0.0019966283058468317,0.0019985128307240555
high_auc,10000,0.0,0.9,0.2,True,beta_known_mean,0.01639277811725659,500,0,0.994,0.9825097478959467,0.9979574037280398,0.0,0.994,0.016106064295299965,0.01635929428978721,0.016294421448553052,5.667233479683903e-05,-0.018485309734065203,4.090100406867159e-05,0.018507875327522193,0.0009145742544554515
high_auc,10000,0.9,0.0,0.2,True,beta_estimated_mean,0.01639277811725659,500,0,0.746,0.7060690794081029,0.7821797450848135,0.0,0.746,0.011574433754192655,0.012822099008987668,0.012229012475473417,0.0003194394576297825,-0.018589596177792295,0.00014205634630755462,0.01885849699236367,0.003176476469789434
high_auc,10000,0.9,0.0,0.2,True,risk_only,0.01639277811725659,500,0,0.0,4.336808689942018e-19,0.007624340461552241,0.0,0.0,7.109234259120973e-21,0.00012498412147664758,0.0,0.0,-0.00010741032360577568,0.0001403319630204175,0.00313661821718134,0.0031379180872964027
high_auc,10000,0.9,0.0,0.2,True,outcome_based,0.01639277811725659,500,0,0.0,4.336808689942018e-19,0.007624340461552241,0.0,0.0,7.109234259120973e-21,0.00012498412147664758,0.0,0.0,-0.00015562811725861346,0.00011003373164260027,0.0024628893069685753,0.002460429037708238
high_auc,10000,0.9,0.0,0.2,True,beta_known_mean,0.01639277811725659,500,0,0.898,0.868365377095774,0.9215656478968306,0.0,0.898,0.01423492095143887,0.015107021186458557,0.014720714749296418,0.00022209590032881024,-0.018560076216744367,7.747390575356561e-05,0.018640588241835166,0.001732369197473848
