case,model,y,grid_size,knots,tested_points,max_cdf_error
beta_control,A,0,16385,23709,84699,2.4448884666794513e-08
beta_control,A,1,16385,24110,85997,1.724981663064895e-08
beta_control,B,0,16385,24008,85616,2.3827281737942574e-08
beta_control,B,1,16385,24415,86910,1.5855096388572854e-08
low_endpoint,A,0,16385,23545,84494,3.2908905800953236e-08
low_endpoint,A,1,16385,23982,85817,2.0611093054512253e-08
low_endpoint,B,0,16385,23923,85414,3.375416590678526e-08
low_endpoint,B,1,16385,24282,86731,1.8775811003179932e-08
high_auc,A,0,65537,73976,231746,3.216179550458165e-08
high_auc,A,1,65537,87972,275606,3.204103793397195e-08
high_auc,B,0,65537,77370,241895,3.216179550458165e-08
high_auc,B,1,65537,92150,288038,3.204103793397195e-08
