scenario_id,mu,f,ratio,k,sa,sb,eps,n,threshold,true_delta,method,valid_reps,failed_reps,bias,bias_mcse,rmse,strict_wrong_rate,wrong_wilson_low,wrong_wilson_high,tie_rate,mean_regret,regret_mcse,beta_delta,endpoint_mass_A,endpoint_mass_B,reversal,AUC_A,AUC_B,decision_error_rate
3,0.2,0.05,1.1,50.0,0.1,0.5,0.5,500,0.1111111111111111,0.0027594621597691,beta_estimated_mean,500,0,-0.0042486446819892,0.0002434072443911,0.0069003824428955,0.614,0.5706131270887722,0.6556485232859939,0.0,0.0016943097660982,6.0138419208429694e-05,-0.0008863961521738,0.0015412490330286,6.224025640610975e-05,True,0.6579915324927065,0.6654994588889998,0.61399999999999
3,0.2,0.05,1.1,50.0,0.1,0.5,0.5,500,0.1111111111111111,0.0027594621597691,risk_only,500,0,-0.0006108367143412,0.0002475419196419,0.0055633034682308,0.36,0.3191414324050707,0.402993382924164,0.0,0.0009934063775168,5.929463603062216e-05,-0.0008863961521738,0.0015412490330286,6.224025640610975e-05,True,0.6579915324927065,0.6654994588889998,0.35999999999997245
3,0.2,0.05,1.1,50.0,0.1,0.5,0.5,500,0.1111111111111111,0.0027594621597691,outcome_based,500,0,-0.0001839621597692,0.0003410057467824,0.0076197123847442,0.366,0.3249476048822134,0.4090957183614825,0.016,0.0010099631504755,5.950580597091735e-05,-0.0008863961521738,0.0015412490330286,6.224025640610975e-05,True,0.6579915324927065,0.6654994588889998,0.3660000000000034
3,0.2,0.05,1.1,50.0,0.1,0.5,0.5,500,0.1111111111111111,0.0027594621597691,beta_known_mean,500,0,-0.0036649644548966,3.588009640752498e-05,0.0037515820307497,0.87,0.8376786384230859,0.8966793496353656,0.0,0.0024007320789991,4.154372862405252e-05,-0.0008863961521738,0.0015412490330286,6.224025640610975e-05,True,0.6579915324927065,0.6654994588889998,0.8699999999999938
3,0.2,0.05,1.1,50.0,0.1,0.5,0.5,3000,0.1111111111111111,0.0027594621597691,beta_estimated_mean,500,0,-0.0035734636037303,0.0001023102324908,0.0042417999221652,0.618,0.5746652808852669,0.6595353747658067,0.0,0.0017053476147373,6.0020566365484525e-05,-0.0008863961521738,0.0015412490330286,6.224025640610975e-05,True,0.6579915324927065,0.6654994588889998,0.6179999999999986
3,0.2,0.05,1.1,50.0,0.1,0.5,0.5,3000,0.1111111111111111,0.0027594621597691,risk_only,500,0,6.074090728521911e-05,0.0001026784717871,0.0022944674487818,0.12,0.0943749001263691,0.1514195986244106,0.0,0.0003311354591722,4.014265835847379e-05,-0.0008863961521738,0.0015412490330286,6.224025640610975e-05,True,0.6579915324927065,0.6654994588889998,0.11999999999996666
3,0.2,0.05,1.1,50.0,0.1,0.5,0.5,3000,0.1111111111111111,0.0027594621597691,outcome_based,500,0,0.000138704506898,0.0001375967866479,0.0030768074220625,0.178,0.1469648867073352,0.2139451885499043,0.004,0.0004911842644389,4.72519874689008e-05,-0.0008863961521738,0.0015412490330286,6.224025640610975e-05,True,0.6579915324927065,0.6654994588889998,0.17800000000000007
3,0.2,0.05,1.1,50.0,0.1,0.5,0.5,3000,0.1111111111111111,0.0027594621597691,beta_known_mean,500,0,-0.0036229648073615,1.4879275066082524e-05,0.0036381793545398,0.998,0.9887592932948532,0.9996468636054407,0.0,0.0027539432354496,5.518924319538294e-06,-0.0008863961521738,0.0015412490330286,6.224025640610975e-05,True,0.6579915324927065,0.6654994588889998,0.9980000000000138
3,0.2,0.05,1.1,50.0,0.1,0.5,0.5,10000,0.1111111111111111,0.0027594621597691,beta_estimated_mean,500,0,-0.0035602246899653,5.6111757261828505e-05,0.0037744292237689,0.75,0.7102363265170449,0.785951503252179,0.0,0.0020695966198268,5.349027199028216e-05,-0.0008863961521738,0.0015412490330286,6.224025640610975e-05,True,0.6579915324927065,0.6654994588889998,0.7499999999999909
3,0.2,0.05,1.1,50.0,0.1,0.5,0.5,10000,0.1111111111111111,0.0027594621597691,risk_only,500,0,8.431387807700475e-05,5.6617702005169846e-05,0.0012675509283769,0.02,0.0108991835962108,0.0364201832468793,0.0,5.518924319538293e-05,1.7294268842264796e-05,-0.0008863961521738,0.0015412490330286,6.224025640610975e-05,True,0.6579915324927065,0.6654994588889998,0.020000000000000337
3,0.2,0.05,1.1,50.0,0.1,0.5,0.5,10000,0.1111111111111111,0.0027594621597691,outcome_based,500,0,1.7437840231295716e-05,7.630535889170478e-05,0.0017046217962563,0.046,0.0308451083708162,0.0680777927682732,0.002,0.0001269352593493,2.587779531332926e-05,-0.0008863961521738,0.0015412490330286,6.224025640610975e-05,True,0.6579915324927065,0.6654994588889998,0.04599999999997151
3,0.2,0.05,1.1,50.0,0.1,0.5,0.5,10000,0.1111111111111111,0.0027594621597691,beta_known_mean,500,0,-0.0036517125441315,8.564054101893631e-06,0.0036567202071357,1.0,0.992375659538448,1.0,0.0,0.0027594621597691,0.0,-0.0008863961521738,0.0015412490330286,6.224025640610975e-05,True,0.6579915324927065,0.6654994588889998,1.0
